{"type":"FeatureCollection","metadata":{"name":"Natural Earth 1:50m Admin 0 Countries (simplified)","source":"Natural Earth — ne_50m_admin_0_countries","sourceUrl":"https://www.naturalearthdata.com/","license":"Public domain (Natural Earth). No attribution required.","retrieved":"2026-09-25","simplification":"Douglas-Peucker with span-adaptive tolerance (0.01-0.12 deg); coordinates rounded to 1 decimal; rings below 0.01 deg^2 discarded unless they are a feature's largest ring.","featureCount":242,"excluded":[]},"features":[{"type":"Feature","properties":{"iso3":"ZWE","iso2":"ZW","name":"Zimbabwe","continent":"Africa","subregion":"Eastern Africa"},"geometry":{"type":"Polygon","coordinates":[[[31.3,-22.4],[30.9,-22.3],[30.2,-22.3],[29.7,-22.1],[29.4,-22.2],[29,-22],[29,-21.8],[28,-21.6],[27.7,-21.1],[27.7,-20.5],[27.3,-20.5],[27.2,-20.1],[26.7,-19.9],[26.2,-19.5],[25.9,-18.9],[25.2,-18],[25.3,-17.8],[26,-18],[26.3,-17.9],[26.8,-18],[27,-18],[27.9,-16.9],[28.8,-16.5],[28.9,-16],[29.7,-15.6],[30.4,-15.6],[30.4,-16],[31.2,-16],[31.7,-16.2],[31.9,-16.4],[32.2,-16.4],[32.9,-16.7],[32.9,-16.9],[33,-17.3],[33,-18.4],[32.9,-18.7],[32.7,-18.9],[32.8,-19.1],[32.8,-19.4],[33,-20],[32.5,-20.7],[32.5,-21],[32.4,-21.1],[32.4,-21.3],[31.4,-22.3],[31.3,-22.4]]]}},{"type":"Feature","properties":{"iso3":"ZMB","iso2":"ZM","name":"Zambia","continent":"Africa","subregion":"Eastern Africa"},"geometry":{"type":"Polygon","coordinates":[[[30.4,-15.6],[29.5,-15.7],[28.9,-16],[28.8,-16.5],[27.9,-16.9],[27,-18],[26.8,-18],[26.3,-17.9],[25.9,-18],[25.6,-17.8],[25.3,-17.8],[25,-17.6],[24.7,-17.5],[24.3,-17.5],[23.4,-17.6],[22.2,-16.6],[22,-16.3],[22,-13],[24,-13],[23.9,-12.8],[24,-12.4],[24,-11.6],[24,-11.4],[24,-10.9],[24.4,-11.1],[24.4,-11.4],[25.3,-11.2],[25.3,-11.6],[25.5,-11.8],[26,-11.9],[26.8,-12],[26.9,-11.9],[27,-11.6],[27.2,-11.6],[27.6,-12.2],[28.4,-12.5],[28.6,-12.8],[28.7,-12.9],[29,-13.4],[29.2,-13.4],[29.6,-13.2],[29.7,-13.4],[29.8,-13.4],[29.8,-12.2],[29.5,-12.2],[29.5,-12.4],[29.1,-12.3],[28.5,-11.8],[28.4,-11.6],[28.6,-10.6],[28.6,-9.7],[28.4,-9.2],[28.9,-8.8],[28.9,-8.5],[30.8,-8.2],[31,-8.6],[31.4,-8.7],[31.7,-8.9],[32.4,-9.2],[32.9,-9.4],[33,-9.6],[33.2,-9.6],[33.4,-9.9],[33.3,-10],[33.5,-10.2],[33.7,-10.6],[33.3,-10.9],[33.4,-11.2],[33.2,-11.4],[33.3,-11.7],[33.3,-12.1],[33.3,-12.3],[33.5,-12.3],[33.4,-12.5],[33,-12.6],[33,-13.2],[32.7,-13.6],[33,-14],[33.1,-13.9],[33.2,-14],[30.2,-15],[30.4,-15.5],[30.4,-15.6]]]}},{"type":"Feature","properties":{"iso3":"YEM","iso2":"YE","name":"Yemen","continent":"Asia","subregion":"Western Asia"},"geometry":{"type":"MultiPolygon","coordinates":[[[[53.1,16.6],[52.3,16.3],[52.2,16],[52.2,15.7],[51.6,15.3],[49.3,14.6],[48.7,14.1],[48,14],[47.4,13.7],[46.8,13.5],[45.7,13.3],[45,12.8],[44.6,12.8],[44,12.6],[43.6,12.7],[43.5,12.7],[43.2,13.3],[43.3,13.7],[43.1,14],[42.9,14.9],[42.9,15.1],[42.7,15.2],[42.8,15.3],[42.7,15.7],[42.8,16],[42.8,16.4],[43.2,16.7],[43.2,17.4],[43.3,17.5],[43.5,17.5],[43.9,17.3],[45.1,17.4],[45.5,17.3],[46.7,17.3],[47,17],[47.1,16.9],[47.4,17.1],[47.6,17.4],[48.2,18.2],[49.2,18.6],[52,19],[53,16.8],[53.1,16.6]]],[[[42.6,15.3],[42.5,15.3],[42.6,15.4],[42.6,15.3]]],[[[42.8,13.7],[42.7,13.7],[42.7,13.8],[42.8,13.8],[42.8,13.7]]],[[[42.8,14],[42.7,14],[42.8,14.1],[42.8,14]]],[[[53.8,12.6],[54.2,12.7],[54.5,12.6],[54.1,12.4],[53.7,12.3],[53.6,12.3],[53.3,12.5],[53.4,12.7],[53.6,12.7],[53.8,12.6]]]]}},{"type":"Feature","properties":{"iso3":"VNM","iso2":"VN","name":"Vietnam","continent":"Asia","subregion":"South-Eastern Asia"},"geometry":{"type":"MultiPolygon","coordinates":[[[[104.1,10.4],[104.1,10.3],[104.1,10.2],[104,10.1],[104,10],[104,10.2],[103.8,10.4],[103.9,10.4],[104,10.4],[104.1,10.4]]],[[[108,21.5],[107.4,21.3],[107.4,21.1],[107.2,20.9],[106.7,21],[106.8,20.7],[106.6,20.5],[106.5,20.3],[106,19.9],[105.6,19],[105.9,18.5],[106.5,17.9],[106.5,17.7],[106.4,17.7],[107.8,16.3],[108,16.3],[108.8,15.4],[109.3,13.9],[109.3,13.3],[109.4,13],[109.4,12.6],[109.3,12.8],[109.2,12.6],[109.3,12.4],[109.2,12.4],[109.3,12],[109.2,12],[109.2,11.7],[109,11.6],[109,11.3],[108.1,10.9],[108,10.7],[107.3,10.4],[107,10.7],[106.9,10.4],[106.7,10.5],[106.6,10.5],[106.7,10.4],[106.8,10.3],[106.5,10.3],[106.8,10.1],[106.6,9.9],[106.1,10.2],[106.6,9.6],[106.4,9.6],[105.8,10],[106.2,9.6],[106.2,9.4],[105.5,9.1],[105.1,8.6],[104.8,8.6],[104.9,8.7],[104.8,8.8],[104.8,9.6],[104.9,9.8],[105.1,9.9],[104.8,10.2],[104.7,10.2],[104.4,10.4],[104.6,10.5],[104.9,10.5],[105,10.7],[105,10.9],[105.3,10.8],[105.4,11],[105.8,11],[105.9,10.9],[106.2,10.8],[106.2,11],[105.9,11.3],[105.9,11.6],[106,11.8],[106.4,11.7],[106.4,11.9],[106.7,12],[107.2,12.3],[107.4,12.3],[107.5,12.4],[107.5,13],[107.6,13.4],[107.3,14.1],[107.5,14.6],[107.5,15],[107.7,15.3],[107.2,15.8],[107.4,16],[106.9,16.4],[106.9,16.5],[106.7,16.5],[106.5,17],[105.7,17.7],[105.5,18.2],[105.1,18.4],[105.1,18.7],[104.7,18.8],[103.9,19.3],[104.1,19.5],[104,19.7],[104.6,19.6],[104.9,20],[104.8,20.2],[104.7,20.2],[104.6,20.4],[104.4,20.4],[104.6,20.6],[104.1,20.9],[103.6,20.7],[103.1,20.9],[102.9,21.3],[102.9,21.7],[102.8,21.8],[102.7,21.7],[102.6,21.9],[102.1,22.4],[102.5,22.8],[103,22.4],[103.3,22.8],[103.5,22.6],[103.6,22.8],[103.9,22.5],[104.1,22.8],[104.4,22.7],[104.7,22.8],[104.9,23.1],[105.3,23.3],[105.8,22.9],[106.1,23],[106.3,22.9],[106.5,22.9],[106.8,22.8],[106.6,22.5],[106.7,22],[107,21.9],[107.4,21.6],[107.8,21.7],[107.9,21.6],[108,21.5]]],[[[106.6,8.7],[106.7,8.8],[106.7,8.7],[106.6,8.7]]],[[[107.2,10.4],[107.1,10.3],[107.1,10.4],[107.2,10.4]]],[[[106.9,20.8],[106.8,20.9],[106.9,20.9],[106.9,20.8]]],[[[107.6,21.2],[107.5,21.1],[107.4,21.1],[107.5,21.3],[107.6,21.2]]],[[[107.5,20.9],[107.4,20.9],[107.5,21],[107.6,21],[107.5,20.9]]],[[[107,20.7],[106.9,20.8],[107,20.9],[107,20.8],[107.1,20.8],[107,20.8],[107,20.7]]]]}},{"type":"Feature","properties":{"iso3":"VEN","iso2":"VE","name":"Venezuela","continent":"South America","subregion":"South America"},"geometry":{"type":"MultiPolygon","coordinates":[[[[-60.8,9.1],[-60.9,9.1],[-60.9,9.2],[-60.8,9.2],[-60.7,9.2],[-60.8,9.2],[-60.8,9.1]]],[[[-63.8,11.1],[-63.8,11],[-63.9,10.9],[-64.1,10.9],[-64.2,11],[-64.2,10.9],[-64.4,11],[-64.3,11.1],[-64.2,11.1],[-64.2,11],[-64.1,11],[-64,11],[-64,11.1],[-63.9,11.2],[-63.8,11.1]]],[[[-65.2,10.9],[-65.3,10.9],[-65.4,10.9],[-65.4,11],[-65.3,11],[-65.2,10.9]]],[[[-61,8.9],[-61.1,8.8],[-61.1,8.9],[-60.9,9.1],[-60.9,9],[-60.8,9],[-60.9,8.9],[-61,8.9]]],[[[-60,8.5],[-59.8,8.2],[-60,8.1],[-60.5,7.8],[-60.7,7.5],[-60.6,7.2],[-60.3,7.2],[-60.4,7],[-60.7,6.8],[-61.1,6.7],[-61.2,6.6],[-61.1,6.2],[-61.4,5.9],[-60.7,5.2],[-60.6,4.9],[-61,4.5],[-61.3,4.5],[-61.6,4.3],[-62.2,4.1],[-62.4,4.2],[-62.7,4],[-62.8,3.7],[-62.9,3.6],[-63,3.6],[-63.3,3.9],[-64,3.9],[-64.2,4.1],[-64.6,4.1],[-64.8,4.3],[-64.7,4],[-64.2,3.6],[-64.2,3.2],[-64,2.7],[-64,2.5],[-63.4,2.4],[-63.4,2.2],[-64,1.9],[-64.2,1.5],[-65,1.2],[-65.6,0.7],[-65.5,0.8],[-65.6,1],[-66.3,0.8],[-66.9,1.2],[-67.2,2.4],[-67.6,2.8],[-67.9,2.8],[-67.3,3.4],[-67.7,3.9],[-67.9,4.5],[-67.8,5.3],[-67.5,5.9],[-67.5,6.2],[-67.9,6.3],[-68.5,6.2],[-69.4,6.1],[-70.1,7],[-70.7,7.1],[-71.1,7],[-72,7],[-72.2,7.4],[-72.5,7.5],[-72.4,8.3],[-72.7,8.6],[-72.8,9.1],[-73.1,9.3],[-73.4,9.2],[-73,9.8],[-72.9,10.5],[-72.7,10.8],[-72.4,11.1],[-72.2,11.2],[-72,11.7],[-71.3,11.9],[-72,11.6],[-71.8,11.2],[-71.6,11],[-71.7,11],[-71.6,10.7],[-72.1,9.8],[-71.8,9.3],[-71.7,9.1],[-71.2,9.2],[-71.1,9.3],[-71.1,9.7],[-71.5,10.5],[-71.5,10.8],[-71.5,11],[-70.2,11.4],[-70.1,11.5],[-69.8,11.5],[-69.8,11.7],[-70.2,11.6],[-70.3,11.9],[-70.2,12.1],[-70,12.2],[-69.9,12.1],[-69.6,11.5],[-69.2,11.5],[-68.8,11.4],[-68.4,11.2],[-68.3,10.9],[-68.3,10.7],[-68.1,10.5],[-66.2,10.6],[-65.9,10.3],[-65.1,10.1],[-64.9,10.1],[-64.2,10.5],[-63.7,10.5],[-64.2,10.5],[-64.3,10.6],[-61.9,10.7],[-62.4,10.5],[-62.9,10.5],[-62.7,10.3],[-62.7,10.1],[-62.6,10.2],[-62.3,9.8],[-62.2,9.9],[-62.2,9.8],[-62.2,10],[-62.1,10],[-61.7,9.6],[-61.8,9.8],[-61.6,9.9],[-61.3,9.6],[-61,9.6],[-60.8,9.4],[-61,9.2],[-61.2,8.6],[-61.6,8.6],[-61.3,8.4],[-60.8,8.6],[-60.2,8.6],[-60,8.5]]]]}},{"type":"Feature","properties":{"iso3":"VAT","iso2":"VA","name":"Vatican","continent":"Europe","subregion":"Southern Europe"},"geometry":{"type":"Polygon","coordinates":[[[12.4,41.9],[12.4,41.9],[12.4,41.9],[12.4,41.9],[12.4,41.9],[12.4,41.9]]]}},{"type":"Feature","properties":{"iso3":"VUT","iso2":"VU","name":"Vanuatu","continent":"Oceania","subregion":"Melanesia"},"geometry":{"type":"MultiPolygon","coordinates":[[[[166.7,-14.8],[166.8,-15.2],[166.9,-15.2],[166.9,-15.1],[167,-15.1],[167,-14.9],[167.1,-14.9],[167.1,-15],[167.1,-15.1],[167.2,-15.4],[167.2,-15.5],[167.1,-15.6],[166.9,-15.6],[166.8,-15.6],[166.7,-15.5],[166.6,-15.4],[166.6,-15.2],[166.5,-14.9],[166.5,-14.8],[166.6,-14.6],[166.7,-14.7],[166.7,-14.8]]],[[[167.4,-16.1],[167.5,-16.1],[167.5,-16.2],[167.6,-16.3],[167.7,-16.3],[167.8,-16.3],[167.8,-16.4],[167.8,-16.5],[167.6,-16.5],[167.5,-16.6],[167.4,-16.6],[167.4,-16.5],[167.4,-16.4],[167.4,-16.2],[167.3,-16.2],[167.3,-16.1],[167.2,-16.2],[167.2,-16.1],[167.2,-15.9],[167.3,-15.9],[167.4,-16.1]]],[[[168.4,-16.8],[168.5,-16.8],[168.3,-16.8],[168.2,-16.8],[168.1,-16.8],[168.1,-16.7],[168.1,-16.6],[168.2,-16.6],[168.4,-16.8]]],[[[168.3,-16.3],[168.2,-16.3],[168,-16.3],[167.9,-16.2],[168,-16.2],[168.1,-16.2],[168.2,-16.1],[168.2,-16.2],[168.3,-16.3]]],[[[168.4,-17.5],[168.5,-17.7],[168.6,-17.7],[168.5,-17.8],[168.4,-17.8],[168.3,-17.8],[168.3,-17.7],[168.2,-17.7],[168.2,-17.6],[168.3,-17.6],[168.4,-17.5]]],[[[167.9,-15.4],[167.8,-15.5],[167.7,-15.5],[167.8,-15.3],[168,-15.3],[167.9,-15.4]]],[[[168.2,-16],[168.2,-15.9],[168.1,-15.7],[168.2,-15.5],[168.3,-15.9],[168.3,-16],[168.2,-16]]],[[[168.2,-15.3],[168.2,-15.4],[168.1,-15.3],[168.1,-15],[168.2,-15.2],[168.2,-15.3]]],[[[167.2,-15.7],[167.2,-15.8],[167.1,-15.7],[167.1,-15.6],[167.2,-15.6],[167.2,-15.7]]],[[[167.6,-14.3],[167.5,-14.3],[167.4,-14.3],[167.4,-14.2],[167.5,-14.1],[167.6,-14.2],[167.6,-14.3]]],[[[167.5,-13.9],[167.4,-13.8],[167.4,-13.7],[167.5,-13.7],[167.5,-13.8],[167.6,-13.8],[167.5,-13.9]]],[[[169.9,-20.2],[169.8,-20.2],[169.7,-20.2],[169.8,-20.2],[169.9,-20.1],[169.9,-20.2]]],[[[169.5,-19.5],[169.4,-19.6],[169.3,-19.6],[169.3,-19.5],[169.2,-19.5],[169.2,-19.3],[169.3,-19.3],[169.4,-19.5],[169.5,-19.5]]],[[[169.3,-18.9],[169.3,-19],[169.2,-19],[169,-18.9],[169,-18.8],[169,-18.7],[169,-18.6],[169.1,-18.6],[169.2,-18.7],[169.3,-18.8],[169.2,-18.8],[169.3,-18.9]]]]}},{"type":"Feature","properties":{"iso3":"UZB","iso2":"UZ","name":"Uzbekistan","continent":"Asia","subregion":"Central Asia"},"geometry":{"type":"MultiPolygon","coordinates":[[[[70.9,42.2],[71,42.3],[71.2,42.2],[70.9,42],[70.2,41.5],[70.5,41.4],[70.7,41.4],[70.9,41.2],[71.4,41.1],[71.4,41.3],[71.6,41.3],[71.7,41.5],[71.9,41.2],[72.2,41.2],[72.2,41],[73.1,40.8],[72.6,40.5],[72.4,40.6],[72.4,40.4],[72.1,40.4],[71.7,40.2],[71.3,40.3],[70.6,40.2],[70.4,40.4],[70.8,40.7],[70.4,41],[70.3,40.9],[69.7,40.7],[69.4,40.8],[69.2,40.6],[69.3,40.2],[68.6,40.2],[69,40.1],[68.8,40.1],[68.9,39.9],[68.6,39.8],[68.5,39.6],[67.7,39.6],[67.4,39.5],[67.4,39.2],[67.6,39.1],[67.7,39],[68.1,38.9],[68.1,38.5],[68.4,38.2],[68.3,38],[67.8,37.5],[67.8,37.2],[66.8,37.4],[66.5,37.3],[66.5,37.8],[66.6,37.9],[66.6,38],[66,38.2],[65.6,38.2],[64.3,39],[64.2,39],[63.8,39.2],[62.5,40],[62.4,40.3],[61.9,41.1],[61.5,41.3],[61.2,41.2],[60.5,41.2],[60.1,41.4],[60.1,41.8],[60.2,41.8],[59.9,42],[60,42.2],[59.9,42.3],[59.4,42.3],[59.2,42.5],[58.9,42.6],[58.6,42.8],[58.5,42.7],[58.2,42.6],[58.5,42.3],[58,42.5],[57.8,42.2],[57.3,42.1],[57,41.9],[57,41.5],[57.1,41.4],[57,41.3],[56,41.3],[56,45],[58.6,45.6],[61,44.4],[61.2,44.2],[62,43.5],[63.2,43.6],[64.4,43.6],[64.9,43.7],[65.5,43.3],[65.8,42.9],[66.1,43],[66,42],[66.5,42],[66.7,41.2],[67.9,41.2],[68.1,41],[68,40.8],[68.4,40.6],[68.6,40.6],[68.6,40.9],[69.2,41.4],[70.1,41.8],[70.4,42.1],[70.6,42],[70.9,42.2]]],[[[71.2,39.9],[71,39.9],[71,40],[71,40.1],[71.1,40.1],[71.2,40],[71.2,39.9]]],[[[71.8,40],[71.8,39.9],[71.7,39.9],[71.7,40],[71.8,40]]]]}},{"type":"Feature","properties":{"iso3":"URY","iso2":"UY","name":"Uruguay","continent":"South America","subregion":"South America"},"geometry":{"type":"Polygon","coordinates":[[[-53.4,-33.7],[-53.8,-34.4],[-54.2,-34.7],[-54.9,-34.9],[-55.7,-34.8],[-56.2,-34.9],[-56.9,-34.7],[-57.2,-34.5],[-57.9,-34.4],[-58.4,-33.9],[-58.4,-33.7],[-58.4,-33.2],[-58.1,-33],[-58.2,-32.5],[-58.1,-32.2],[-58.2,-31.9],[-58,-31.6],[-58.1,-31.5],[-57.8,-30.9],[-57.9,-30.6],[-57.6,-30.2],[-57.2,-30.3],[-57.1,-30.1],[-56.8,-30.1],[-56,-30.8],[-56,-31.1],[-55.8,-31],[-55.6,-30.9],[-55.2,-31.3],[-54.6,-31.5],[-54.2,-31.9],[-53.8,-32.1],[-53.6,-32.4],[-53.1,-32.7],[-53.5,-33.2],[-53.5,-33.7],[-53.4,-33.7]]]}},{"type":"Feature","properties":{"iso3":"FSM","iso2":"FM","name":"Micronesia","continent":"Oceania","subregion":"Micronesia"},"geometry":{"type":"MultiPolygon","coordinates":[[[[163,5.3],[163,5.3],[162.9,5.3],[162.9,5.3],[163,5.3],[163,5.3]]],[[[138.1,9.5],[138.1,9.4],[138.1,9.6],[138.2,9.6],[138.2,9.5],[138.1,9.5]]],[[[151.6,7.3],[151.6,7.4],[151.7,7.4],[151.6,7.3]]],[[[151.9,7.4],[151.9,7.4],[151.9,7.4],[151.9,7.5],[151.9,7.5],[151.9,7.5],[151.9,7.5],[151.9,7.5],[151.9,7.4]]],[[[158.3,6.8],[158.2,6.8],[158.2,6.9],[158.1,6.9],[158.2,7],[158.3,7],[158.3,6.9],[158.3,6.8]]]]}},{"type":"Feature","properties":{"iso3":"MHL","iso2":"MH","name":"Marshall Is.","continent":"Oceania","subregion":"Micronesia"},"geometry":{"type":"MultiPolygon","coordinates":[[[[169.6,5.8],[169.6,5.9],[169.7,5.9],[169.7,6],[169.7,5.9],[169.6,5.8]]],[[[168.8,7.3],[168.8,7.3],[168.7,7.3],[168.7,7.3],[168.7,7.3],[168.8,7.3],[168.8,7.3]]],[[[171.6,7],[171.7,7],[171.8,7],[171.7,7],[171.6,7]]],[[[171.1,7.1],[171.2,7.1],[171.4,7.1],[171.3,7.1],[171.2,7.1],[171.1,7.1],[171,7.2],[171.1,7.2],[171.1,7.1]]],[[[166.9,11.2],[166.9,11.1],[166.8,11.2],[166.9,11.2],[166.9,11.2],[166.9,11.2],[166.9,11.2]]]]}},{"type":"Feature","properties":{"iso3":"MNP","iso2":"MP","name":"N. Mariana Is.","continent":"Oceania","subregion":"Micronesia"},"geometry":{"type":"MultiPolygon","coordinates":[[[[145.7,18.8],[145.7,18.7],[145.7,18.8],[145.6,18.8],[145.7,18.8]]],[[[145.7,16.3],[145.6,16.4],[145.7,16.4],[145.7,16.3]]],[[[145.3,14.2],[145.2,14.1],[145.2,14.2],[145.3,14.2]]],[[[145.8,18.1],[145.7,18.1],[145.8,18.2],[145.8,18.1]]],[[[145.8,15.1],[145.7,15.1],[145.7,15.2],[145.8,15.3],[145.8,15.2],[145.8,15.1]]],[[[145.7,15],[145.6,14.9],[145.6,15],[145.6,15.1],[145.7,15]]]]}},{"type":"Feature","properties":{"iso3":"VIR","iso2":"VI","name":"U.S. Virgin Is.","continent":"North America","subregion":"Caribbean"},"geometry":{"type":"MultiPolygon","coordinates":[[[[-64.8,18.3],[-64.9,18.3],[-65,18.4],[-64.9,18.4],[-64.8,18.3]]],[[[-64.7,18.4],[-64.7,18.3],[-64.8,18.3],[-64.8,18.4],[-64.7,18.4]]],[[[-64.8,17.8],[-64.7,17.8],[-64.6,17.8],[-64.7,17.7],[-64.9,17.7],[-64.9,17.8],[-64.8,17.8]]]]}},{"type":"Feature","properties":{"iso3":"GUM","iso2":"GU","name":"Guam","continent":"Oceania","subregion":"Micronesia"},"geometry":{"type":"Polygon","coordinates":[[[144.7,13.3],[144.6,13.4],[144.8,13.5],[144.8,13.6],[144.9,13.6],[144.8,13.4],[144.7,13.3]]]}},{"type":"Feature","properties":{"iso3":"ASM","iso2":"AS","name":"American Samoa","continent":"Oceania","subregion":"Polynesia"},"geometry":{"type":"Polygon","coordinates":[[[-170.7,-14.4],[-170.8,-14.4],[-170.8,-14.3],[-170.7,-14.3],[-170.6,-14.3],[-170.7,-14.4]]]}},{"type":"Feature","properties":{"iso3":"PRI","iso2":"PR","name":"Puerto Rico","continent":"North America","subregion":"Caribbean"},"geometry":{"type":"MultiPolygon","coordinates":[[[[-66.1,18.4],[-66.1,18.5],[-65.6,18.4],[-65.6,18.2],[-66,18],[-66.2,17.9],[-66.8,18],[-66.9,17.9],[-67.2,18],[-67.2,18.2],[-67.3,18.4],[-67.2,18.5],[-66.2,18.5],[-66.1,18.4]]],[[[-65.4,18.1],[-65.6,18.1],[-65.5,18.2],[-65.4,18.2],[-65.3,18.1],[-65.4,18.1]]],[[[-67.9,18.1],[-67.9,18.1],[-67.9,18.1],[-67.9,18.1],[-67.9,18.1],[-67.9,18.1],[-67.9,18.1],[-67.9,18.1],[-67.9,18.1],[-67.9,18.1],[-67.9,18.1],[-67.8,18.1],[-67.8,18.1],[-67.8,18.1],[-67.9,18.1],[-67.9,18.1],[-67.9,18.1],[-67.9,18.1],[-67.9,18.1]]]]}},{"type":"Feature","properties":{"iso3":"USA","iso2":"US","name":"United States of America","continent":"North America","subregion":"Northern America"},"geometry":{"type":"MultiPolygon","coordinates":[[[[-132.7,56.5],[-132.8,56.5],[-132.9,56.5],[-132.9,56.6],[-132.9,56.7],[-132.8,56.8],[-132.7,56.7],[-132.6,56.6],[-132.7,56.5]]],[[[-132.8,56.2],[-132.9,56.3],[-133,56.3],[-133,56.4],[-132.9,56.5],[-132.7,56.4],[-132.6,56.4],[-132.7,56.3],[-132.6,56.3],[-132.7,56.3],[-132.8,56.2]]],[[[-134.3,58.2],[-134.5,58.2],[-134.6,58.2],[-134.7,58.3],[-134.6,58.3],[-134.5,58.3],[-134.4,58.3],[-134.3,58.2]]],[[[-145.1,60.3],[-145.2,60.3],[-145.3,60.3],[-145.1,60.4],[-145.1,60.3]]],[[[-144.6,59.8],[-144.4,60],[-144.2,60],[-144.4,59.9],[-144.6,59.8]]],[[[-148,60.1],[-148.1,60],[-148.3,60.1],[-148.2,60.1],[-148.1,60.2],[-147.9,60.1],[-148,60.1]]],[[[-152,60.4],[-152.1,60.4],[-152,60.4],[-152,60.5],[-151.9,60.5],[-152,60.4]]],[[[-160.3,55.3],[-160.5,55.3],[-160.5,55.4],[-160.4,55.4],[-160.3,55.3]]],[[[-159.4,55],[-159.4,55],[-159.4,55],[-159.5,55],[-159.5,55.1],[-159.4,55],[-159.4,55],[-159.4,55]]],[[[-159.5,55.2],[-159.5,55.1],[-159.6,55.1],[-159.6,55.2],[-159.5,55.2]]],[[[-166.2,53.7],[-166.3,53.8],[-166.2,53.8],[-166.1,53.8],[-166.2,53.8],[-166.2,53.7]]],[[[-176,51.8],[-176.1,51.8],[-176.2,51.8],[-176.2,51.9],[-176.1,51.8],[-176,51.8]]],[[[-166.1,66.2],[-166,66.3],[-165.8,66.3],[-165.9,66.3],[-166.1,66.2]]],[[[-171.5,63.6],[-170.9,63.6],[-170.4,63.7],[-170.1,63.6],[-170,63.5],[-169.6,63.4],[-168.7,63.3],[-168.8,63.2],[-168.9,63.2],[-169.4,63.2],[-169.7,63],[-169.8,63.1],[-170.2,63.2],[-170.4,63.3],[-170.8,63.4],[-171.1,63.4],[-171.4,63.3],[-171.6,63.4],[-171.8,63.5],[-171.7,63.7],[-171.6,63.7],[-171.5,63.6]]],[[[-166.1,60.4],[-166,60.3],[-165.7,60.3],[-165.7,60.2],[-165.7,60.1],[-165.6,60],[-165.6,59.9],[-166.1,59.8],[-167.1,60],[-167.4,60.2],[-166.8,60.2],[-166.7,60.3],[-166.2,60.4],[-166.1,60.4]]],[[[-152.9,57.8],[-152.6,57.8],[-152.4,57.8],[-152.5,57.7],[-152.2,57.6],[-152.4,57.5],[-152.9,57.5],[-153,57.5],[-152.8,57.5],[-152.7,57.3],[-152.9,57.3],[-153.1,57.2],[-153.3,57.2],[-153.7,57.1],[-153.6,57],[-153.8,56.9],[-154,56.8],[-154.1,56.8],[-153.8,57],[-154,57],[-154.1,57],[-154,57.1],[-154.2,57.1],[-154.4,57.1],[-154.2,57.1],[-154.2,57],[-154.3,56.9],[-154.5,57],[-154.6,57.2],[-154.7,57.3],[-154.7,57.4],[-154.5,57.6],[-154.1,57.7],[-154,57.6],[-153.8,57.4],[-153.7,57.3],[-153.8,57.4],[-153.8,57.6],[-153.7,57.7],[-153.9,57.8],[-153.8,57.9],[-153.7,57.9],[-153.5,57.7],[-153.4,57.8],[-153.2,57.8],[-153.2,57.9],[-153.2,58],[-152.9,57.9],[-152.9,57.8]]],[[[-130,55.9],[-130,55.3],[-130.6,54.8],[-130.8,54.8],[-131,55.2],[-130.7,55.3],[-131.1,56],[-131,56.1],[-131.8,55.9],[-131.9,55.6],[-132.1,55.6],[-132.2,55.8],[-131.8,56.2],[-131.6,56.2],[-132.2,56.4],[-132.8,57.1],[-133.5,57.2],[-133.6,57.6],[-133.1,57.6],[-133.5,57.8],[-133.2,57.9],[-133.7,57.8],[-134,58.1],[-133.9,58.5],[-134.2,58.2],[-134.8,58.5],[-135.4,59.4],[-135.5,59.2],[-135.1,58.2],[-135.9,58.4],[-136,58.8],[-135.8,58.9],[-136.2,59],[-136.2,58.8],[-137,59],[-137.1,58.9],[-136.1,58.5],[-136.6,58.2],[-138.5,59.2],[-139.8,59.5],[-139.5,59.7],[-139.5,60],[-139.3,59.6],[-139.2,59.8],[-139,59.8],[-139.4,60],[-140.4,59.7],[-141.4,59.9],[-141.4,60.1],[-141.7,60],[-144.1,60],[-144.9,60.3],[-144.7,60.7],[-145.2,60.4],[-145.9,60.5],[-145.7,60.7],[-146.6,60.7],[-146.4,60.8],[-146.6,61],[-146.4,61.1],[-147.8,60.9],[-148,61],[-147.8,61.2],[-148.3,61.1],[-148.2,61],[-148.6,60.8],[-148.3,60.6],[-148.6,60.5],[-148,60.5],[-148.4,60],[-149.4,60.1],[-149.6,59.8],[-149.7,59.9],[-150.9,59.2],[-151.9,59.3],[-151,59.8],[-151.5,59.7],[-151.9,59.8],[-151.4,60.3],[-151.3,60.7],[-150.4,61],[-149.1,60.9],[-150.1,61.2],[-149.4,61.5],[-150.9,61.2],[-151.7,60.9],[-152.4,60.3],[-153,60.3],[-152.7,60],[-153.2,59.8],[-153.1,59.7],[-153.7,59.6],[-154.2,59.2],[-153.4,59],[-153.4,58.8],[-154.3,58.3],[-154.2,58.2],[-155,58],[-156.4,57.4],[-156.6,57],[-158.4,56.4],[-158.6,56.3],[-158.3,56.2],[-158.5,56.1],[-158.6,56.2],[-159.7,55.6],[-159.8,55.8],[-161.2,55.4],[-161.5,55.4],[-161.2,55.5],[-161.5,55.6],[-162.1,55.1],[-162.4,55.1],[-162.6,55.2],[-162.7,55],[-163.1,55.1],[-163.3,54.8],[-163.3,55.1],[-161.7,55.9],[-161.2,56],[-160.9,56],[-161,55.9],[-160.8,55.8],[-160.3,55.8],[-160.5,56],[-160.3,56.3],[-158.9,56.9],[-158.7,56.8],[-158.7,57],[-158.3,57.3],[-157.5,57.5],[-157.7,57.7],[-157.6,58.1],[-157.2,58.2],[-157.5,58.4],[-157,58.7],[-156.8,59.1],[-157.1,58.9],[-158.2,58.6],[-158.5,58.9],[-158.4,59],[-158.1,59],[-158.8,59],[-158.8,58.4],[-159,58.4],[-159.7,58.9],[-159.9,58.8],[-160.4,59.1],[-161.4,58.7],[-162.1,58.6],[-161.7,58.8],[-161.6,59.1],[-162,59.1],[-161.8,59.6],[-162.4,60.3],[-161.9,60.7],[-162.7,60.3],[-162.6,60],[-163.9,59.8],[-165.4,60.5],[-164.8,60.9],[-164.3,60.8],[-164.4,60.6],[-164,60.8],[-163.7,60.6],[-163.4,60.8],[-163.9,60.9],[-163.6,60.9],[-165.1,60.9],[-164.9,61.1],[-165.3,61.3],[-165.6,61.1],[-165.9,61.3],[-165.8,61.5],[-166.2,61.7],[-165.8,61.7],[-166.1,61.8],[-165.6,61.9],[-165.7,62.1],[-165.2,62.5],[-164.8,62.5],[-164.8,62.6],[-164.6,62.7],[-164.8,62.6],[-164.8,62.9],[-164.4,63],[-164.5,63.1],[-164.4,63.2],[-163.3,63],[-162.3,63.5],[-161.5,63.5],[-160.9,63.7],[-160.8,63.8],[-161,64.3],[-161.5,64.4],[-160.9,64.6],[-160.9,64.8],[-161.1,64.9],[-161.8,64.8],[-162.7,64.4],[-163.2,64.7],[-163.1,64.4],[-163.7,64.6],[-165,64.5],[-166.1,64.6],[-166.9,65.2],[-166.2,65.3],[-168.1,65.7],[-166.4,66.1],[-165.6,66.1],[-165.8,66.3],[-164.5,66.6],[-163.6,66.6],[-163.9,66.6],[-163.8,66.5],[-164,66.2],[-163.7,66.1],[-161,66.2],[-161.1,66.3],[-161.8,66.4],[-162.6,66.9],[-162.4,66.9],[-161.6,66.5],[-160.2,66.4],[-160.4,66.6],[-161.4,66.6],[-161.9,66.7],[-161.7,67],[-163.5,67.1],[-164.1,67.6],[-166.8,68.4],[-166.4,68.4],[-166.2,68.9],[-164.3,68.9],[-163.5,69.2],[-163,69.8],[-161.9,70.3],[-161.8,70.3],[-162.1,70.2],[-160.1,70.6],[-160,70.6],[-160.1,70.3],[-159.9,70.3],[-159.8,70.5],[-159.4,70.5],[-160.1,70.6],[-159.7,70.8],[-157.9,70.9],[-156.5,71.4],[-155.6,71.1],[-156.1,70.9],[-156,70.8],[-154.9,71.1],[-154.7,71],[-154.8,70.9],[-154.2,70.8],[-152.3,70.8],[-152.5,70.7],[-151.8,70.6],[-151.9,70.5],[-149.3,70.5],[-144.6,70],[-143.2,70.1],[-141,69.7],[-141,60.3],[-140,60.2],[-139.1,60.3],[-139.2,60.1],[-137.6,59.2],[-137.4,58.9],[-136.6,59.2],[-136.3,59.6],[-135.5,59.8],[-135.1,59.6],[-134.9,59.3],[-133.4,58.4],[-132.2,57.2],[-132.3,57.1],[-132,57],[-132.1,56.9],[-131.8,56.6],[-130.7,56.3],[-130,56],[-130,55.9]]],[[[-163.5,55],[-163.4,54.8],[-163.1,54.7],[-163.4,54.7],[-163.6,54.6],[-164.1,54.6],[-164.2,54.6],[-164.4,54.4],[-164.6,54.4],[-164.8,54.4],[-164.9,54.5],[-164.9,54.6],[-164.7,54.7],[-164.5,54.9],[-164.3,54.9],[-163.8,55],[-163.5,55]]],[[[-133.3,55.5],[-133.4,55.4],[-133.5,55.4],[-133.7,55.3],[-133.6,55.4],[-133.7,55.5],[-133.6,55.5],[-133.5,55.5],[-133.3,55.6],[-133.3,55.5]]],[[[-131.3,55.1],[-131.2,54.9],[-131.3,54.9],[-131.4,54.9],[-131.5,54.9],[-131.4,55],[-131.5,55],[-131.6,55],[-131.6,55.1],[-131.6,55.2],[-131.6,55.3],[-131.5,55.3],[-131.4,55.2],[-131.3,55.1]]],[[[-132.1,56.1],[-132.1,55.9],[-132.2,56],[-132.3,55.9],[-132.4,55.9],[-132.4,56],[-132.5,56.1],[-132.7,56.1],[-132.7,56.2],[-132.6,56.2],[-132.4,56.5],[-132.3,56.5],[-132.1,56.2],[-132.1,56.1]]],[[[-131,55.5],[-131,55.4],[-131.1,55.3],[-131.2,55.2],[-131.3,55.2],[-131.3,55.3],[-131.4,55.3],[-131.5,55.3],[-131.4,55.4],[-131.5,55.3],[-131.6,55.3],[-131.8,55.2],[-131.8,55.4],[-131.6,55.6],[-131.6,55.8],[-131.3,56],[-131.2,55.9],[-131.1,55.9],[-131,55.7],[-131,55.6],[-131,55.5]]],[[[-133.4,57],[-133.3,57],[-133.2,57],[-133,56.9],[-133,56.7],[-133,56.6],[-133.3,56.8],[-133.2,56.6],[-133.2,56.5],[-133.6,56.5],[-133.7,56.8],[-134,57],[-133.9,57.1],[-133.7,57.1],[-133.4,57]]],[[[-132.9,54.9],[-132.8,54.9],[-132.6,54.9],[-132.6,54.8],[-132.7,54.7],[-132.8,54.7],[-133,54.9],[-133.1,54.9],[-133.1,55],[-133.3,55.2],[-133.4,55.2],[-133.5,55.3],[-133.4,55.3],[-133.3,55.3],[-133.1,55.2],[-133,55.1],[-133,55],[-132.9,55],[-132.9,54.9]]],[[[-146.4,60.4],[-146.2,60.4],[-146.1,60.4],[-146.2,60.4],[-146.4,60.3],[-146.6,60.3],[-146.7,60.4],[-146.6,60.5],[-146.4,60.4]]],[[[-147.7,59.8],[-147.8,59.8],[-147.9,59.8],[-147.8,59.9],[-147.5,60.1],[-147.3,60.2],[-147.2,60.3],[-147.2,60.4],[-147.1,60.4],[-147,60.3],[-147.3,60.1],[-147.4,60],[-147.5,59.9],[-147.6,59.9],[-147.7,59.8]]],[[[-147.7,60.5],[-147.7,60.4],[-147.7,60.2],[-147.8,60.2],[-147.9,60.2],[-147.9,60.3],[-147.8,60.5],[-147.8,60.4],[-147.7,60.5]]],[[[-147.9,60.8],[-148.1,60.8],[-148.1,60.9],[-148,60.9],[-147.9,60.9],[-147.9,60.8]]],[[[-153,57.1],[-153.2,57.1],[-153.2,57],[-153.3,57],[-153.4,57.1],[-153.3,57.2],[-152.9,57.2],[-152.9,57.1],[-153,57.1]]],[[[-152.5,58.5],[-152.6,58.5],[-152.5,58.6],[-152.4,58.6],[-152.4,58.5],[-152.5,58.5]]],[[[-153.2,57.9],[-153.3,57.8],[-153.5,57.9],[-153.5,58],[-153.3,57.9],[-153.2,57.9]]],[[[-155.6,55.8],[-155.7,55.8],[-155.6,55.9],[-155.6,55.8]]],[[[-154.7,56.4],[-154.8,56.4],[-154.7,56.5],[-154.6,56.6],[-154.5,56.6],[-154.4,56.6],[-154.5,56.5],[-154.7,56.4]]],[[[-154.2,56.5],[-154.3,56.5],[-154.3,56.6],[-154.2,56.6],[-154.1,56.6],[-154.1,56.5],[-154.2,56.5]]],[[[-160.7,55.3],[-160.6,55.3],[-160.6,55.4],[-160.6,55.3],[-160.5,55.2],[-160.6,55.2],[-160.7,55.2],[-160.8,55.1],[-160.8,55.2],[-160.8,55.3],[-160.8,55.4],[-160.7,55.4],[-160.7,55.3]]],[[[-162.3,54.8],[-162.4,54.9],[-162.3,55],[-162.2,54.9],[-162.3,54.9],[-162.3,54.8]]],[[[-162.6,54.4],[-162.7,54.4],[-162.8,54.4],[-162.8,54.5],[-162.6,54.4]]],[[[-159.9,55.1],[-160,55],[-160.2,54.9],[-160.2,55],[-160.2,55.1],[-160.1,55.1],[-160,55.2],[-159.9,55.3],[-159.9,55.2],[-159.8,55.2],[-159.9,55.1]]],[[[-165.8,54.1],[-165.9,54],[-165.9,54.1],[-166,54],[-166.1,54.1],[-166,54.2],[-165.9,54.2],[-165.7,54.1],[-165.8,54.1]]],[[[-165.6,54.1],[-165.7,54.3],[-165.6,54.3],[-165.5,54.2],[-165.4,54.2],[-165.5,54.2],[-165.6,54.1]]],[[[-160.9,58.6],[-161,58.6],[-161.1,58.6],[-161.1,58.7],[-161,58.7],[-160.7,58.8],[-160.9,58.6]]],[[[-172.7,60.5],[-172.5,60.4],[-172.4,60.4],[-172.3,60.3],[-172.2,60.3],[-172.4,60.3],[-172.6,60.3],[-173,60.5],[-173.1,60.5],[-173,60.6],[-172.9,60.6],[-172.9,60.5],[-172.7,60.5]]],[[[-170.2,57.2],[-170.3,57.1],[-170.4,57.2],[-170.1,57.2],[-170.2,57.2]]],[[[-169.7,52.8],[-169.9,52.8],[-170,52.8],[-170,52.9],[-169.8,52.9],[-169.7,52.9],[-169.7,52.8]]],[[[-170.7,52.6],[-170.8,52.5],[-170.8,52.6],[-170.7,52.7],[-170.6,52.7],[-170.6,52.6],[-170.7,52.6]]],[[[-172.5,52.3],[-172.6,52.3],[-172.5,52.4],[-172.4,52.4],[-172.3,52.3],[-172.5,52.3]]],[[[-169.8,56.6],[-169.6,56.6],[-169.5,56.6],[-169.6,56.5],[-169.8,56.6]]],[[[-176.3,51.8],[-176.3,51.7],[-176.4,51.8],[-176.4,51.9],[-176.3,51.8]]],[[[-176,52],[-176.1,52],[-176.2,52],[-176.2,52.1],[-176.1,52.1],[-176,52.1],[-176,52]]],[[[-177.1,51.7],[-177.2,51.7],[-177.5,51.7],[-177.7,51.7],[-177.3,51.8],[-177.2,51.8],[-177.2,51.9],[-177.1,51.9],[-177.1,51.8],[-177.1,51.7]]],[[[178.6,51.9],[178.5,51.9],[178.5,52],[178.6,52],[178.6,51.9]]],[[[179.5,51.4],[179.3,51.4],[178.9,51.5],[178.7,51.6],[178.6,51.6],[178.7,51.7],[178.9,51.6],[179.3,51.4],[179.4,51.4],[179.5,51.4]]],[[[173.7,52.4],[173.6,52.4],[173.4,52.4],[173.5,52.5],[173.7,52.5],[173.8,52.5],[173.7,52.4]]],[[[-135,57.4],[-134.8,57.2],[-134.6,56.7],[-134.6,56.6],[-134.7,56.5],[-134.6,56.3],[-134.7,56.2],[-134.8,56.3],[-135,56.5],[-134.9,56.7],[-135,56.7],[-135.2,56.7],[-135.2,56.8],[-135.3,56.8],[-135.3,56.9],[-135.2,57],[-135.3,57.1],[-135.4,57.2],[-135.5,57.2],[-135.7,57],[-135.8,57],[-135.8,57.1],[-135.8,57.3],[-135.6,57.4],[-135.5,57.5],[-135.3,57.5],[-135.1,57.4],[-135,57.4]]],[[[-134.7,58.2],[-134.2,58.1],[-134,57.9],[-133.8,57.6],[-133.9,57.7],[-134.2,58],[-134.3,58],[-134.3,57.9],[-133.9,57.6],[-133.9,57.5],[-134,57.5],[-133.9,57.4],[-134.1,57.3],[-134.3,57.1],[-134.4,57.1],[-134.6,57.1],[-134.5,57.5],[-134.7,57.6],[-134.8,58.1],[-134.9,58.4],[-134.7,58.2]]],[[[-135.7,58.2],[-135.6,58.1],[-135.7,58],[-135.6,58],[-135.3,58.1],[-135,58],[-134.9,58],[-135,57.8],[-135.2,57.8],[-135.3,57.8],[-135,57.7],[-134.9,57.6],[-134.9,57.5],[-135.6,57.7],[-135.6,57.5],[-135.7,57.4],[-135.9,57.4],[-136.1,57.7],[-136.6,58],[-136.5,58.1],[-136.4,58.1],[-136.3,58.2],[-136.1,58.1],[-136.1,58.2],[-135.8,58.3],[-135.7,58.2]]],[[[-133.6,56.3],[-133.2,56.3],[-133.1,56.2],[-133.1,56.1],[-132.8,56],[-132.6,55.9],[-132.4,55.7],[-132.2,55.5],[-132.5,55.6],[-132.6,55.5],[-132.4,55.5],[-132.2,55.3],[-132.2,55.2],[-132,55.2],[-132,54.8],[-132,54.7],[-132.2,54.7],[-132.3,54.9],[-132.5,55],[-132.6,55.1],[-132.7,55.1],[-132.7,55],[-132.8,55],[-133.1,55.3],[-133,55.4],[-133.1,55.5],[-133,55.6],[-133.3,55.6],[-133.4,55.7],[-133.6,55.7],[-133.7,55.8],[-133.6,55.8],[-133.4,55.8],[-133.2,55.9],[-133.3,56],[-133.4,56],[-133.7,55.9],[-133.7,56],[-133.8,56],[-133.5,56.1],[-133.6,56.2],[-133.6,56.3]]],[[[-134,56.8],[-133.9,56.8],[-133.8,56.8],[-133.8,56.7],[-133.7,56.7],[-133.8,56.6],[-133.9,56.6],[-133.9,56.5],[-133.9,56.4],[-133.9,56.3],[-133.9,56.2],[-133.9,56.1],[-134,56.1],[-134.1,56.1],[-134.2,56.1],[-134.2,56.2],[-134.2,56.4],[-134.1,56.5],[-134.2,56.5],[-134.3,56.6],[-134.4,56.7],[-134.4,56.8],[-134.3,56.9],[-134.1,56.9],[-134,56.9],[-134,56.8]]],[[[-152.4,58.4],[-152.3,58.4],[-152.1,58.4],[-152.1,58.3],[-152,58.3],[-152,58.2],[-152.1,58.2],[-152.3,58.3],[-152.3,58.2],[-152.3,58.1],[-152.5,58.1],[-152.6,58.2],[-152.7,58.1],[-152.9,58],[-153.4,58.1],[-153,58.3],[-152.8,58.3],[-152.8,58.4],[-152.7,58.5],[-152.5,58.4],[-152.4,58.4]]],[[[-168,53.3],[-168.3,53.2],[-168.5,53],[-169.1,52.8],[-168.8,53],[-168.8,53.1],[-168.7,53.2],[-168.4,53.3],[-168.4,53.4],[-168.3,53.5],[-168,53.6],[-167.8,53.5],[-167.9,53.4],[-168,53.3]]],[[[-166.6,53.9],[-166.5,53.9],[-166.4,54],[-166.2,53.9],[-166.5,53.8],[-166.5,53.7],[-166.3,53.7],[-166.8,53.5],[-167.6,53.3],[-167.8,53.3],[-167.1,53.5],[-167,53.7],[-166.8,53.6],[-166.7,53.7],[-167.1,53.8],[-167.1,53.9],[-167,54],[-166.6,54],[-166.6,53.9]]],[[[-173.6,52.1],[-173.4,52.1],[-173.1,52.1],[-173,52.1],[-173.5,52],[-173.7,52.1],[-173.8,52],[-173.9,52.1],[-174,52.1],[-173.9,52.1],[-173.8,52.1],[-173.7,52.1],[-173.6,52.1]]],[[[-174.7,52],[-175.3,52],[-174.3,52.2],[-174.3,52.3],[-174.4,52.3],[-174.2,52.4],[-174,52.4],[-174.1,52.2],[-174.2,52.2],[-174.1,52.1],[-174.3,52.1],[-174.7,52]]],[[[-176.6,51.9],[-176.6,51.8],[-176.5,51.8],[-176.4,51.8],[-176.5,51.7],[-176.6,51.7],[-176.8,51.6],[-176.8,51.7],[-177,51.6],[-176.9,51.8],[-176.7,51.8],[-176.7,51.9],[-176.7,52],[-176.6,52],[-176.5,51.9],[-176.6,51.9]]],[[[-177.9,51.6],[-178.1,51.7],[-178,51.7],[-178,51.8],[-178.2,51.9],[-178.1,51.9],[-178,51.9],[-177.9,51.9],[-177.8,51.8],[-177.6,51.8],[-177.8,51.8],[-177.8,51.7],[-177.9,51.6]]],[[[179.7,51.9],[179.6,51.9],[179.5,51.9],[179.5,52],[179.6,52],[179.8,52],[179.7,51.9]]],[[[177.4,51.9],[177.3,51.8],[177.3,51.9],[177.4,52],[177.5,52],[177.6,52.1],[177.7,52.1],[177.6,52],[177.6,51.9],[177.4,51.9]]],[[[172.8,53],[173,53],[173.1,53],[173.3,52.9],[173.4,52.9],[173.3,52.8],[173.1,52.8],[172.9,52.8],[172.8,52.8],[172.7,52.9],[172.5,52.9],[172.7,53],[172.8,53]]],[[[-155.6,19],[-155.7,19],[-155.9,19.1],[-155.9,19.4],[-156,19.7],[-155.8,20],[-155.9,20.2],[-155.8,20.3],[-155.2,20],[-155.1,19.9],[-155.1,19.7],[-155,19.7],[-155,19.6],[-154.8,19.5],[-155.1,19.3],[-155.3,19.3],[-155.5,19.1],[-155.6,19]]],[[[-157.2,21.2],[-157,21.2],[-156.9,21.2],[-156.7,21.2],[-156.7,21.1],[-156.9,21.1],[-157,21.1],[-157.3,21.1],[-157.3,21.2],[-157.2,21.2]]],[[[-156.5,20.9],[-156.3,21],[-156.1,20.9],[-156,20.8],[-156,20.7],[-156.1,20.6],[-156.2,20.6],[-156.3,20.6],[-156.4,20.6],[-156.5,20.8],[-156.6,20.8],[-156.7,20.9],[-156.7,21],[-156.6,21],[-156.5,21],[-156.5,20.9]]],[[[-157.8,21.5],[-157.7,21.5],[-157.7,21.4],[-157.6,21.3],[-157.7,21.3],[-157.8,21.3],[-157.9,21.3],[-158,21.3],[-158,21.4],[-158,21.3],[-158.1,21.3],[-158.1,21.4],[-158.2,21.5],[-158.3,21.6],[-158.1,21.6],[-158,21.7],[-157.9,21.6],[-157.9,21.5],[-157.8,21.5]]],[[[-159.4,21.9],[-159.5,21.9],[-159.6,21.9],[-159.6,22],[-159.7,22],[-159.8,22],[-159.7,22.1],[-159.6,22.2],[-159.4,22.2],[-159.3,22.2],[-159.3,22.1],[-159.3,22],[-159.4,21.9]]],[[[-160.2,21.8],[-160.2,21.9],[-160.1,22],[-160,22],[-160.1,22],[-160.1,21.9],[-160.2,21.9],[-160.2,21.8]]],[[[-156.8,20.8],[-156.9,20.7],[-157,20.8],[-157.1,20.9],[-156.9,20.9],[-156.8,20.8]]],[[[-74.7,45],[-71.5,45],[-71.3,45.3],[-70.9,45.3],[-70.3,45.9],[-70,46.7],[-69.2,47.5],[-68.9,47.2],[-68.2,47.3],[-67.8,47.1],[-67.8,45.7],[-67.4,45.6],[-67.5,45.3],[-67.1,45.2],[-67,44.8],[-68.1,44.4],[-68.5,44.5],[-68.5,44.3],[-68.8,44.3],[-68.8,44.6],[-69.1,44],[-70.3,43.7],[-70.8,42.8],[-70.6,42.6],[-71,42.3],[-70.7,42.2],[-70.4,41.8],[-70,41.8],[-70.2,42.1],[-70.1,42.1],[-69.9,41.7],[-70.7,41.5],[-70.7,41.7],[-71.2,41.5],[-71.1,41.7],[-71.4,41.8],[-71.5,41.4],[-72.9,41.3],[-74,40.8],[-74,41.2],[-73.9,40.9],[-74.3,40.5],[-74,40.4],[-74.1,39.8],[-74.1,40],[-74.8,39],[-75,38.9],[-74.9,39.1],[-75.5,39.5],[-75.4,39.8],[-75.1,40],[-75.6,39.6],[-75,38.4],[-75.9,37.2],[-75.7,38],[-75.9,38],[-75.9,38.4],[-76.3,38.4],[-76.3,38.6],[-76,38.6],[-76.3,38.7],[-76.2,38.9],[-76.3,38.9],[-76.1,39.1],[-76.2,39.2],[-75.9,39.5],[-76.6,39.3],[-76.4,38.4],[-76.7,38.5],[-76.3,38.1],[-77.2,38.4],[-77,38.9],[-77.3,38.6],[-77.3,38.4],[-76.3,37.9],[-76.5,37.7],[-77.1,38.2],[-76.3,37.6],[-76.3,37.4],[-76.5,37.3],[-76.8,37.5],[-76.3,37.1],[-77.3,37.3],[-76.7,37.2],[-76.5,36.9],[-76,36.9],[-75.5,35.8],[-75.9,36.7],[-75.8,36.1],[-76.1,36.3],[-76.6,36],[-76.7,36.2],[-76.7,36],[-76.1,36],[-76.1,35.7],[-75.9,36],[-75.8,35.8],[-76.2,35.4],[-77,35.5],[-76.5,35.3],[-76.8,35],[-77.1,35.2],[-77,35],[-76.5,35],[-76.4,34.8],[-77.3,34.6],[-77.4,34.7],[-77.4,34.5],[-77.9,33.9],[-78,34.2],[-78,33.9],[-78.8,33.7],[-79.2,33.2],[-79.2,33.4],[-79.3,33.1],[-79.9,32.7],[-80.6,32.5],[-80.5,32.4],[-80.6,32.3],[-80.8,32.4],[-80.7,32.2],[-81.1,31.9],[-81.5,31.1],[-81.2,29.8],[-80.5,28.5],[-80.5,27.9],[-80.8,28.8],[-80.1,26.8],[-80.1,25.8],[-80.5,25.2],[-81.1,25.1],[-81.1,25.3],[-80.9,25.3],[-81.4,25.8],[-81.7,26],[-82,26.5],[-81.8,26.7],[-82,26.6],[-82,27],[-82.3,26.9],[-82.7,27.5],[-82.4,27.9],[-82.7,28],[-82.7,27.7],[-82.8,27.8],[-82.7,28.9],[-83.7,29.9],[-84.3,30.1],[-84.4,29.9],[-85.3,29.7],[-85.7,30.1],[-85.6,30.3],[-85.8,30.2],[-86.5,30.4],[-86.1,30.4],[-86.3,30.5],[-87.2,30.3],[-87,30.6],[-87.3,30.3],[-88,30.2],[-87.8,30.3],[-88,30.7],[-88.1,30.4],[-88.9,30.4],[-89.6,30.2],[-90.1,30.4],[-90.3,30.3],[-90.4,30.1],[-90.2,30],[-89.7,30.2],[-89.8,30],[-89.6,29.9],[-89.4,30],[-89.4,29.8],[-89.7,29.6],[-89,29.2],[-89.4,29],[-89.4,29.2],[-90.2,29.5],[-90.1,29.3],[-90.2,29.1],[-90.4,29.3],[-90.8,29.1],[-91.3,29.3],[-91.2,29.3],[-91.2,29.6],[-91.9,29.8],[-92.3,29.6],[-93.2,29.8],[-93.8,29.7],[-93.8,30],[-93.9,29.7],[-94.8,29.4],[-94.5,29.5],[-94.8,29.5],[-94.7,29.8],[-95,29.7],[-94.9,29.4],[-95.3,29],[-96.2,28.5],[-96,28.6],[-96.6,28.7],[-96.4,28.5],[-97.2,28.1],[-97.1,28],[-97.4,27.8],[-97.3,27.7],[-97.4,27.3],[-97.8,27.5],[-97.5,27.2],[-97.4,26.5],[-97.1,26],[-97.4,25.9],[-99.1,26.4],[-99.5,27.1],[-99.5,27.5],[-101.4,29.7],[-102.3,29.9],[-103.3,29],[-104.4,29.6],[-104.9,30.6],[-106.4,31.8],[-108.2,31.8],[-108.2,31.3],[-111,31.3],[-114.8,32.5],[-114.7,32.7],[-117.1,32.5],[-117.5,33.3],[-118.1,33.7],[-118.4,33.7],[-118.5,34],[-120.6,34.6],[-120.7,35.1],[-121.9,36.3],[-121.8,36.9],[-122.4,37.2],[-122.5,37.5],[-122.4,37.8],[-122.1,37.5],[-122.3,38],[-121.5,38.1],[-122.4,38.1],[-122.5,37.8],[-123,38],[-122.9,38.2],[-123.7,38.9],[-123.8,39.8],[-124.3,40.3],[-124.1,41.5],[-124.5,42.8],[-124.1,43.7],[-124,46.2],[-123.2,46.2],[-124.1,46.3],[-123.9,46.7],[-124.1,46.9],[-123.8,47],[-124.1,47],[-124.7,48.4],[-122.8,48.1],[-122.7,47.9],[-123.1,47.4],[-122.9,47.4],[-123.1,47.5],[-122.5,47.9],[-122.7,47.6],[-122.6,47.3],[-122.8,47.3],[-123,47.1],[-122.7,47.1],[-122.4,47.4],[-122.2,48],[-122.5,48.2],[-122.4,48.3],[-122.7,48.5],[-122.5,48.7],[-122.8,49],[-95.2,49],[-95.2,49.4],[-94.9,49.3],[-94.6,48.7],[-93.7,48.5],[-93,48.6],[-91.5,48.1],[-90.9,48.2],[-89.5,48],[-88.4,48.3],[-84.9,46.9],[-84.6,46.5],[-84.1,46.5],[-84,46.1],[-83.6,46.1],[-83.5,46],[-83.6,45.8],[-82.6,45.3],[-82.1,43.6],[-82.5,42.6],[-83.1,42.1],[-83,41.8],[-82.7,41.7],[-79,42.8],[-78.9,42.9],[-79.2,43.5],[-78.8,43.6],[-76.8,43.6],[-76.2,44.3],[-74.8,45],[-74.7,45]]],[[[-72.5,41],[-72.6,40.9],[-72.2,41],[-72.1,41],[-71.9,41.1],[-73.2,40.7],[-73.9,40.6],[-73.8,40.6],[-73.9,40.7],[-74,40.6],[-73.9,40.8],[-73.7,40.9],[-73.7,40.8],[-73.6,40.9],[-72.6,41],[-72.3,41.2],[-72.4,41],[-72.5,41]]],[[[-68.2,44.3],[-68.3,44.3],[-68.3,44.2],[-68.4,44.3],[-68.4,44.4],[-68.3,44.4],[-68.3,44.5],[-68.2,44.4],[-68.2,44.3]]],[[[-74.2,40.5],[-74.2,40.6],[-74.1,40.7],[-74.1,40.6],[-74.1,40.5],[-74.2,40.5]]],[[[-70.5,41.4],[-70.8,41.3],[-70.8,41.4],[-70.7,41.4],[-70.6,41.5],[-70.5,41.4]]],[[[-71.2,41.5],[-71.3,41.5],[-71.3,41.6],[-71.2,41.7],[-71.2,41.5]]],[[[-70,41.3],[-70.1,41.2],[-70.2,41.3],[-70.1,41.3],[-70,41.4],[-70,41.3]]],[[[-75.6,35.9],[-75.7,35.8],[-75.7,35.9],[-75.6,35.9]]],[[[-75.5,35.2],[-75.7,35.2],[-75.5,35.3],[-75.5,35.5],[-75.5,35.6],[-75.5,35.8],[-75.5,35.7],[-75.5,35.6],[-75.5,35.4],[-75.5,35.3],[-75.5,35.2]]],[[[-75.8,35.2],[-76,35.1],[-75.9,35.2],[-75.8,35.2]]],[[[-76.5,34.6],[-76.4,34.8],[-76.3,34.9],[-76.2,34.9],[-76.4,34.8],[-76.5,34.6]]],[[[-82,26.5],[-82.1,26.4],[-82.2,26.5],[-82.1,26.5],[-82,26.5]]],[[[-82.1,26.6],[-82.1,26.5],[-82.2,26.7],[-82.1,26.7],[-82.1,26.6]]],[[[-80.4,25.1],[-80.6,25],[-80.5,25.1],[-80.4,25.2],[-80.4,25.3],[-80.3,25.3],[-80.4,25.1]]],[[[-91.8,29.5],[-92,29.6],[-91.9,29.6],[-91.8,29.6],[-91.8,29.5]]],[[[-97,27.9],[-97,28],[-96.9,28.1],[-96.8,28.1],[-96.9,28],[-97,27.9]]],[[[-96.8,28.2],[-96.8,28.1],[-96.8,28.2],[-96.7,28.2],[-96.5,28.3],[-96.4,28.4],[-96.4,28.3],[-96.5,28.3],[-96.8,28.2]]],[[[-97.4,27.3],[-97.4,27.2],[-97.4,27.3],[-97.3,27.5],[-97.1,27.8],[-97.3,27.5],[-97.4,27.3]]],[[[-95,29.1],[-95.1,29.1],[-94.9,29.3],[-94.8,29.3],[-94.9,29.3],[-95,29.1]]],[[[-97.2,26.2],[-97.2,26.1],[-97.4,26.8],[-97.4,27.2],[-97.4,26.8],[-97.2,26.3],[-97.2,26.2]]],[[[-120.3,34],[-120.4,34],[-120.4,34.1],[-120.3,34]]],[[[-119.4,33.2],[-119.5,33.2],[-119.6,33.3],[-119.5,33.3],[-119.4,33.2]]],[[[-118.4,32.8],[-118.5,32.8],[-118.6,33],[-118.5,33],[-118.4,32.8]]],[[[-120,33.9],[-120.1,33.9],[-120.2,33.9],[-120.3,34],[-120.1,34],[-120,34],[-120,33.9]]],[[[-119.9,34.1],[-119.7,34],[-119.6,34.1],[-119.5,34],[-119.6,34],[-119.8,34],[-119.9,34],[-119.9,34.1]]],[[[-118.3,33.4],[-118.3,33.3],[-118.4,33.3],[-118.5,33.4],[-118.6,33.4],[-118.6,33.5],[-118.4,33.4],[-118.3,33.4]]],[[[-122.8,48.7],[-122.8,48.6],[-122.9,48.7],[-122.9,48.6],[-123,48.6],[-123,48.7],[-122.9,48.7],[-122.8,48.7]]],[[[-123,48.5],[-123.1,48.5],[-123.2,48.6],[-123.1,48.6],[-123,48.5]]],[[[-122.6,48.2],[-122.5,48],[-122.5,48.1],[-122.4,48],[-122.4,47.9],[-122.5,48],[-122.6,48],[-122.6,48.1],[-122.6,48.2],[-122.7,48.2],[-122.7,48.3],[-122.6,48.4],[-122.5,48.3],[-122.7,48.2],[-122.6,48.2]]],[[[-71.4,41.5],[-71.4,41.5],[-71.4,41.5],[-71.4,41.6],[-71.4,41.6],[-71.4,41.5],[-71.4,41.5]]],[[[-74.1,39.7],[-74.3,39.5],[-74.3,39.6],[-74.1,39.7]]],[[[-75.3,37.9],[-75.4,37.9],[-75.2,38.1],[-75.1,38.3],[-75.1,38.2],[-75.2,38.1],[-75.3,37.9]]],[[[-76.5,34.7],[-76.6,34.7],[-76.7,34.7],[-76.6,34.7],[-76.5,34.7]]],[[[-81.3,24.7],[-81.4,24.6],[-81.4,24.7],[-81.4,24.8],[-81.3,24.7]]],[[[-80.8,24.8],[-80.8,24.8],[-80.8,24.8],[-80.8,24.8],[-80.8,24.8],[-80.8,24.8],[-80.8,24.8]]],[[[-80.6,24.9],[-80.7,24.9],[-80.6,24.9],[-80.6,24.9],[-80.6,24.9]]],[[[-81,24.7],[-81.1,24.7],[-80.9,24.8],[-81,24.7]]],[[[-81.4,31],[-81.5,30.7],[-81.5,30.9],[-81.4,31]]],[[[-81.6,24.6],[-81.6,24.7],[-81.5,24.6],[-81.6,24.6]]],[[[-80.2,27.3],[-80.2,27.2],[-80.3,27.4],[-80.4,27.6],[-80.4,27.9],[-80.4,27.8],[-80.4,27.7],[-80.2,27.3]]],[[[-81.8,24.5],[-81.8,24.6],[-81.7,24.6],[-81.8,24.5]]],[[[-88.9,29.7],[-88.9,29.7],[-88.9,29.7],[-88.9,29.7],[-88.9,29.8],[-88.9,29.7]]],[[[-88.6,30.2],[-88.7,30.2],[-88.7,30.3],[-88.6,30.2]]],[[[-88.1,30.3],[-88.2,30.2],[-88.3,30.2],[-88.1,30.3]]],[[[-89.2,30.1],[-89.2,30],[-89.3,30.1],[-89.2,30.2],[-89.2,30.1]]],[[[-88.8,29.8],[-88.9,29.8],[-88.8,29.9],[-88.9,30.1],[-88.8,30],[-88.8,29.9],[-88.8,29.8]]],[[[-84.9,29.6],[-85,29.6],[-85.1,29.6],[-85,29.6],[-84.8,29.7],[-84.7,29.7],[-84.9,29.6]]],[[[-122.9,47.2],[-122.9,47.3],[-122.8,47.2],[-122.9,47.2]]],[[[-122.4,47.4],[-122.5,47.4],[-122.5,47.5],[-122.4,47.4]]],[[[-122.5,47.6],[-122.6,47.6],[-122.6,47.7],[-122.5,47.7],[-122.5,47.6]]],[[[-122.8,48.4],[-122.9,48.4],[-122.9,48.5],[-122.8,48.5],[-122.8,48.4]]],[[[-68.6,44.2],[-68.7,44.2],[-68.7,44.2],[-68.7,44.2],[-68.7,44.2],[-68.7,44.3],[-68.7,44.2],[-68.6,44.2]]]]}},{"type":"Feature","properties":{"iso3":"SGS","iso2":"GS","name":"S. Geo. and the Is.","continent":"Seven seas (open ocean)","subregion":"Seven seas (open ocean)"},"geometry":{"type":"MultiPolygon","coordinates":[[[[-26.3,-58.4],[-26.3,-58.5],[-26.5,-58.4],[-26.4,-58.4],[-26.3,-58.4]]],[[[-37.1,-54.1],[-37,-54.1],[-36.9,-54.1],[-36.7,-54.1],[-36.6,-54.2],[-36.6,-54.3],[-36.5,-54.2],[-36.4,-54.3],[-36.3,-54.3],[-36.2,-54.4],[-36.1,-54.6],[-35.9,-54.6],[-35.9,-54.7],[-35.8,-54.8],[-36.1,-54.9],[-36.3,-54.8],[-36.5,-54.5],[-36.7,-54.5],[-36.9,-54.3],[-37,-54.3],[-37.5,-54.2],[-37.6,-54.2],[-37.7,-54.1],[-37.6,-54],[-38,-54],[-37.4,-54],[-37.2,-54.1],[-37.1,-54.1]]]]}},{"type":"Feature","properties":{"iso3":"IOT","iso2":"IO","name":"Br. Indian Ocean Ter.","continent":"Seven seas (open ocean)","subregion":"Seven seas (open ocean)"},"geometry":{"type":"Polygon","coordinates":[[[72.5,-7.4],[72.4,-7.4],[72.4,-7.3],[72.3,-7.3],[72.4,-7.3],[72.4,-7.4],[72.5,-7.4],[72.5,-7.3],[72.4,-7.2],[72.5,-7.3],[72.5,-7.4]]]}},{"type":"Feature","properties":{"iso3":"SHN","iso2":"SH","name":"Saint Helena","continent":"Seven seas (open ocean)","subregion":"Western Africa"},"geometry":{"type":"MultiPolygon","coordinates":[[[[-5.7,-16],[-5.8,-16],[-5.7,-15.9],[-5.7,-16]]],[[[-14.4,-8],[-14.4,-7.9],[-14.3,-7.9],[-14.3,-8],[-14.4,-8]]]]}},{"type":"Feature","properties":{"iso3":"PCN","iso2":"PN","name":"Pitcairn Is.","continent":"Oceania","subregion":"Polynesia"},"geometry":{"type":"Polygon","coordinates":[[[-128.3,-24.4],[-128.4,-24.3],[-128.3,-24.3],[-128.3,-24.4]]]}},{"type":"Feature","properties":{"iso3":"AIA","iso2":"AI","name":"Anguilla","continent":"North America","subregion":"Caribbean"},"geometry":{"type":"Polygon","coordinates":[[[-63,18.2],[-63.2,18.2],[-63,18.3],[-63,18.2]]]}},{"type":"Feature","properties":{"iso3":"FLK","iso2":"FK","name":"Falkland Is.","continent":"South America","subregion":"South America"},"geometry":{"type":"MultiPolygon","coordinates":[[[[-58.9,-51.3],[-58.7,-51.3],[-58.4,-51.3],[-58.4,-51.4],[-58.5,-51.4],[-58.5,-51.5],[-58.3,-51.6],[-58.2,-51.6],[-58.3,-51.5],[-58.3,-51.4],[-58,-51.4],[-57.8,-51.5],[-58,-51.6],[-57.8,-51.6],[-57.8,-51.7],[-58.7,-51.9],[-58.7,-52.1],[-59.2,-52],[-59.1,-52.2],[-59.3,-52.2],[-59.4,-52.3],[-59.5,-52.2],[-59.6,-52.1],[-59.5,-52],[-59.6,-51.9],[-59.3,-51.7],[-59.1,-51.7],[-59.1,-51.5],[-58.9,-51.4],[-58.9,-51.3]]],[[[-60.3,-51.5],[-60.1,-51.5],[-59.9,-51.4],[-59.7,-51.4],[-59.5,-51.4],[-59.4,-51.4],[-59.3,-51.4],[-59.9,-52],[-60.2,-52],[-60.4,-52.2],[-60.7,-52.2],[-61,-52.1],[-60.8,-51.9],[-60.6,-52],[-60.2,-51.8],[-60.3,-51.7],[-60.5,-51.8],[-60.6,-51.7],[-60.2,-51.6],[-60.5,-51.5],[-60.6,-51.4],[-60.4,-51.4],[-60.3,-51.5]]],[[[-61,-51.8],[-60.9,-51.8],[-60.9,-51.9],[-61,-51.9],[-61.1,-51.8],[-61,-51.8]]],[[[-58.4,-52],[-58.4,-52.1],[-58.5,-52.1],[-58.5,-52],[-58.4,-52]]],[[[-60.1,-51.4],[-60.2,-51.4],[-60.3,-51.4],[-60.3,-51.3],[-60.2,-51.3],[-60.1,-51.3],[-60.1,-51.4]]],[[[-59.7,-52.2],[-59.7,-52.3],[-59.8,-52.2],[-59.8,-52.1],[-59.7,-52.2]]]]}},{"type":"Feature","properties":{"iso3":"CYM","iso2":"KY","name":"Cayman Is.","continent":"North America","subregion":"Caribbean"},"geometry":{"type":"MultiPolygon","coordinates":[[[[-81.4,19.3],[-81.3,19.3],[-81.3,19.4],[-81.1,19.3],[-81.2,19.3],[-81.3,19.3],[-81.4,19.3],[-81.4,19.4],[-81.4,19.3]]],[[[-80,19.7],[-80,19.7],[-80,19.7],[-80.1,19.7],[-80.1,19.7],[-80.1,19.7],[-80.1,19.7],[-80.1,19.7],[-80.1,19.7],[-80,19.7],[-80,19.7],[-80,19.7],[-80,19.7]]],[[[-79.8,19.7],[-79.9,19.7],[-79.8,19.8],[-79.7,19.8],[-79.8,19.7]]]]}},{"type":"Feature","properties":{"iso3":"BMU","iso2":"BM","name":"Bermuda","continent":"North America","subregion":"Northern America"},"geometry":{"type":"Polygon","coordinates":[[[-64.7,32.3],[-64.8,32.3],[-64.9,32.3],[-64.8,32.3],[-64.7,32.4],[-64.7,32.3]]]}},{"type":"Feature","properties":{"iso3":"VGB","iso2":"VG","name":"British Virgin Is.","continent":"North America","subregion":"Caribbean"},"geometry":{"type":"MultiPolygon","coordinates":[[[[-64.4,18.5],[-64.4,18.5],[-64.4,18.5],[-64.4,18.5],[-64.4,18.5],[-64.3,18.5],[-64.4,18.5]]],[[[-64.6,18.4],[-64.7,18.4],[-64.5,18.4],[-64.6,18.4]]],[[[-64.3,18.7],[-64.4,18.8],[-64.3,18.8],[-64.3,18.7]]]]}},{"type":"Feature","properties":{"iso3":"TCA","iso2":"TC","name":"Turks and Caicos Is.","continent":"North America","subregion":"Caribbean"},"geometry":{"type":"MultiPolygon","coordinates":[[[[-71.7,21.8],[-71.8,21.8],[-71.8,21.9],[-71.7,21.8],[-71.6,21.8],[-71.7,21.8]]],[[[-71.9,21.8],[-72,21.9],[-72,22],[-71.9,22],[-71.9,21.9],[-71.9,21.8]]],[[[-72.3,21.9],[-72.2,21.8],[-72.1,21.8],[-72.2,21.8],[-72.3,21.8],[-72.3,21.9]]]]}},{"type":"Feature","properties":{"iso3":"MSR","iso2":"MS","name":"Montserrat","continent":"North America","subregion":"Caribbean"},"geometry":{"type":"Polygon","coordinates":[[[-62.1,16.7],[-62.2,16.7],[-62.2,16.8],[-62.1,16.7]]]}},{"type":"Feature","properties":{"iso3":"JEY","iso2":"JE","name":"Jersey","continent":"Europe","subregion":"Northern Europe"},"geometry":{"type":"Polygon","coordinates":[[[-2,49.2],[-2.1,49.2],[-2.2,49.2],[-2.2,49.3],[-2.1,49.3],[-2,49.2]]]}},{"type":"Feature","properties":{"iso3":"GGY","iso2":"GG","name":"Guernsey","continent":"Europe","subregion":"Northern Europe"},"geometry":{"type":"Polygon","coordinates":[[[-2.5,49.5],[-2.5,49.4],[-2.6,49.5],[-2.5,49.5]]]}},{"type":"Feature","properties":{"iso3":"IMN","iso2":"IM","name":"Isle of Man","continent":"Europe","subregion":"Northern Europe"},"geometry":{"type":"Polygon","coordinates":[[[-4.4,54.2],[-4.6,54.1],[-4.7,54.1],[-4.8,54.1],[-4.7,54.1],[-4.7,54.2],[-4.6,54.3],[-4.5,54.4],[-4.4,54.4],[-4.3,54.3],[-4.4,54.2]]]}},{"type":"Feature","properties":{"iso3":"GBR","iso2":"GB","name":"United Kingdom","continent":"Europe","subregion":"Northern Europe"},"geometry":{"type":"MultiPolygon","coordinates":[[[[-2.7,51.6],[-3.3,51.4],[-3.6,51.4],[-3.9,51.6],[-4.2,51.6],[-4.1,51.7],[-4.4,51.7],[-4.9,51.6],[-5.1,51.7],[-5.3,51.9],[-4.1,52.3],[-4,52.5],[-4.1,52.6],[-4.1,52.9],[-4.7,52.8],[-4.3,53.1],[-3.8,53.3],[-3.3,53.3],[-3.1,53.3],[-3.2,53.4],[-3.1,53.4],[-2.9,53.3],[-2.7,53.3],[-3.1,53.5],[-2.9,53.7],[-3,53.8],[-2.9,54],[-2.9,54.2],[-3.2,54.1],[-3.6,54.6],[-3.5,54.8],[-3,55],[-3.6,54.9],[-4,54.8],[-4.3,54.8],[-4.5,54.8],[-4.8,54.8],[-4.9,54.7],[-5.1,54.9],[-5.2,55],[-5.1,55],[-4.7,55.5],[-4.9,55.7],[-4.8,55.9],[-4.6,55.9],[-4.8,56.1],[-4.8,56.2],[-5.2,55.9],[-5.2,56.1],[-5,56.2],[-5.4,56],[-5.4,55.8],[-5.6,55.4],[-5.8,55.4],[-5.5,55.8],[-5.6,55.8],[-5.5,56.3],[-5.2,56.8],[-5.7,56.5],[-6.1,56.7],[-5.7,56.9],[-5.9,56.9],[-5.6,57.1],[-5.6,57.2],[-5.8,57.4],[-5.8,57.5],[-5.6,57.5],[-5.7,57.7],[-5.6,57.9],[-5.2,57.9],[-5.4,58.1],[-5.3,58.2],[-5,58.3],[-5.1,58.4],[-5,58.6],[-4.4,58.5],[-3.1,58.6],[-3.2,58.3],[-4,58],[-4,57.9],[-3.9,57.8],[-4.1,57.6],[-3.3,57.7],[-2.1,57.7],[-1.9,57.6],[-1.8,57.5],[-2.5,56.6],[-3.3,56.4],[-2.9,56.4],[-2.7,56.3],[-3.4,56],[-3.8,56.1],[-3,56],[-2.6,56],[-2.1,55.9],[-1.7,55.6],[-1.2,54.7],[-0.7,54.5],[-0.1,54.1],[-0.2,54],[0.1,53.6],[-0.3,53.7],[-0.7,53.7],[-0.3,53.7],[0.3,53.3],[0.4,53.2],[0,52.9],[0.3,52.8],[0.6,53],[1.3,52.9],[1.7,52.8],[1.7,52.6],[1.6,52.1],[1.2,52],[1.3,51.8],[0.8,51.7],[0.9,51.7],[0.9,51.6],[0.4,51.5],[1.4,51.4],[1.4,51.2],[1,51],[1,50.9],[0.2,50.8],[-0.8,50.8],[-1.4,50.9],[-1.3,50.8],[-2,50.7],[-2,50.6],[-3,50.7],[-3.4,50.6],[-3.7,50.2],[-4.2,50.4],[-4.7,50.3],[-5.1,50],[-5.7,50.1],[-4.9,50.5],[-4.6,50.8],[-4.5,51],[-4.3,51],[-4.2,51.2],[-3.1,51.2],[-2.4,51.7],[-2.5,51.7],[-2.7,51.6]]],[[[-4.2,53.3],[-4,53.3],[-4.1,53.3],[-4.4,53.1],[-4.4,53.2],[-4.5,53.2],[-4.6,53.3],[-4.6,53.4],[-4.5,53.4],[-4.3,53.4],[-4.2,53.3]]],[[[-2.5,59.2],[-2.7,59.2],[-2.6,59.3],[-2.5,59.3],[-2.4,59.3],[-2.5,59.2]]],[[[-1,60.5],[-1.1,60.5],[-1.2,60.6],[-1.1,60.7],[-1,60.7],[-1,60.6],[-1,60.5]]],[[[-1.3,60.5],[-1.2,60.5],[-1.2,60.4],[-1.1,60.4],[-1.2,60.1],[-1.2,60],[-1.3,59.9],[-1.4,59.9],[-1.3,60.1],[-1.3,60.2],[-1.5,60.2],[-1.6,60.2],[-1.7,60.3],[-1.6,60.3],[-1.5,60.3],[-1.4,60.3],[-1.4,60.5],[-1.6,60.5],[-1.5,60.5],[-1.4,60.6],[-1.3,60.6],[-1.3,60.5]]],[[[-0.8,60.8],[-0.8,60.7],[-0.9,60.7],[-0.9,60.8],[-0.8,60.8]]],[[[-3.2,58.8],[-3.3,58.8],[-3.4,58.8],[-3.4,58.9],[-3.3,58.9],[-3.2,58.9],[-3.2,58.8]]],[[[-2.9,58.7],[-3,58.8],[-2.9,58.8],[-2.9,58.7]]],[[[-3.1,59],[-2.8,59],[-2.8,58.9],[-2.9,58.9],[-3,58.9],[-3.2,58.9],[-3.2,59],[-3.3,59],[-3.4,59],[-3.3,59.1],[-3.2,59.1],[-3.1,59.1],[-3,59.1],[-3.1,59]]],[[[-2.7,59.2],[-2.8,59.2],[-2.9,59.2],[-3,59.3],[-3.1,59.3],[-3,59.3],[-2.9,59.3],[-2.8,59.2],[-2.7,59.2]]],[[[-6.6,56.6],[-6.7,56.6],[-6.6,56.7],[-6.5,56.7],[-6.5,56.6],[-6.6,56.6]]],[[[-5.1,55.4],[-5.2,55.4],[-5.3,55.5],[-5.4,55.6],[-5.4,55.7],[-5.3,55.7],[-5.2,55.7],[-5.1,55.6],[-5.1,55.5],[-5.1,55.4]]],[[[-5.8,56.3],[-6.2,56.3],[-6.3,56.3],[-6.2,56.4],[-6.1,56.5],[-6.3,56.6],[-6.2,56.6],[-6.1,56.6],[-6,56.6],[-5.9,56.5],[-5.8,56.5],[-5.8,56.3]]],[[[-6.1,55.9],[-6.1,55.7],[-6.3,55.6],[-6.3,55.7],[-6.3,55.8],[-6.5,55.7],[-6.4,55.8],[-6.4,55.9],[-6.3,55.9],[-6.2,55.9],[-6.1,55.9]]],[[[-6,55.8],[-6.1,55.8],[-6.1,55.9],[-6,55.9],[-5.9,56],[-6,56],[-5.9,56],[-5.8,56.1],[-5.7,56.1],[-5.8,56],[-6,55.8]]],[[[-6.2,58.4],[-6.3,58.2],[-6.4,58.2],[-6.4,58.1],[-6.6,58.1],[-6.4,58.1],[-6.4,58],[-6.6,57.9],[-6.7,57.9],[-6.8,57.8],[-6.9,57.8],[-7,57.8],[-7.1,57.8],[-7,57.9],[-6.9,57.9],[-7.1,58],[-7,58.1],[-7.1,58.1],[-7.1,58.2],[-7,58.2],[-6.9,58.2],[-6.8,58.2],[-6.7,58.2],[-6.8,58.3],[-6.7,58.3],[-6.2,58.5],[-6.2,58.4]]],[[[-6.3,57],[-6.4,57],[-6.3,57.1],[-6.3,57]]],[[[-6.1,57.5],[-6.1,57.3],[-5.7,57.3],[-5.7,57.2],[-6,57],[-6,57.2],[-6.3,57.2],[-6.4,57.3],[-6.7,57.4],[-6.8,57.4],[-6.7,57.5],[-6.6,57.5],[-6.6,57.6],[-6.4,57.6],[-6.4,57.7],[-6.2,57.6],[-6.1,57.5]]],[[[-7.2,57.7],[-7.1,57.6],[-7.2,57.5],[-7.3,57.5],[-7.5,57.6],[-7.5,57.7],[-7.3,57.7],[-7.2,57.7]]],[[[-7.2,57.1],[-7.3,57.1],[-7.4,57.1],[-7.4,57.2],[-7.4,57.4],[-7.3,57.4],[-7.2,57.1]]],[[[-7.4,57],[-7.5,57],[-7.5,57],[-7.5,57],[-7.5,57],[-7.5,57],[-7.4,57],[-7.4,57],[-7.4,57]]],[[[-6.2,54.1],[-6.6,54.1],[-6.6,54.2],[-6.8,54.2],[-6.9,54.3],[-7,54.4],[-7.2,54.3],[-7.2,54.2],[-7.3,54.1],[-7.6,54.1],[-7.9,54.2],[-7.9,54.3],[-8.1,54.5],[-7.8,54.6],[-7.9,54.7],[-7.6,54.8],[-7.4,55],[-7.2,55.1],[-7.1,55],[-6.9,55.2],[-6.5,55.2],[-6.1,55.2],[-5.9,54.9],[-5.7,54.8],[-5.9,54.7],[-5.9,54.6],[-5.6,54.7],[-5.5,54.5],[-5.5,54.4],[-5.7,54.5],[-5.7,54.4],[-5.6,54.4],[-5.6,54.3],[-5.8,54.2],[-5.9,54.1],[-6.1,54.1],[-6.2,54.1]]],[[[-1.1,50.7],[-1.2,50.6],[-1.3,50.6],[-1.5,50.7],[-1.6,50.7],[-1.5,50.7],[-1.4,50.7],[-1.3,50.8],[-1.1,50.7]]]]}},{"type":"Feature","properties":{"iso3":"ARE","iso2":"AE","name":"United Arab Emirates","continent":"Asia","subregion":"Western Asia"},"geometry":{"type":"MultiPolygon","coordinates":[[[[56.3,25.7],[56.4,25.6],[56.4,25],[56.1,24.7],[56,24.9],[56,25],[55.9,25],[55.8,24.9],[55.8,24.5],[55.8,24.3],[55.8,24.2],[55.9,24.2],[56,24.1],[55.5,24],[55.5,23.9],[55.5,23.8],[55.5,23.7],[55.2,23],[55.2,22.7],[55.1,22.6],[52.6,22.9],[51.6,24.1],[51.6,24.3],[51.7,24.3],[51.8,24.3],[51.8,24.1],[51.9,24],[52.3,24],[52.6,24.2],[53.9,24.1],[54.4,24.3],[54.7,24.8],[55.1,25],[55.5,25.5],[55.9,25.8],[56.1,26.1],[56.2,26],[56.1,25.7],[56.3,25.6],[56.3,25.7]]],[[[53.3,24.3],[53.2,24.3],[53.3,24.3],[53.4,24.4],[53.4,24.3],[53.3,24.3]]],[[[52.6,24.3],[52.6,24.4],[52.7,24.3],[52.6,24.3]]],[[[53.9,24.2],[53.9,24.1],[53.8,24.2],[53.8,24.1],[53.6,24.2],[53.7,24.2],[53.8,24.3],[53.9,24.2]]],[[[54.5,24.4],[54.4,24.4],[54.3,24.5],[54.4,24.5],[54.5,24.4]]]]}},{"type":"Feature","properties":{"iso3":"UKR","iso2":"UA","name":"Ukraine","continent":"Europe","subregion":"Eastern Europe"},"geometry":{"type":"MultiPolygon","coordinates":[[[[38.2,47.1],[37.5,47.1],[36.8,46.7],[36.6,46.8],[35.8,46.6],[35,46.1],[35.3,46.3],[35.2,46.4],[34.8,46.2],[34.9,45.7],[34.7,46],[34.4,46],[33.8,46.2],[33.7,46.2],[33.6,46.1],[33.4,46.1],[33.2,46.2],[32.5,46.1],[31.8,46.3],[32,46.4],[31.6,46.6],[32.4,46.5],[32.6,46.6],[32.4,46.6],[32,46.6],[31.8,47.2],[31.9,46.9],[31.9,46.6],[31.5,46.7],[31.6,46.8],[31.4,46.6],[30.8,46.6],[30.7,46.3],[30.2,45.9],[29.6,45.7],[29.7,45.3],[29.4,45.4],[28.8,45.3],[28.8,45.2],[28.2,45.5],[28.5,45.5],[28.5,45.7],[28.9,46],[29,46.5],[29.2,46.5],[29.2,46.4],[29.3,46.5],[29.7,46.4],[29.8,46.4],[30.1,46.4],[29.9,46.5],[29.9,46.8],[29.6,47],[29.5,47.3],[29.1,47.5],[29.2,47.8],[29.1,48],[28.9,48],[28.8,48.1],[28.5,48.1],[28.3,48.2],[27.5,48.5],[27.2,48.4],[26.8,48.4],[26.3,48.2],[26.2,48],[25.5,47.9],[24.9,47.7],[24.5,47.9],[24.2,47.9],[23.1,48.1],[22.9,47.9],[22.8,48.1],[22.1,48.4],[22.1,48.6],[22.5,49.1],[22.8,49],[22.7,49.2],[22.7,49.6],[23.7,50.4],[24,50.4],[24.1,50.5],[24,50.8],[24.1,50.9],[23.7,51.3],[23.6,51.6],[24,51.6],[24.4,51.9],[25.9,51.9],[27.1,51.8],[27.3,51.6],[27.7,51.6],[27.7,51.5],[27.9,51.6],[28.2,51.6],[28.6,51.5],[28.7,51.4],[29.1,51.6],[29.3,51.4],[30.2,51.5],[30.5,51.3],[30.6,51.4],[30.5,51.6],[30.6,51.7],[31,52],[32.1,52.1],[32.4,52.3],[32.8,52.3],[33.7,52.3],[34.4,51.8],[34.1,51.7],[34.3,51.3],[34.2,51.3],[35.1,51.2],[35.2,51.1],[35.3,51],[35.4,50.7],[35.4,50.5],[35.6,50.4],[36.1,50.4],[36.6,50.2],[37.4,50.4],[37.7,50.1],[38,49.9],[38.3,50.1],[38.9,49.8],[39.2,49.9],[39.8,49.6],[40.1,49.6],[40.1,49.3],[39.7,49],[40,48.8],[39.8,48.8],[39.6,48.6],[39.8,48.5],[39.8,48.3],[40,48.3],[39.8,47.9],[38.8,47.8],[38.6,47.7],[38.3,47.6],[38.2,47.1]]],[[[32,46.2],[32.2,46.2],[31.7,46.2],[31.6,46.3],[31.5,46.3],[31.5,46.4],[31.6,46.3],[32,46.2]]]]}},{"type":"Feature","properties":{"iso3":"UGA","iso2":"UG","name":"Uganda","continent":"Africa","subregion":"Eastern Africa"},"geometry":{"type":"Polygon","coordinates":[[[33.9,-1],[30.8,-1],[30.4,-1.1],[29.9,-1.5],[29.8,-1.3],[29.6,-1.4],[29.7,0.1],[29.9,0.5],[29.9,0.8],[31.3,2],[31.2,2.3],[30.7,2.5],[30.9,2.9],[30.8,3],[30.9,3.4],[30.8,3.5],[31,3.7],[31.2,3.8],[31.5,3.7],[31.8,3.8],[32.1,3.5],[32.3,3.7],[33,3.9],[33.2,3.8],[33.5,3.8],[34,4.2],[34.2,3.8],[34.4,3.7],[34.4,3.2],[34.9,2.5],[35,1.7],[34.8,1.4],[34.8,1.2],[34.5,1],[33.9,0.2],[33.9,-0.8],[33.9,-1]]]}},{"type":"Feature","properties":{"iso3":"TKM","iso2":"TM","name":"Turkmenistan","continent":"Asia","subregion":"Central Asia"},"geometry":{"type":"MultiPolygon","coordinates":[[[[53.1,38.8],[53,38.9],[53,39.1],[53.1,39.1],[53.1,39],[53.1,38.8]]],[[[56,41.3],[57,41.3],[57.1,41.4],[57,41.5],[57,41.9],[57.3,42.1],[57.8,42.2],[58,42.5],[58.5,42.3],[58.2,42.6],[58.5,42.7],[58.6,42.8],[58.9,42.6],[59.2,42.5],[59.4,42.3],[59.9,42.3],[60,42.2],[59.9,42],[60.2,41.8],[60.1,41.8],[60.1,41.4],[60.5,41.2],[61.2,41.2],[61.5,41.3],[61.9,41.1],[62.4,40.3],[62.5,40],[63.8,39.2],[64.2,39],[64.3,39],[65.6,38.2],[66,38.2],[66.6,38],[66.6,37.9],[66.5,37.8],[66.5,37.3],[65.8,37.6],[65.6,37.3],[65.1,37.2],[64.8,37.1],[64.5,36.3],[64,36],[63.1,35.8],[63.2,35.7],[63.1,35.4],[62.3,35.2],[62,35.4],[61.6,35.4],[61.3,35.6],[61.1,36.6],[60.3,36.6],[60.1,37],[59.5,37.3],[59.3,37.5],[58.8,37.7],[58.3,37.7],[58,37.8],[57.4,38],[57.2,38.2],[56.4,38.2],[56.3,38.1],[55.4,38.1],[54.9,37.8],[54.7,37.5],[53.9,37.3],[53.8,37.9],[53.9,38.9],[53.7,39.2],[53.3,39.3],[53.2,39.3],[53.1,39.4],[53.2,39.6],[53.6,39.5],[53.5,39.7],[53.5,39.9],[53,40],[53,39.8],[52.8,40.1],[52.7,40.4],[52.9,41],[53.1,40.8],[53.6,40.8],[53.9,40.6],[54.4,40.7],[54.3,40.8],[54.7,40.9],[54.7,41.1],[54.1,41.5],[53.8,42.1],[53.2,42.1],[53,42],[52.8,41.7],[52.9,41.7],[52.9,41.2],[52.5,41.8],[53.1,42.1],[54.1,42.3],[54.9,42],[55.4,41.3],[55.9,41.3],[56,41.3]]]]}},{"type":"Feature","properties":{"iso3":"TUR","iso2":"TR","name":"Turkey","continent":"Asia","subregion":"Western Asia"},"geometry":{"type":"MultiPolygon","coordinates":[[[[26,40.1],[25.7,40.1],[25.7,40.2],[25.9,40.2],[26,40.2],[26,40.1]]],[[[41.5,41.5],[42.5,41.4],[42.6,41.6],[42.8,41.6],[43.2,41.2],[43.4,41.2],[43.6,40.9],[43.7,40.7],[43.6,40.5],[43.7,40.1],[44.4,40],[44.8,39.7],[44.6,39.8],[44.5,39.7],[44.4,39.4],[44,39.4],[44.3,38.8],[44.3,38.4],[44.4,38.3],[44.2,37.9],[44.6,37.7],[44.6,37.4],[44.8,37.3],[44.8,37.1],[44.6,37.2],[44.3,37],[44.1,37.3],[43.7,37.2],[42.8,37.4],[42.4,37.1],[42.2,37.3],[41.5,37.1],[40.7,37.1],[39.4,36.7],[38.8,36.7],[38.2,36.9],[37.4,36.6],[37.1,36.7],[36.7,36.8],[36.5,36.5],[36.6,36.2],[36.4,36.2],[36.3,36],[36.1,35.8],[35.9,35.9],[36,36],[35.8,36.3],[36.2,36.7],[36.2,36.8],[36,36.9],[35.4,36.6],[34.7,36.8],[33.7,36.2],[32.8,36],[32.4,36.2],[32,36.5],[31.4,36.8],[30.6,36.9],[30.4,36.3],[30.2,36.3],[29.7,36.2],[29.2,36.3],[29,36.7],[28.8,36.7],[28.3,36.8],[28,36.6],[28.1,36.8],[27.5,36.7],[28,36.8],[28.2,37],[27.3,37],[27.3,37.1],[27.5,37.2],[27.2,37.4],[27.1,37.7],[27.2,37.7],[27.2,38],[26.3,38.3],[26.4,38.4],[26.4,38.6],[26.6,38.6],[26.7,38.3],[26.7,38.4],[27.1,38.5],[26.9,38.5],[26.8,38.7],[27,38.9],[26.8,39],[26.9,39.1],[26.7,39.3],[26.9,39.5],[26.1,39.5],[26.2,40],[26.7,40.4],[27.3,40.5],[27.5,40.3],[27.7,40.3],[27.8,40.4],[27.7,40.5],[27.9,40.5],[28,40.5],[28,40.4],[29,40.4],[28.8,40.5],[29.1,40.6],[29.8,40.7],[29.1,40.9],[29,41],[29.1,41.2],[31.3,41.1],[31.5,41.3],[32.3,41.7],[33.3,42],[34.8,42],[35,42.1],[35.2,42],[35.1,41.9],[35.3,41.7],[35.6,41.6],[36.1,41.7],[36.2,41.4],[36.4,41.3],[36.8,41.4],[37.1,41.2],[38.4,40.9],[39.4,41.1],[40.3,41],[41.4,41.4],[41.5,41.5]]],[[[28,42],[28,41.9],[28.2,41.6],[29.1,41.2],[29,41],[28.8,41],[28.2,41.1],[27.9,41],[27.5,41],[27.4,40.8],[27.3,40.7],[26.8,40.5],[26.3,40.1],[26.2,40.1],[26.3,40.3],[26.4,40.4],[26.7,40.5],[26.8,40.6],[26.1,40.6],[26,40.7],[26.3,41],[26.3,41.2],[26.6,41.4],[26.6,41.6],[26.3,41.7],[26.3,41.8],[26.5,41.8],[26.6,42],[27.2,42.1],[27.5,41.9],[27.9,42],[28,42]]]]}},{"type":"Feature","properties":{"iso3":"TUN","iso2":"TN","name":"Tunisia","continent":"Africa","subregion":"Northern Africa"},"geometry":{"type":"MultiPolygon","coordinates":[[[[11.5,33.2],[11.5,32.4],[10.3,31.7],[10.1,31.5],[10.3,30.9],[10.2,30.8],[9.9,30.4],[9.5,30.2],[9,32.1],[8.3,32.5],[8.1,33.1],[7.7,33.3],[7.5,33.8],[7.5,34.1],[8.2,34.7],[8.4,35.2],[8.2,35.8],[8.3,36.4],[8.2,36.5],[8.6,36.8],[8.6,36.9],[9.7,37.3],[9.8,37.3],[9.8,37.1],[9.9,37.3],[10.2,37.2],[10.3,36.8],[10.4,36.7],[11.1,37.1],[11.1,36.9],[10.5,36.3],[10.5,36.2],[10.6,35.9],[11,35.6],[11.1,35.2],[10.7,34.7],[10,34.1],[10.3,33.7],[10.7,33.7],[10.7,33.5],[11,33.6],[11.3,33.3],[11.2,33.2],[11.4,33.2],[11.5,33.2]]],[[[11.3,34.8],[11.1,34.7],[11.2,34.7],[11.3,34.8]]],[[[11,33.7],[10.9,33.7],[10.7,33.7],[10.7,33.9],[10.9,33.9],[11,33.8],[11,33.7]]]]}},{"type":"Feature","properties":{"iso3":"TTO","iso2":"TT","name":"Trinidad and Tobago","continent":"North America","subregion":"Caribbean"},"geometry":{"type":"MultiPolygon","coordinates":[[[[-60.8,11.2],[-60.7,11.3],[-60.5,11.3],[-60.8,11.2]]],[[[-61,10.1],[-61.2,10.1],[-61.6,10.1],[-61.8,10.1],[-61.9,10.1],[-61.7,10.2],[-61.6,10.2],[-61.5,10.3],[-61.5,10.5],[-61.5,10.6],[-61.7,10.7],[-61.6,10.7],[-61.5,10.8],[-61.4,10.8],[-61.2,10.8],[-61.1,10.8],[-60.9,10.8],[-61,10.7],[-61,10.6],[-61,10.5],[-61,10.4],[-61,10.3],[-61,10.2],[-61,10.1]]]]}},{"type":"Feature","properties":{"iso3":"TON","iso2":"TO","name":"Tonga","continent":"Oceania","subregion":"Polynesia"},"geometry":{"type":"MultiPolygon","coordinates":[[[[-175.2,-21.2],[-175.1,-21.2],[-175.1,-21.1],[-175.1,-21.2],[-175.2,-21.3],[-175.2,-21.2],[-175.3,-21.2],[-175.4,-21.1],[-175.3,-21.1],[-175.2,-21.1],[-175.2,-21.2]]],[[[-174,-18.6],[-174,-18.7],[-174.1,-18.6],[-174,-18.6],[-173.9,-18.6],[-174,-18.6]]],[[[-174.9,-21.3],[-174.9,-21.5],[-175,-21.4],[-175,-21.3],[-174.9,-21.3]]]]}},{"type":"Feature","properties":{"iso3":"TGO","iso2":"TG","name":"Togo","continent":"Africa","subregion":"Western Africa"},"geometry":{"type":"Polygon","coordinates":[[[0.9,11],[0.8,10.4],[1.3,10],[1.4,9.4],[1.6,9.1],[1.6,7],[1.5,7],[1.6,6.6],[1.8,6.3],[1.2,6.1],[0.7,6.5],[0.5,6.9],[0.6,7.4],[0.5,7.5],[0.6,7.7],[0.6,8.2],[0.7,8.3],[0.4,8.8],[0.5,8.9],[0.5,9.4],[0.4,9.5],[0.2,9.5],[0.3,9.6],[0.4,10.3],[-0.1,10.7],[0,11],[-0.1,11.1],[0.6,11],[0.9,11]]]}},{"type":"Feature","properties":{"iso3":"TLS","iso2":"TL","name":"Timor-Leste","continent":"Asia","subregion":"South-Eastern Asia"},"geometry":{"type":"MultiPolygon","coordinates":[[[[125.6,-8.1],[125.6,-8.3],[125.5,-8.3],[125.6,-8.1]]],[[[125.1,-9.5],[125,-9.2],[125.1,-9.2],[125.1,-9],[124.9,-9.1],[124.9,-8.9],[125.2,-8.6],[125.8,-8.5],[126.6,-8.5],[127,-8.3],[127.3,-8.4],[126.9,-8.7],[126.7,-8.8],[126.5,-8.9],[126.2,-9],[125.9,-9.1],[125.4,-9.3],[125.2,-9.4],[125.1,-9.5]]],[[[124,-9.3],[124.2,-9.3],[124.4,-9.2],[124.4,-9.3],[124.3,-9.4],[124.1,-9.4],[124,-9.3]]]]}},{"type":"Feature","properties":{"iso3":"THA","iso2":"TH","name":"Thailand","continent":"Asia","subregion":"South-Eastern Asia"},"geometry":{"type":"MultiPolygon","coordinates":[[[[102.6,11.7],[102.6,11.6],[102.5,11.6],[102.5,11.7],[102.6,11.7]]],[[[102.4,12],[102.3,12],[102.3,12.2],[102.3,12.1],[102.4,12]]],[[[98.4,7.9],[98.4,7.8],[98.3,7.8],[98.3,7.9],[98.3,8.1],[98.3,8.2],[98.4,8.1],[98.4,8],[98.4,7.9]]],[[[100.1,20.3],[100.1,20.2],[100.3,20.4],[100.5,20.2],[100.4,19.8],[100.5,19.6],[100.7,19.5],[101,19.6],[101.2,19.5],[101.3,19],[101,18.4],[101.1,18.1],[101,17.5],[101.2,17.5],[102.1,18.2],[102.7,17.8],[103.1,18],[103.3,18.4],[103.9,18.3],[104.8,17.3],[104.7,16.9],[104.8,16.5],[105,16.2],[105.4,16],[105.4,15.8],[105.6,15.7],[105.5,15.3],[105.5,14.9],[105.5,14.5],[105.1,14.2],[104.8,14.4],[104,14.4],[103.6,14.4],[103.2,14.3],[102.9,14.1],[102.5,13.6],[102.3,13.5],[102.5,12.7],[102.8,12.4],[102.7,12.1],[102.9,11.7],[102.6,12.2],[102.5,12.1],[101.8,12.6],[100.9,12.7],[101,13.4],[100.6,13.6],[100,13.4],[100.1,13],[100,12.7],[100,12.2],[99.6,11.5],[99.5,10.9],[99.2,10.3],[99.2,9.7],[99.3,9.4],[99.3,9.3],[99.8,9.3],[100,8.6],[100.1,8.4],[100.2,8.5],[100.3,8.3],[100.5,7.2],[100.4,7.3],[100.4,7.5],[100.3,7.6],[100.3,7.8],[100.2,7.7],[100.2,7.6],[100.4,7.2],[100.6,7.2],[101,6.9],[101.5,6.9],[102.1,6.2],[101.9,5.8],[101.7,5.8],[101.6,5.9],[101.1,5.6],[101,5.8],[101.1,6],[101.1,6.2],[100.9,6.2],[100.8,6.5],[100.3,6.5],[100.3,6.7],[100.2,6.7],[100.1,6.4],[99.7,6.9],[99.7,7.1],[99.6,7.2],[99.6,7.4],[99.4,7.4],[99.3,7.6],[99.1,7.7],[99.1,7.9],[98.8,8.1],[98.7,8.3],[98.6,8.3],[98.4,8.2],[98.2,8.4],[98.2,8.8],[98.7,10.4],[98.8,10.7],[99.2,11.1],[99.6,11.8],[99.4,12.5],[99.2,12.7],[99.1,13],[99.1,13.7],[98.9,14],[98.6,14.4],[98.2,15],[98.2,15.2],[98.6,15.4],[98.6,16.1],[98.8,16.2],[98.9,16.4],[98.8,16.4],[98.7,16.3],[98.4,17],[97.7,17.8],[97.6,18.3],[97.5,18.4],[97.4,18.5],[97.7,18.6],[97.7,18.9],[97.8,19.5],[98,19.7],[98.4,19.7],[98.9,19.8],[99.1,20.1],[99.5,20.1],[99.5,20.4],[100,20.4],[100.1,20.3]]],[[[100.1,9.7],[100,9.7],[100,9.8],[100.1,9.7]]],[[[100.1,9.6],[100.1,9.5],[100,9.4],[99.9,9.5],[99.9,9.6],[100,9.6],[100.1,9.6]]],[[[99.7,6.5],[99.6,6.5],[99.6,6.6],[99.7,6.7],[99.7,6.6],[99.7,6.5]]],[[[98.6,7.9],[98.5,8.1],[98.6,8.1],[98.6,7.9]]],[[[98.3,9.1],[98.3,9],[98.3,9.1],[98.3,9.1],[98.3,9.1],[98.3,9.1],[98.3,9.1]]],[[[99.1,7.6],[99.1,7.5],[99,7.5],[99,7.6],[99.1,7.6]]]]}},{"type":"Feature","properties":{"iso3":"TZA","iso2":"TZ","name":"Tanzania","continent":"Africa","subregion":"Eastern Africa"},"geometry":{"type":"MultiPolygon","coordinates":[[[[39.5,-6.2],[39.6,-6.4],[39.5,-6.5],[39.4,-6.4],[39.4,-6.3],[39.4,-6.4],[39.3,-6.3],[39.2,-6.3],[39.2,-6.2],[39.2,-6.1],[39.2,-5.9],[39.3,-5.9],[39.3,-5.7],[39.4,-5.8],[39.4,-6],[39.4,-6.1],[39.5,-6.2]]],[[[39.9,-4.9],[39.9,-5.3],[39.8,-5.4],[39.7,-5.4],[39.6,-5.4],[39.7,-5.1],[39.7,-4.9],[39.8,-4.9],[39.9,-4.9]]],[[[32.9,-9.4],[32.4,-9.2],[31.9,-9.1],[31.9,-8.9],[31.7,-8.9],[31.4,-8.6],[31,-8.6],[30.2,-7],[29.7,-6.6],[29.5,-6.3],[29.5,-6],[29.6,-5.7],[29.3,-4.9],[29.4,-4.4],[29.7,-4.5],[29.9,-4.3],[30.4,-3.6],[30.8,-3.2],[30.8,-3],[30.4,-2.8],[30.5,-2.4],[30.8,-2.3],[30.9,-2.1],[30.8,-1.6],[30.5,-1.2],[30.5,-1.1],[30.8,-1],[34,-1],[37.6,-3],[37.6,-3.5],[39.2,-4.7],[38.8,-6.1],[38.9,-6.3],[39.5,-7],[39.3,-7.5],[39.3,-7.8],[39.4,-7.8],[39.4,-8],[39.3,-8.4],[39.5,-8.9],[39.6,-9.2],[39.8,-9.9],[39.7,-10],[40.5,-10.5],[40,-10.8],[39.3,-11.1],[38.8,-11.2],[38.5,-11.4],[38.2,-11.3],[37.9,-11.3],[37.7,-11.6],[37.4,-11.7],[37,-11.6],[36.3,-11.7],[35.9,-11.5],[35.6,-11.6],[35,-11.6],[34.6,-11.1],[34.7,-10.8],[34.6,-10.2],[34.3,-9.7],[34,-9.5],[33.9,-9.7],[33.4,-9.6],[32.9,-9.4]]],[[[39.7,-8],[39.6,-7.9],[39.7,-7.9],[39.7,-7.8],[39.8,-7.7],[39.9,-7.6],[39.9,-7.7],[39.8,-7.9],[39.7,-8]]]]}},{"type":"Feature","properties":{"iso3":"TJK","iso2":"TJ","name":"Tajikistan","continent":"Asia","subregion":"Central Asia"},"geometry":{"type":"MultiPolygon","coordinates":[[[[67.8,37.2],[67.8,37.5],[68.3,38],[68.4,38.2],[68.1,38.5],[68.1,38.9],[67.7,39],[67.6,39.1],[67.4,39.2],[67.4,39.5],[67.7,39.6],[68.5,39.5],[68.6,39.8],[68.9,39.9],[68.8,40.1],[69,40.1],[68.6,40.2],[69.3,40.2],[69.2,40.6],[69.4,40.8],[69.7,40.7],[70.3,40.9],[70.4,41],[70.8,40.7],[70.4,40.4],[70.6,40.2],[70.9,40.2],[70.5,39.9],[70.5,40],[70,40.2],[69.5,40.1],[69.5,39.9],[69.3,39.9],[69.3,39.5],[70.5,39.6],[70.8,39.4],[71.5,39.6],[71.5,39.5],[71.7,39.4],[71.8,39.3],[72,39.4],[72.2,39.2],[72.6,39.4],[73.6,39.4],[73.6,39.2],[73.8,39],[73.7,38.9],[73.8,38.6],[74,38.5],[74.1,38.7],[74.3,38.7],[74.8,38.5],[74.8,38.2],[74.9,37.8],[74.9,37.6],[75.1,37.4],[74.9,37.2],[74.7,37.4],[74.3,37.4],[73.7,37.2],[73.6,37.3],[73.7,37.4],[73.4,37.5],[72.9,37.3],[72.7,37],[71.7,36.7],[71.4,37.1],[71.6,37.9],[71.3,37.9],[71.3,38.2],[71.3,38.3],[70.9,38.5],[70.6,38.3],[70.2,37.9],[70.2,37.6],[69.5,37.6],[69.4,37.2],[69.3,37.1],[68.9,37.3],[68.1,36.9],[67.8,37.1],[67.8,37.2]]],[[[70.7,40.9],[70.6,40.9],[70.6,41],[70.7,40.9]]],[[[70.7,39.8],[70.6,39.8],[70.5,39.9],[70.7,39.8]]]]}},{"type":"Feature","properties":{"iso3":"TWN","iso2":"CN-TW","name":"Taiwan","continent":"Asia","subregion":"Eastern Asia"},"geometry":{"type":"MultiPolygon","coordinates":[[[[121,22.6],[120.9,22.4],[120.8,21.9],[120.7,22],[120.6,22.4],[120.3,22.5],[120.1,23.1],[120.1,23.4],[120.1,23.7],[120.6,24.5],[121,25],[121.4,25.2],[121.6,25.3],[121.9,25.1],[121.9,25],[121.8,24.8],[121.8,24.5],[121.6,24.1],[121.4,23.2],[121.2,22.8],[121,22.6]]],[[[118.4,24.5],[118.5,24.5],[118.4,24.4],[118.3,24.4],[118.3,24.5],[118.4,24.5]]]]}},{"type":"Feature","properties":{"iso3":"SYR","iso2":"SY","name":"Syria","continent":"Asia","subregion":"Western Asia"},"geometry":{"type":"Polygon","coordinates":[[[35.9,35.9],[36.2,35.8],[36.3,36],[36.4,36.2],[36.6,36.2],[36.5,36.5],[36.7,36.8],[37.1,36.7],[37.4,36.6],[38.2,36.9],[38.8,36.7],[39.4,36.7],[40.7,37.1],[41.5,37.1],[42.2,37.3],[42.4,37.1],[41.8,36.6],[41.4,36.5],[41.3,36.4],[41.2,36.1],[41.4,35.6],[41.2,35.3],[41.2,34.8],[41,34.4],[36.8,32.3],[36.4,32.4],[35.8,32.7],[35.9,32.9],[35.8,33.3],[36,33.6],[36,33.7],[36.1,33.8],[36.4,33.8],[36.3,33.9],[36.6,34.2],[36.5,34.4],[36.3,34.5],[36.4,34.6],[36.4,34.7],[36,34.6],[35.9,35.4],[35.8,35.6],[35.8,35.8],[35.9,35.9]]]}},{"type":"Feature","properties":{"iso3":"CHE","iso2":"CH","name":"Switzerland","continent":"Europe","subregion":"Western Europe"},"geometry":{"type":"Polygon","coordinates":[[[9.5,47.5],[9.6,47.5],[9.5,47.2],[9.5,47.1],[9.8,47],[9.9,46.9],[10.1,46.9],[10.3,47],[10.5,46.9],[10.4,46.7],[10.4,46.6],[10.3,46.6],[10.2,46.6],[10.1,46.6],[10,46.5],[10.1,46.2],[10,46.2],[9.9,46.4],[9.5,46.3],[9.4,46.5],[9.3,46.5],[9.3,46.3],[9,46],[9,45.9],[9,45.8],[8.8,46],[8.8,46.1],[8.6,46.1],[8.5,46.2],[8.4,46.4],[8.1,46.3],[8.1,46.2],[8,46],[7.8,45.9],[7.5,46],[7.1,45.9],[6.8,46.2],[6.8,46.3],[6.8,46.4],[6.4,46.4],[6.2,46.3],[6.3,46.3],[6.2,46.2],[6,46.2],[6.1,46.3],[6.1,46.4],[6.2,46.6],[6.4,46.8],[6.5,46.9],[6.7,47],[7,47.3],[6.9,47.4],[7,47.5],[7.1,47.5],[7.2,47.4],[7.3,47.4],[7.6,47.6],[7.9,47.6],[8.5,47.6],[8.6,47.7],[8.4,47.7],[8.6,47.8],[8.9,47.7],[9.2,47.7],[9.4,47.6],[9.5,47.5]]]}},{"type":"Feature","properties":{"iso3":"SWE","iso2":"SE","name":"Sweden","continent":"Europe","subregion":"Northern Europe"},"geometry":{"type":"MultiPolygon","coordinates":[[[[19.1,57.8],[19,57.8],[18.9,57.7],[18.8,57.7],[18.8,57.5],[18.9,57.4],[18.8,57.4],[18.7,57.3],[18.7,57.2],[18.5,57.2],[18.4,57.1],[18.3,57],[18.2,56.9],[18.1,56.9],[18.2,57],[18.3,57.1],[18.2,57.1],[18.2,57.2],[18.1,57.3],[18.2,57.3],[18.1,57.4],[18.1,57.6],[18.4,57.8],[18.5,57.8],[18.7,57.9],[18.8,57.8],[18.8,57.9],[18.9,57.9],[19,57.9],[19.1,57.8]]],[[[16.5,56.3],[16.4,56.2],[16.4,56.3],[16.4,56.6],[16.6,56.9],[16.7,56.9],[17,57.3],[17.1,57.3],[17.1,57.2],[16.8,56.8],[16.5,56.3]]],[[[11.4,59],[11.5,58.9],[11.6,58.9],[11.8,59.3],[11.7,59.6],[11.9,59.9],[12.5,60.1],[12.6,60.5],[12.3,61],[12.7,61.1],[12.9,61.4],[12.2,61.7],[12.3,62.3],[12.1,62.6],[12.1,62.9],[12.2,63],[12,63.3],[12.2,63.5],[12.2,63.6],[12.8,64],[13.2,64.1],[14,64],[14.1,64.2],[14.1,64.5],[13.7,64.6],[14.5,65.3],[14.6,65.8],[14.5,66.1],[15.5,66.3],[15.4,66.5],[16.4,67.1],[16.4,67.2],[16.1,67.4],[16.2,67.5],[16.5,67.6],[16.8,67.9],[17.3,68.1],[17.9,68],[18.2,68.2],[18.2,68.5],[20,68.4],[20.2,68.5],[20,68.5],[20.2,68.7],[20.3,68.8],[20.1,69],[20.9,69],[22,68.5],[22.9,68.4],[23.6,68],[23.5,67.9],[23.5,67.6],[23.5,67.5],[23.7,67.4],[23.8,67.3],[23.6,67.2],[23.6,67.1],[24,66.8],[23.9,66.6],[23.7,66.5],[23.7,66.3],[23.9,66.1],[24.2,65.8],[23.1,65.7],[22.7,65.9],[22.5,65.8],[22.4,65.9],[22.3,65.6],[22.1,65.6],[21.9,65.5],[21.9,65.4],[21.6,65.4],[21.6,65.3],[21.4,65.3],[21.6,65.1],[21.1,64.8],[21.5,64.5],[21,64.2],[20.8,63.9],[19.9,63.6],[19.7,63.5],[19.4,63.5],[19,63.2],[18.6,63.2],[18.3,63],[18.5,63],[18.5,62.9],[18.2,62.8],[17.9,62.9],[18,62.7],[17.9,62.7],[18,62.6],[17.6,62.5],[17.4,62.5],[17.4,62.3],[17.6,62.2],[17.5,62.2],[17.4,61.9],[17.5,61.7],[17.2,61.7],[17.1,61.6],[17.3,60.7],[17.6,60.6],[17.7,60.5],[18,60.6],[18.6,60.3],[18.5,60.2],[18.8,60.1],[19,59.8],[18.6,59.6],[18,59.4],[18.5,59.4],[18.6,59.3],[18.4,59.3],[18.3,59.1],[17,58.7],[16.2,58.6],[16.8,58.6],[16.9,58.5],[16.7,58.4],[16.8,58.2],[16.7,57.9],[16.6,57.8],[16.7,57.5],[16.5,57.3],[16.5,57.1],[15.9,56.2],[14.7,56.1],[14.8,56],[14.6,56],[14.2,55.8],[14.3,55.5],[14.2,55.4],[12.9,55.4],[13,55.7],[12.5,56.3],[12.8,56.3],[12.7,56.4],[12.9,56.5],[12.9,56.6],[12.4,56.9],[12.1,57.4],[12,57.4],[11.9,57.7],[11.7,57.7],[11.7,58],[11.4,58.1],[11.4,58.3],[11.2,58.4],[11.1,59],[11.3,59.1],[11.4,59]]],[[[19.2,57.9],[19.1,57.9],[19,57.9],[19.1,58],[19.3,58],[19.2,57.9]]],[[[18.4,59],[18.3,59],[18.4,59.1],[18.5,59.1],[18.4,59]]],[[[18.6,59.5],[18.6,59.4],[18.5,59.5],[18.6,59.5],[18.7,59.5],[18.6,59.5]]]]}},{"type":"Feature","properties":{"iso3":"SWZ","iso2":"SZ","name":"eSwatini","continent":"Africa","subregion":"Southern Africa"},"geometry":{"type":"Polygon","coordinates":[[[31.9,-26],[32.1,-26],[32,-26.3],[32.1,-26.5],[32.1,-26.8],[32,-26.8],[32,-27.3],[31.5,-27.3],[31.1,-27.1],[30.9,-26.8],[30.8,-26.8],[30.8,-26.5],[31.1,-26],[31.2,-25.8],[31.4,-25.7],[31.9,-26]]]}},{"type":"Feature","properties":{"iso3":"SUR","iso2":"SR","name":"Suriname","continent":"South America","subregion":"South America"},"geometry":{"type":"Polygon","coordinates":[[[-54.2,5.4],[-54.5,5],[-54.4,4.5],[-54.4,4.1],[-54,3.6],[-54,3.4],[-54.2,3.1],[-54.2,2.8],[-54.4,2.5],[-54.5,2.3],[-54.7,2.3],[-54.7,2.4],[-54.9,2.5],[-55,2.6],[-55.3,2.5],[-55.4,2.4],[-55.7,2.4],[-56,2.5],[-56.1,2.3],[-55.9,2],[-56,1.9],[-56.5,1.9],[-56.7,2],[-57.1,2.8],[-57.2,2.9],[-57.3,3.4],[-57.5,3.4],[-57.6,3.4],[-57.6,3.5],[-57.8,3.7],[-57.9,3.9],[-58,4],[-58.1,4.2],[-57.8,4.7],[-57.9,4.8],[-57.9,4.9],[-57.7,5],[-57.3,5],[-57.3,5.1],[-57.2,5.2],[-57.3,5.2],[-57.3,5.3],[-57.2,5.5],[-57.1,5.9],[-57,6],[-56.2,5.9],[-55.9,5.8],[-55.9,5.7],[-55.9,5.9],[-55.8,6],[-54.8,6],[-54.4,5.9],[-54.1,5.8],[-54.1,5.5],[-54.2,5.4]]]}},{"type":"Feature","properties":{"iso3":"SSD","iso2":"SS","name":"S. Sudan","continent":"Africa","subregion":"Eastern Africa"},"geometry":{"type":"Polygon","coordinates":[[[34,4.2],[33.5,3.8],[33.2,3.8],[33,3.9],[32.3,3.7],[32.1,3.5],[31.8,3.8],[31.5,3.7],[31.2,3.8],[30.8,3.5],[30.8,3.6],[30.6,3.6],[30.5,3.8],[30.2,4],[29.6,4.6],[29.2,4.4],[28.7,4.5],[28.4,4.3],[28.2,4.4],[27.5,5],[27.3,5.3],[27.1,5.7],[26.5,6.1],[26.3,6.5],[26.4,6.6],[25.9,7.1],[25.3,7.4],[25.2,7.6],[25.2,7.8],[24.9,8.1],[24.3,8.3],[24.2,8.7],[24.5,8.9],[24.8,9.5],[24.8,9.8],[25.1,10.3],[25.8,10.4],[25.9,10.2],[26.7,9.5],[27.1,9.6],[27.9,9.6],[28,9.3],[28.8,9.3],[28.8,9.5],[29,9.6],[29.5,9.8],[29.6,10.1],[30,10.3],[30.8,9.7],[31.2,9.8],[32.4,11.1],[32.3,11.7],[32.1,12],[32.7,12],[32.7,12.2],[33.2,12.2],[33.1,11.6],[33.1,10.7],[33.4,10.7],[33.9,10.2],[34,9.9],[33.9,9.5],[34.1,9.5],[34.1,8.7],[34,8.4],[33.3,8.4],[33,7.9],[33.9,7.5],[34.1,7.2],[34.7,6.7],[35,5.9],[35.3,5.5],[34.2,4.4],[34,4.2]]]}},{"type":"Feature","properties":{"iso3":"SDN","iso2":"SD","name":"Sudan","continent":"Africa","subregion":"Northern Africa"},"geometry":{"type":"Polygon","coordinates":[[[34.1,9.5],[33.9,9.5],[34,9.9],[33.9,10.2],[33.4,10.7],[33.1,10.7],[33.1,11.6],[33.2,12.2],[32.7,12.2],[32.7,12],[32.1,12],[32.3,11.7],[32.4,11.1],[31.2,9.8],[30.8,9.7],[30,10.3],[29.6,10.1],[29.5,9.8],[29,9.6],[28.8,9.5],[28.8,9.3],[28,9.3],[27.9,9.6],[27.1,9.6],[26.7,9.5],[25.9,10.2],[25.8,10.4],[25.1,10.3],[24.8,9.8],[24.8,9.5],[24.5,8.9],[24.1,8.7],[23.5,8.8],[23.5,9.1],[23.6,9.3],[23.6,9.8],[22.9,10.9],[22.9,11.3],[22.6,11.6],[22.6,12],[22.5,12.1],[22.4,12.7],[21.9,12.7],[21.8,12.8],[22,13.1],[22.2,13.3],[22.1,13.8],[22.5,14.2],[22.4,14.6],[22.7,14.7],[22.8,15],[22.9,15.2],[22.9,15.5],[23.1,15.7],[24,15.7],[24,20],[25,20],[25,22],[31.2,22],[31.4,22.2],[31.5,22.1],[31.4,22],[36.9,22],[36.9,21.6],[37.3,21.1],[37.3,21],[37.2,21.1],[37.1,21],[37.2,20.6],[37.2,20.1],[37.5,18.8],[38.6,18],[38.3,17.6],[37.5,17.3],[37.4,17.1],[37,17.1],[36.9,16.6],[36.9,16.3],[36.4,15.1],[36.5,14.3],[36.1,12.8],[35.7,12.6],[35.1,11.8],[34.9,10.9],[34.8,10.7],[34.6,10.9],[34.3,10.7],[34.3,10.2],[34.1,9.5]]]}},{"type":"Feature","properties":{"iso3":"LKA","iso2":"LK","name":"Sri Lanka","continent":"Asia","subregion":"Southern Asia"},"geometry":{"type":"MultiPolygon","coordinates":[[[[80,9.6],[79.9,9.6],[79.9,9.7],[79.8,9.7],[79.9,9.7],[80,9.6]]],[[[79.9,9.1],[79.9,9],[79.8,9.1],[79.7,9.1],[79.9,9.1]]],[[[80,9.8],[80.3,9.8],[80.7,9.4],[80.9,9],[81,8.9],[81.2,8.7],[81.2,8.5],[81.4,8.4],[81.4,8.1],[81.7,7.8],[81.9,7.3],[81.9,6.9],[81.8,6.6],[81.6,6.4],[81.3,6.2],[80.7,6],[80.5,5.9],[80.3,6],[80.1,6.2],[79.9,6.8],[79.7,8.2],[79.7,8.3],[79.8,8],[79.9,8.7],[79.9,8.9],[80.1,9.2],[80.1,9.6],[80.3,9.5],[80.4,9.5],[80.3,9.6],[80,9.6],[80,9.7],[80,9.8]]]]}},{"type":"Feature","properties":{"iso3":"ESP","iso2":"ES","name":"Spain","continent":"Europe","subregion":"Southern Europe"},"geometry":{"type":"MultiPolygon","coordinates":[[[[1.6,38.7],[1.4,38.7],[1.4,38.8],[1.5,38.7],[1.6,38.7]]],[[[3.1,39.8],[3.4,39.8],[3.5,39.7],[3.2,39.4],[3.1,39.3],[2.8,39.4],[2.7,39.5],[2.6,39.6],[2.5,39.5],[2.4,39.6],[2.9,39.9],[3.2,40],[3.2,39.8],[3.1,39.8]]],[[[4.3,39.8],[4,39.9],[3.9,40],[3.8,40],[3.9,40.1],[4.1,40.1],[4.2,40],[4.3,39.9],[4.3,39.8]]],[[[1.4,38.9],[1.3,38.9],[1.2,38.9],[1.3,39],[1.3,39.1],[1.6,39.1],[1.6,39],[1.5,38.9],[1.4,38.9]]],[[[-1.8,43.4],[-1.4,43.2],[-1.4,43],[-1.3,43.1],[-0.8,42.9],[-0.6,42.8],[-0.3,42.8],[0,42.7],[0.6,42.7],[0.7,42.8],[1.3,42.7],[1.4,42.4],[1.7,42.5],[2,42.4],[2.2,42.4],[2.7,42.3],[2.9,42.5],[3.2,42.4],[3.3,42.3],[3.2,42.3],[3.2,42.2],[3.2,41.9],[2.1,41.3],[1,41.1],[0.7,40.8],[0.9,40.7],[0.6,40.6],[-0.3,39.5],[-0.2,39.1],[0.2,38.8],[-0.5,38.3],[-0.8,37.8],[-0.7,37.6],[-1.3,37.6],[-1.6,37.4],[-2.1,36.8],[-2.5,36.8],[-2.8,36.7],[-4.4,36.7],[-4.7,36.5],[-5.2,36.4],[-5.4,36.1],[-5.6,36],[-6,36.2],[-6.3,36.6],[-6.4,36.6],[-6.4,36.7],[-6.2,36.9],[-6.4,36.8],[-6.9,37.2],[-6.9,37.3],[-7.4,37.2],[-7.5,37.6],[-7.4,37.7],[-7,38.2],[-7.1,38.2],[-7.3,38.5],[-7.3,38.7],[-7,39.1],[-7.2,39.1],[-7.5,39.7],[-7.1,39.7],[-7,39.8],[-6.9,40],[-7,40.2],[-6.8,40.3],[-6.9,41],[-6.2,41.5],[-6.3,41.6],[-6.5,41.7],[-6.6,41.9],[-7.1,42],[-7.4,41.8],[-7.9,41.9],[-8.2,41.8],[-8.2,41.9],[-8.1,42],[-8.3,42.1],[-8.9,41.9],[-8.9,42.1],[-8.7,42.3],[-8.8,42.3],[-8.7,42.4],[-8.8,42.6],[-9,42.6],[-8.9,42.8],[-9.2,43],[-9.2,43.2],[-8.9,43.3],[-8.4,43.4],[-8.2,43.4],[-8.3,43.6],[-7.7,43.8],[-7.1,43.6],[-5.8,43.6],[-4.5,43.4],[-3.6,43.5],[-3,43.4],[-2.9,43.5],[-2.3,43.3],[-1.8,43.4]]],[[[-16.3,28.4],[-16.4,28.2],[-16.5,28.1],[-16.5,28],[-16.7,28],[-16.8,28.1],[-16.9,28.3],[-16.8,28.4],[-16.5,28.4],[-16.3,28.6],[-16.1,28.6],[-16.1,28.5],[-16.3,28.4]]],[[[-13.7,28.9],[-13.8,28.8],[-13.9,28.9],[-13.8,29],[-13.8,29.1],[-13.7,29.1],[-13.5,29.1],[-13.5,29.2],[-13.4,29.2],[-13.5,29.2],[-13.5,29],[-13.6,29],[-13.7,28.9]]],[[[-14.2,28.2],[-14.3,28.1],[-14.5,28.1],[-14.4,28.1],[-14.2,28.2],[-14.2,28.4],[-14,28.6],[-14,28.7],[-13.9,28.7],[-13.8,28.7],[-13.8,28.6],[-13.9,28.4],[-13.9,28.3],[-14.2,28.2]]],[[[-15.4,28.1],[-15.4,28],[-15.4,27.9],[-15.4,27.8],[-15.6,27.7],[-15.7,27.8],[-15.8,27.9],[-15.8,28],[-15.7,28.1],[-15.7,28.2],[-15.5,28.1],[-15.4,28.2],[-15.4,28.1]]],[[[-17.2,28],[-17.3,28],[-17.3,28.1],[-17.3,28.2],[-17.2,28.2],[-17.1,28.2],[-17.1,28.1],[-17.2,28]]],[[[-17.9,27.8],[-18,27.6],[-18.1,27.7],[-18.2,27.8],[-18,27.8],[-17.9,27.9],[-17.9,27.8]]],[[[-17.8,28.5],[-17.9,28.5],[-17.9,28.6],[-18,28.8],[-17.9,28.8],[-17.8,28.8],[-17.7,28.8],[-17.7,28.7],[-17.8,28.7],[-17.7,28.6],[-17.8,28.6],[-17.8,28.5]]]]}},{"type":"Feature","properties":{"iso3":"KOR","iso2":"KR","name":"South Korea","continent":"Asia","subregion":"Eastern Asia"},"geometry":{"type":"MultiPolygon","coordinates":[[[[126.6,37.8],[126.7,37.9],[127.1,38.3],[128,38.3],[128.2,38.4],[128.4,38.6],[128.6,38.2],[129.3,37.3],[129.4,37.1],[129.5,36.7],[129.4,36.3],[129.4,36.1],[129.5,36],[129.6,36.1],[129.6,35.9],[129.4,35.5],[129.2,35.2],[129,35.1],[128.5,35.1],[128.4,35],[128.4,34.9],[128.1,34.9],[128,35],[127.7,35],[127.6,34.9],[127.7,34.8],[127.7,34.7],[127.6,34.7],[127.5,34.8],[127.4,34.8],[127.4,34.7],[127.5,34.6],[127.3,34.5],[127.2,34.5],[127.3,34.7],[127.2,34.8],[127,34.6],[126.9,34.4],[126.8,34.5],[126.6,34.4],[126.6,34.3],[126.5,34.3],[126.5,34.5],[126.3,34.7],[126.5,34.7],[126.5,34.8],[126.6,34.8],[126.4,34.8],[126.3,35.2],[126.5,35.5],[126.6,35.6],[126.5,35.6],[126.7,35.8],[126.8,35.9],[126.6,35.9],[126.7,36],[126.5,36.2],[126.5,36.5],[126.5,36.7],[126.4,36.7],[126.2,36.7],[126.2,36.8],[126.2,36.9],[126.5,37],[126.8,36.9],[126.9,36.8],[127,36.9],[126.9,37],[126.7,37.2],[126.8,37.3],[126.7,37.4],[126.7,37.6],[126.6,37.7],[126.6,37.8]]],[[[128.7,34.8],[128.6,34.7],[128.5,34.8],[128.5,34.9],[128.7,35],[128.7,34.8]]],[[[128.1,34.8],[128.1,34.7],[128,34.7],[127.9,34.8],[127.9,34.7],[127.8,34.8],[127.8,34.9],[127.9,34.9],[128,34.9],[128.1,34.8]]],[[[126.2,34.4],[126.1,34.4],[126.2,34.6],[126.3,34.5],[126.4,34.5],[126.3,34.4],[126.2,34.4]]],[[[126.5,37.7],[126.5,37.6],[126.4,37.6],[126.4,37.8],[126.5,37.8],[126.5,37.7]]],[[[126.8,34.3],[126.7,34.3],[126.6,34.4],[126.7,34.4],[126.8,34.3]]],[[[127.8,34.6],[127.7,34.6],[127.8,34.7],[127.8,34.6]]],[[[126.4,36.5],[126.4,36.4],[126.3,36.5],[126.3,36.6],[126.4,36.6],[126.4,36.5]]],[[[126.2,34.7],[126.1,34.7],[126.1,34.8],[126,34.9],[126.1,34.9],[126.2,34.8],[126.2,34.7]]],[[[130.9,37.5],[130.9,37.4],[130.8,37.5],[130.9,37.6],[130.9,37.5]]],[[[126.3,33.2],[126.2,33.2],[126.2,33.3],[126.2,33.4],[126.3,33.5],[126.7,33.5],[126.8,33.6],[126.9,33.5],[126.9,33.4],[126.9,33.3],[126.7,33.3],[126.6,33.2],[126.3,33.2]]]]}},{"type":"Feature","properties":{"iso3":"ZAF","iso2":"ZA","name":"South Africa","continent":"Africa","subregion":"Southern Africa"},"geometry":{"type":"MultiPolygon","coordinates":[[[[29.4,-22.2],[29.7,-22.1],[30.2,-22.3],[30.9,-22.3],[31.3,-22.4],[31.5,-23.5],[32,-24.4],[31.9,-26],[31.4,-25.7],[31.2,-25.8],[30.8,-26.4],[30.8,-26.8],[31.3,-27.2],[31.7,-27.3],[32,-27.3],[32,-26.8],[32.9,-26.8],[32.5,-28.2],[32.4,-28.5],[31.3,-29.4],[30.3,-31],[28.9,-32.3],[27.9,-33.1],[26.6,-33.7],[25.8,-33.7],[25.6,-34],[25,-34],[24.8,-34.2],[24.6,-34.2],[23.7,-34],[23.3,-34.1],[22.6,-34],[22.2,-34.1],[21.8,-34.4],[21,-34.4],[20.5,-34.5],[20,-34.8],[19.3,-34.6],[19.3,-34.5],[19.1,-34.4],[18.8,-34.4],[18.8,-34.1],[18.5,-34.1],[18.5,-34.3],[18.3,-34.1],[18.4,-33.9],[18.5,-33.9],[18.4,-33.7],[17.9,-32.8],[18,-32.7],[18.1,-32.7],[18.3,-32.5],[18.2,-31.7],[17.3,-30.4],[17,-29.4],[16.4,-28.6],[16.8,-28.5],[16.9,-28.1],[17.1,-28],[17.4,-28.3],[17.4,-28.7],[18.1,-28.9],[19.2,-28.9],[19.3,-28.8],[19.5,-28.6],[20,-28.5],[20,-24.8],[20.4,-25.1],[20.8,-25.9],[20.8,-26.2],[20.6,-26.4],[20.7,-26.8],[21.7,-26.8],[22.6,-26.1],[22.9,-25.5],[23.1,-25.3],[23.4,-25.3],[23.9,-25.6],[24.7,-25.8],[25.4,-25.7],[25.6,-25.6],[25.9,-24.7],[26.4,-24.6],[26.8,-24.2],[27.1,-23.6],[27.8,-23.2],[28.2,-22.7],[28.8,-22.5],[29.1,-22.2],[29.4,-22.2]],[[28.7,-30.1],[29.1,-29.9],[29.1,-29.7],[29.3,-29.6],[29.4,-29.3],[29.3,-29.1],[29,-28.9],[28.6,-28.6],[28.2,-28.7],[28,-28.9],[27.7,-28.9],[27.3,-29.5],[27.1,-29.6],[27.1,-29.8],[27.4,-30.2],[27.4,-30.3],[27.8,-30.6],[28.1,-30.6],[28.1,-30.4],[28.4,-30.1],[28.6,-30.1],[28.7,-30.1]]],[[[37.9,-46.9],[37.8,-47],[37.6,-46.9],[37.7,-46.8],[37.8,-46.8],[37.9,-46.9]]]]}},{"type":"Feature","properties":{"iso3":"SOM","iso2":"SO","name":"Somalia","continent":"Africa","subregion":"Eastern Africa"},"geometry":{"type":"Polygon","coordinates":[[[41.5,-1.7],[41,-0.9],[41,2.8],[42,4.1],[42.8,4.3],[43.1,4.6],[43.6,4.9],[44,5],[44.9,4.9],[48,8],[48.9,9.5],[48.9,11.3],[50.1,11.5],[50.8,12],[51.3,11.8],[51.1,11.3],[51.1,10.7],[51,10.4],[51.2,10.6],[51.4,10.4],[51.2,10.4],[50.9,10.3],[50.8,9.4],[50.1,8.2],[49.9,8],[49.7,7.5],[49.2,6.8],[49,6.2],[48,4.5],[46.1,2.5],[44.3,1.4],[43.5,0.6],[42,-1],[41.6,-1.6],[41.5,-1.7]]]}},{"type":"Feature","properties":{"iso3":"SOL","iso2":"","name":"Somaliland","continent":"Africa","subregion":"Eastern Africa"},"geometry":{"type":"Polygon","coordinates":[[[48.9,11.3],[48.9,9.5],[48,8],[47,8],[44,9],[43.4,9.5],[43.2,9.9],[42.8,10.2],[42.7,10.6],[43.2,11.5],[43.9,10.8],[44.4,10.4],[44.9,10.4],[45.8,10.8],[46.6,10.7],[47.4,11.2],[48,11.1],[48.6,11.3],[48.9,11.3]]]}},{"type":"Feature","properties":{"iso3":"SLB","iso2":"SB","name":"Solomon Is.","continent":"Oceania","subregion":"Melanesia"},"geometry":{"type":"MultiPolygon","coordinates":[[[[159.7,-8.5],[159.6,-8.5],[159.5,-8.5],[159.6,-8.4],[159.6,-8.5],[159.7,-8.5]]],[[[166.9,-11.7],[166.8,-11.7],[166.7,-11.6],[166.8,-11.6],[166.9,-11.6],[166.9,-11.7]]],[[[166.1,-10.8],[166,-10.8],[165.9,-10.9],[165.8,-10.8],[165.9,-10.7],[166,-10.7],[166.2,-10.7],[166.1,-10.7],[166.1,-10.8]]],[[[160.6,-11.8],[160.5,-11.8],[160.4,-11.8],[160.4,-11.7],[160.3,-11.7],[160.1,-11.6],[160,-11.6],[160,-11.5],[160.1,-11.5],[160.4,-11.7],[160.5,-11.8],[160.6,-11.8]]],[[[161.5,-9.6],[161.6,-9.8],[161.5,-9.7],[161.4,-9.7],[161.4,-9.5],[161.4,-9.4],[161.5,-9.6]]],[[[159.2,-9.1],[159.1,-9.1],[159,-9.1],[159.1,-9],[159.2,-9],[159.2,-9.1]]],[[[160.2,-9],[160.3,-9],[160.4,-9.1],[160.4,-9.2],[160.3,-9.2],[160.3,-9.1],[160.2,-9.1],[160.1,-9.1],[160.1,-9],[160.2,-9]]],[[[157.8,-8.2],[157.8,-8.3],[157.9,-8.5],[157.9,-8.6],[157.8,-8.6],[157.7,-8.5],[157.6,-8.4],[157.6,-8.3],[157.5,-8.3],[157.4,-8.3],[157.3,-8.3],[157.2,-8.3],[157.2,-8.2],[157.3,-8.2],[157.3,-8.1],[157.4,-8],[157.5,-8],[157.6,-8],[157.6,-8.2],[157.7,-8.2],[157.8,-8.2]]],[[[158.2,-8.8],[158.2,-8.7],[158.3,-8.8],[158.2,-8.8]]],[[[158.1,-8.7],[158,-8.8],[157.9,-8.7],[157.9,-8.6],[158,-8.5],[158.1,-8.6],[158.1,-8.7]]],[[[157.4,-8.7],[157.3,-8.7],[157.2,-8.6],[157.2,-8.5],[157.4,-8.4],[157.4,-8.5],[157.4,-8.6],[157.3,-8.6],[157.3,-8.7],[157.4,-8.7]]],[[[156.7,-7.9],[156.6,-7.9],[156.6,-7.8],[156.5,-7.7],[156.5,-7.6],[156.6,-7.6],[156.7,-7.7],[156.8,-7.7],[156.8,-7.8],[156.7,-7.9]]],[[[156.6,-8.2],[156.5,-8.1],[156.6,-8],[156.6,-8.1],[156.6,-8.2]]],[[[157.2,-8.1],[157,-8.1],[157,-8],[157,-7.9],[157.1,-7.9],[157.2,-7.9],[157.2,-8],[157.2,-8.1]]],[[[155.8,-7.1],[155.7,-7.1],[155.7,-7],[155.9,-7],[155.8,-7.1]]],[[[157.6,-8.8],[157.5,-8.7],[157.6,-8.7],[157.6,-8.8]]],[[[159.8,-9.3],[160,-9.4],[160.4,-9.4],[160.6,-9.6],[160.8,-9.8],[160.8,-9.9],[160.6,-9.9],[160.3,-9.8],[159.9,-9.8],[159.6,-9.5],[159.6,-9.4],[159.7,-9.3],[159.8,-9.3]]],[[[159.9,-8.5],[159.6,-8.4],[158.9,-8],[158.6,-7.8],[158.6,-7.7],[158.5,-7.5],[158.7,-7.6],[159.1,-7.9],[159.4,-8],[159.8,-8.3],[159.8,-8.4],[159.8,-8.5],[159.9,-8.5]]],[[[157.5,-7.3],[157.5,-7.4],[157.4,-7.4],[157.3,-7.3],[157.1,-7.3],[156.5,-6.8],[156.5,-6.6],[156.6,-6.6],[157,-6.9],[157.2,-7.2],[157.3,-7.3],[157.5,-7.3]]],[[[160.7,-8.3],[161,-8.6],[160.9,-8.8],[161.2,-9],[161.3,-9.2],[161.3,-9.3],[161.4,-9.5],[161.4,-9.6],[161.2,-9.4],[160.9,-9.2],[160.8,-9],[160.7,-8.6],[160.7,-8.5],[160.6,-8.4],[160.6,-8.3],[160.7,-8.3]]],[[[161.7,-10.4],[161.8,-10.4],[162.1,-10.5],[162.3,-10.7],[162.3,-10.8],[162.4,-10.8],[162.1,-10.8],[161.8,-10.7],[161.5,-10.6],[161.5,-10.4],[161.3,-10.3],[161.3,-10.2],[161.5,-10.2],[161.7,-10.4]]]]}},{"type":"Feature","properties":{"iso3":"SVK","iso2":"SK","name":"Slovakia","continent":"Europe","subregion":"Eastern Europe"},"geometry":{"type":"Polygon","coordinates":[[[22.5,49.1],[22.1,48.6],[22.1,48.4],[21.7,48.3],[21.5,48.6],[20.5,48.5],[20.3,48.3],[20,48.1],[19.6,48.2],[19.5,48.1],[18.8,48],[18.7,47.8],[17.6,47.8],[17.1,48],[16.9,48.4],[17.1,48.8],[17.8,48.9],[18.1,49.1],[18.2,49.3],[18.6,49.5],[18.9,49.5],[19,49.4],[19.1,49.4],[19.4,49.6],[19.8,49.4],[19.8,49.2],[20.1,49.2],[20.4,49.4],[20.9,49.3],[21.1,49.4],[21.4,49.4],[21.9,49.3],[22,49.2],[22.5,49.1]]]}},{"type":"Feature","properties":{"iso3":"SVN","iso2":"SI","name":"Slovenia","continent":"Europe","subregion":"Southern Europe"},"geometry":{"type":"Polygon","coordinates":[[[16.5,46.5],[16.3,46.5],[16.2,46.5],[16.2,46.4],[16.1,46.4],[15.9,46.3],[15.6,46.2],[15.6,46.1],[15.7,46],[15.7,45.9],[15.3,45.7],[15.4,45.7],[15.3,45.6],[15.3,45.5],[15.2,45.4],[15,45.5],[14.8,45.5],[14.6,45.7],[14.4,45.5],[14,45.5],[13.9,45.4],[13.6,45.5],[13.9,45.6],[13.7,45.8],[13.6,45.8],[13.6,46],[13.5,46],[13.6,46.2],[13.4,46.2],[13.4,46.3],[13.7,46.5],[14.5,46.4],[14.9,46.6],[15.4,46.6],[15.8,46.7],[16,46.7],[16,46.8],[16.1,46.9],[16.3,46.9],[16.4,46.6],[16.5,46.5]]]}},{"type":"Feature","properties":{"iso3":"SGP","iso2":"SG","name":"Singapore","continent":"Asia","subregion":"South-Eastern Asia"},"geometry":{"type":"Polygon","coordinates":[[[104,1.3],[103.8,1.3],[103.7,1.3],[103.7,1.4],[103.8,1.4],[104,1.4],[104,1.3]]]}},{"type":"Feature","properties":{"iso3":"SLE","iso2":"SL","name":"Sierra Leone","continent":"Africa","subregion":"Western Africa"},"geometry":{"type":"MultiPolygon","coordinates":[[[[-10.3,8.5],[-10.4,8.2],[-10.6,8.1],[-10.6,7.8],[-11.3,7.2],[-11.5,6.9],[-11.7,7.1],[-12.5,7.4],[-12.4,7.5],[-12.5,7.7],[-12.5,7.8],[-12.6,7.7],[-12.7,7.7],[-12.9,7.8],[-13,8.1],[-13,8.2],[-13.1,8.2],[-13.3,8.4],[-13.3,8.5],[-13.1,8.4],[-12.9,8.6],[-13.1,8.6],[-13.2,8.6],[-13.2,8.7],[-13.2,8.8],[-13.1,8.9],[-13.2,8.9],[-13.3,9],[-13.1,9],[-13,9.1],[-13,9.3],[-12.8,9.4],[-12.5,9.9],[-12.4,9.9],[-12.3,9.9],[-12.1,9.9],[-11.9,9.9],[-11.9,10],[-11.3,10],[-11.2,10],[-10.7,9.3],[-10.7,9.1],[-10.6,9.1],[-10.6,8.9],[-10.5,8.7],[-10.7,8.3],[-10.6,8.3],[-10.4,8.5],[-10.3,8.5]]],[[[-12.5,7.4],[-12.6,7.5],[-13,7.6],[-12.9,7.6],[-12.6,7.6],[-12.5,7.6],[-12.5,7.5],[-12.5,7.4]]]]}},{"type":"Feature","properties":{"iso3":"SYC","iso2":"SC","name":"Seychelles","continent":"Seven seas (open ocean)","subregion":"Eastern Africa"},"geometry":{"type":"Polygon","coordinates":[[[55.5,-4.7],[55.5,-4.8],[55.5,-4.7],[55.4,-4.6],[55.5,-4.6],[55.5,-4.7]]]}},{"type":"Feature","properties":{"iso3":"SRB","iso2":"RS","name":"Serbia","continent":"Europe","subregion":"Southern Europe"},"geometry":{"type":"Polygon","coordinates":[[[21.4,44.8],[21.6,44.7],[21.9,44.7],[22.1,44.5],[22.5,44.7],[22.7,44.6],[22.6,44.5],[22.5,44.5],[22.5,44.4],[22.7,44.2],[22.6,44.2],[22.6,44.1],[22.4,44],[22.4,43.8],[22.6,43.5],[23,43.2],[22.9,43.1],[22.7,42.9],[22.5,42.8],[22.4,42.6],[22.5,42.5],[22.4,42.3],[22.2,42.4],[21.6,42.2],[21.5,42.3],[21.6,42.4],[21.8,42.7],[21.4,42.8],[21.2,42.9],[21.1,43.1],[20.8,43.2],[20.8,43.3],[20.6,43.2],[20.7,43.1],[20.6,43],[20.5,43],[20.5,42.9],[20.3,42.8],[20.3,42.9],[19.6,43.2],[19.2,43.4],[19.2,43.5],[19.3,43.6],[19.5,43.6],[19.5,43.7],[19.2,44],[19.5,44],[19.6,44],[19.1,44.4],[19.2,44.5],[19.3,44.7],[19.3,44.9],[19.2,44.9],[19,44.9],[19.1,44.9],[19.1,45.1],[19.1,45.2],[19.3,45.2],[19.4,45.2],[19,45.4],[19.1,45.5],[18.9,45.6],[18.9,45.7],[18.8,45.8],[18.9,45.9],[19.1,46],[19.3,46],[19.5,46.2],[20.2,46.1],[20.7,45.7],[20.8,45.7],[20.8,45.5],[21,45.3],[21.5,45.1],[21.4,45],[21.5,44.9],[21.4,44.9],[21.4,44.8]]]}},{"type":"Feature","properties":{"iso3":"SEN","iso2":"SN","name":"Senegal","continent":"Africa","subregion":"Western Africa"},"geometry":{"type":"Polygon","coordinates":[[[-12.3,14.8],[-12.2,14.6],[-12.2,14.5],[-12,14.2],[-12,13.9],[-12.1,13.6],[-11.8,13.3],[-11.6,13.4],[-11.4,12.9],[-11.5,12.6],[-11.4,12.4],[-12.3,12.3],[-12.9,12.5],[-13.1,12.5],[-13.1,12.6],[-15.2,12.7],[-15.6,12.5],[-16.7,12.4],[-16.8,12.5],[-16.4,12.6],[-16.6,12.7],[-16.8,12.6],[-16.8,13.1],[-16.6,13.2],[-15.8,13.2],[-15.8,13.3],[-15.3,13.4],[-15.2,13.6],[-14.2,13.2],[-13.8,13.4],[-14,13.5],[-14.4,13.5],[-15.1,13.8],[-15.4,13.7],[-15.5,13.6],[-16.6,13.6],[-16.8,13.9],[-16.6,14],[-16.8,14],[-17.2,14.6],[-17.3,14.7],[-17.4,14.7],[-17.5,14.8],[-17.1,14.9],[-16.8,15.3],[-16.2,16.5],[-15.8,16.5],[-15,16.7],[-14.3,16.6],[-13.9,16.1],[-13.5,16.1],[-13.2,15.6],[-12.3,14.8]]]}},{"type":"Feature","properties":{"iso3":"SAU","iso2":"SA","name":"Saudi Arabia","continent":"Asia","subregion":"Western Asia"},"geometry":{"type":"MultiPolygon","coordinates":[[[[36.9,25.4],[36.7,25.5],[36.5,25.6],[36.5,25.7],[36.6,25.6],[36.7,25.6],[37,25.4],[36.9,25.4]]],[[[42,16.7],[42.1,16.7],[42,16.8],[42.1,16.8],[42.2,16.7],[42.2,16.6],[42.1,16.7],[42,16.7],[41.9,16.7],[41.8,16.8],[41.9,16.9],[41.9,17],[41.9,16.9],[42,16.8],[41.9,16.7],[42,16.7]]],[[[52,19],[49,18.6],[48.2,18.2],[47.4,17.1],[47.1,16.9],[46.7,17.3],[45.1,17.4],[43.9,17.3],[43.4,17.5],[43.2,17.4],[43.2,16.7],[42.8,16.4],[42.3,17.4],[41.8,17.9],[41.2,18.7],[40.8,19.8],[39.7,20.4],[39.3,21],[39,21.9],[39.1,22.6],[38.5,23.7],[37.5,24.3],[37.2,24.8],[37.1,25.3],[35.2,28],[34.6,28.1],[35,29.4],[36.1,29.2],[36.8,29.9],[37.5,30],[38,30.5],[37,31.5],[39.1,32.1],[40.4,31.9],[42.1,31.1],[44.7,29.2],[47.4,29],[47.7,28.5],[48.4,28.5],[48.8,27.7],[50.1,26.7],[50,26.7],[50.2,26.3],[50.1,26],[50.9,24.7],[51.4,24.6],[51.3,24.3],[51.6,24.3],[52.6,22.9],[55.2,22.7],[55.6,22],[55,20],[52.1,19],[52,19]]],[[[36.6,25.7],[36.5,25.7],[36.5,25.8],[36.6,25.9],[36.6,25.7]]]]}},{"type":"Feature","properties":{"iso3":"STP","iso2":"ST","name":"São Tomé and Principe","continent":"Africa","subregion":"Middle Africa"},"geometry":{"type":"MultiPolygon","coordinates":[[[[7.4,1.6],[7.4,1.5],[7.3,1.6],[7.4,1.7],[7.5,1.7],[7.5,1.6],[7.4,1.6]]],[[[6.7,0.1],[6.6,0],[6.5,0.1],[6.5,0.2],[6.5,0.3],[6.6,0.4],[6.7,0.4],[6.7,0.3],[6.8,0.2],[6.7,0.1]]]]}},{"type":"Feature","properties":{"iso3":"SMR","iso2":"SM","name":"San Marino","continent":"Europe","subregion":"Southern Europe"},"geometry":{"type":"Polygon","coordinates":[[[12.5,43.9],[12.4,43.9],[12.4,44],[12.5,44],[12.5,43.9]]]}},{"type":"Feature","properties":{"iso3":"WSM","iso2":"WS","name":"Samoa","continent":"Oceania","subregion":"Polynesia"},"geometry":{"type":"MultiPolygon","coordinates":[[[[-172.3,-13.5],[-172.2,-13.6],[-172.2,-13.7],[-172.2,-13.8],[-172.3,-13.8],[-172.5,-13.8],[-172.7,-13.6],[-172.8,-13.5],[-172.7,-13.5],[-172.5,-13.5],[-172.3,-13.5]]],[[[-171.5,-14],[-171.7,-14],[-171.9,-14],[-172,-13.9],[-172,-13.8],[-171.9,-13.8],[-171.6,-13.9],[-171.5,-13.9],[-171.5,-14],[-171.4,-14],[-171.5,-14]]]]}},{"type":"Feature","properties":{"iso3":"VCT","iso2":"VC","name":"St. Vin. and Gren.","continent":"North America","subregion":"Caribbean"},"geometry":{"type":"MultiPolygon","coordinates":[[[[-61.2,13.2],[-61.2,13.1],[-61.3,13.2],[-61.3,13.3],[-61.2,13.4],[-61.1,13.4],[-61.1,13.3],[-61.1,13.2],[-61.2,13.2]]],[[[-61.2,13],[-61.3,13],[-61.2,13],[-61.2,13.1],[-61.2,13]]],[[[-61.3,12.7],[-61.3,12.7],[-61.4,12.7],[-61.4,12.7],[-61.3,12.7],[-61.3,12.7],[-61.3,12.7],[-61.3,12.7],[-61.3,12.7],[-61.3,12.7],[-61.3,12.7],[-61.3,12.7],[-61.3,12.7],[-61.3,12.7],[-61.3,12.7],[-61.3,12.7]]]]}},{"type":"Feature","properties":{"iso3":"LCA","iso2":"LC","name":"Saint Lucia","continent":"North America","subregion":"Caribbean"},"geometry":{"type":"Polygon","coordinates":[[[-60.9,13.8],[-61,13.7],[-61.1,13.8],[-61.1,13.9],[-61,14],[-60.9,14.1],[-60.9,14],[-60.9,13.8]]]}},{"type":"Feature","properties":{"iso3":"KNA","iso2":"KN","name":"St. Kitts and Nevis","continent":"North America","subregion":"Caribbean"},"geometry":{"type":"MultiPolygon","coordinates":[[[[-62.5,17.1],[-62.6,17.1],[-62.6,17.2],[-62.5,17.2],[-62.5,17.1]]],[[[-62.6,17.2],[-62.7,17.2],[-62.7,17.3],[-62.8,17.3],[-62.8,17.4],[-62.7,17.4],[-62.6,17.3],[-62.6,17.2]]]]}},{"type":"Feature","properties":{"iso3":"RWA","iso2":"RW","name":"Rwanda","continent":"Africa","subregion":"Eastern Africa"},"geometry":{"type":"Polygon","coordinates":[[[29.6,-1.4],[29.8,-1.3],[29.9,-1.5],[30.1,-1.4],[30.4,-1.1],[30.5,-1.1],[30.5,-1.2],[30.6,-1.4],[30.7,-1.4],[30.8,-1.6],[30.8,-2],[30.9,-2.1],[30.8,-2.3],[30.6,-2.4],[30.4,-2.3],[30.1,-2.4],[29.9,-2.3],[29.9,-2.7],[29.7,-2.8],[29.4,-2.8],[29.3,-2.7],[29.1,-2.6],[29,-2.7],[28.9,-2.7],[28.9,-2.4],[29.1,-2.2],[29.1,-1.8],[29.4,-1.5],[29.5,-1.4],[29.6,-1.4]]]}},{"type":"Feature","properties":{"iso3":"RUS","iso2":"RU","name":"Russia","continent":"Europe","subregion":"Eastern Europe"},"geometry":{"type":"MultiPolygon","coordinates":[[[[145.9,43.5],[145.9,43.5],[145.9,43.5],[145.9,43.5],[145.9,43.4],[145.9,43.4],[145.9,43.4],[145.9,43.4],[145.9,43.4],[145.9,43.4],[145.9,43.4],[145.9,43.5],[145.9,43.5],[145.9,43.5]]],[[[146.4,43.6],[146.3,43.6],[146.3,43.7],[146.3,43.6],[146.4,43.6]]],[[[146,43.4],[146,43.4],[146,43.4],[146,43.4],[146.1,43.4],[146.1,43.4],[146.1,43.4],[146.1,43.4],[146,43.4]]],[[[137.2,55.1],[137.1,54.9],[137,54.9],[136.9,55],[136.8,54.9],[136.7,55],[136.8,55],[137,55.1],[137.2,55.1]]],[[[150.6,59],[150.5,59],[150.5,59.1],[150.6,59.1],[150.7,59.2],[150.7,59.1],[150.6,59]]],[[[120.3,73.1],[120,73],[119.8,73],[119.6,73.1],[119.8,73.2],[120,73.2],[120.1,73.2],[120.2,73.1],[120.3,73.1]]],[[[124.5,73.9],[124.5,73.8],[124.4,73.9],[124.3,73.9],[124.4,73.9],[124.5,73.9],[124.7,73.9],[124.5,73.9]]],[[[106.3,78.2],[106.2,78.2],[106,78.2],[106.1,78.3],[106.4,78.3],[106.5,78.3],[106.6,78.3],[106.7,78.3],[106.5,78.3],[106.5,78.2],[106.3,78.2]]],[[[107.4,77.2],[107.3,77.2],[107.3,77.3],[107.4,77.3],[107.5,77.3],[107.6,77.3],[107.7,77.3],[107.4,77.2]]],[[[97.6,76.6],[97.5,76.6],[97.4,76.6],[97.3,76.6],[97.3,76.7],[97.4,76.7],[97.6,76.6]]],[[[96.9,76.2],[96.8,76.2],[96.7,76.2],[96.7,76.3],[96.8,76.3],[96.9,76.4],[97,76.3],[97.1,76.3],[97,76.2],[96.9,76.2]]],[[[100.1,79.6],[99.9,79.6],[100,79.7],[100.1,79.7],[100.3,79.7],[100.1,79.6]]],[[[76.8,73.4],[76.7,73.4],[76.2,73.5],[76.1,73.5],[76.1,73.6],[76.3,73.6],[76.8,73.4]]],[[[82.7,74.1],[82.6,74.1],[82.4,74.1],[82.3,74.1],[82.5,74.2],[82.6,74.1],[82.7,74.1]]],[[[84.8,74.5],[84.7,74.4],[84.4,74.4],[84.4,74.5],[84.7,74.5],[84.9,74.5],[84.8,74.5]]],[[[86.7,75],[87,75],[87.1,75],[87.1,74.9],[87,74.9],[86.9,74.8],[86.4,74.9],[86.3,74.9],[86.6,75],[86.7,75]]],[[[59.3,81.3],[59.1,81.3],[58.7,81.3],[58.6,81.3],[58.6,81.4],[58.9,81.4],[59.1,81.4],[59.3,81.4],[59.4,81.3],[59.3,81.3]]],[[[-179.8,68.9],[-178.9,68.8],[-178.5,68.6],[-178.8,68.7],[-178.7,68.5],[-178.1,68.4],[-178.1,68.3],[-177.8,68.3],[-178.4,68.6],[-177.5,68.3],[-177.6,68.2],[-177.3,68.2],[-175.3,67.7],[-175.2,67.4],[-175.4,67.4],[-175,67.4],[-174.8,67.3],[-174.9,67.1],[-174.8,66.8],[-174.9,66.6],[-174.5,66.5],[-174.4,66.3],[-174.1,66.5],[-174.1,66.2],[-173.8,66.4],[-174.2,66.6],[-174,66.8],[-174.1,66.9],[-174.6,67.1],[-173.7,67.1],[-173.2,67.1],[-173.3,67],[-173.3,66.9],[-173.3,66.8],[-173.2,66.9],[-173.2,67],[-172.5,67],[-173,67.1],[-171.8,66.9],[-170.5,66.3],[-170.6,66.2],[-170.3,66.3],[-170.2,66.2],[-169.8,66.1],[-169.7,66.1],[-170.5,65.9],[-170.6,65.7],[-170.7,65.6],[-171.5,65.8],[-171.1,65.5],[-171.2,65.5],[-171.9,65.5],[-172.4,65.7],[-172.8,65.7],[-172.4,65.5],[-172.4,65.4],[-172.2,65.5],[-172.3,65.3],[-172.7,65.2],[-172.3,65.2],[-172.2,65],[-173.1,64.8],[-172.8,64.8],[-172.9,64.6],[-172.5,64.5],[-172.4,64.4],[-172.7,64.4],[-172.9,64.5],[-172.9,64.4],[-173.2,64.3],[-173.4,64.4],[-173.3,64.5],[-173.7,64.4],[-174.6,64.7],[-175.4,64.8],[-175.9,65],[-175.9,65.2],[-176.1,65.5],[-177.1,65.6],[-177.5,65.5],[-178.4,65.5],[-178.5,65.6],[-178.5,65.7],[-178.9,66],[-178.7,66],[-178.5,66.4],[-178.9,66.2],[-179.1,66.2],[-179.1,66.4],[-179.3,66.3],[-179.3,66.2],[-179.7,66.2],[-179.8,65.9],[-179.4,65.6],[-179.4,65.5],[-179.7,65.2],[-180,65.1],[-180,69],[-179.8,68.9]]],[[[130.7,42.3],[130.4,42.7],[131.1,42.9],[131.3,43.4],[131.3,44.1],[131,44.8],[131.9,45.3],[132.9,45],[133.1,45.1],[133.2,45.5],[133.9,46.2],[134.2,47.3],[134.8,47.7],[134.6,48],[134.7,48.3],[134.3,48.4],[133.1,48.1],[132.5,47.7],[131,47.7],[130.6,48.9],[130.2,48.9],[129.5,49.4],[128,49.6],[127.6,49.8],[127.6,50.2],[127.3,50.4],[127.3,50.7],[126,52.7],[125.6,53],[123.6,53.5],[121,53.3],[120.1,52.8],[120.1,52.6],[120.7,52.6],[120.7,52],[120.1,51.6],[119.2,50.4],[119.3,50.3],[119.3,50.1],[117.9,49.5],[116.2,50],[115.4,49.9],[114.3,50.3],[112.8,49.5],[110.7,49.1],[108.6,49.3],[108,49.7],[107.9,49.9],[107.2,50],[106.7,50.3],[105.4,50.5],[104.1,50.2],[103.3,50.2],[102.3,50.6],[102.1,51.4],[98.9,52.1],[98,51.4],[97.8,51.1],[98.3,50.5],[98.3,50.3],[97.4,49.7],[96.1,50],[94.6,50],[94.3,50.6],[93.1,50.6],[92.4,50.9],[90.1,50.1],[89.1,49.5],[88.2,49.5],[88,49.2],[87.4,49.1],[86.6,49.6],[86.7,49.8],[86.2,49.5],[85.2,49.6],[85,50.1],[84.3,50.2],[83.9,50.8],[83.4,51],[82.5,50.7],[81.5,50.7],[81.4,51],[81.1,51],[81.1,51.2],[80.7,51.3],[80,50.8],[77.9,53.3],[76.5,54],[76.4,54.2],[76.7,54.1],[76.8,54.4],[75.4,54.1],[74.4,53.5],[73.9,53.6],[73.4,53.4],[73.3,53.7],[73.7,54],[73.2,54],[72.6,54.1],[72.4,53.9],[72.2,54.3],[71.1,54.2],[71.2,54.6],[70.7,55.3],[70.2,55.2],[69,55.4],[68.2,55.2],[68.2,55],[65.5,54.6],[65.1,54.3],[64.5,54.4],[61.9,53.9],[61.2,54],[61,53.6],[61.5,53.5],[61.2,53.3],[62.1,53],[61,53],[60.8,52.7],[61,52.3],[60,51.9],[61.6,51.3],[61.4,50.9],[60.9,50.7],[60.1,50.9],[59.5,50.5],[58.4,51.1],[57.8,51.1],[57.4,50.9],[56.5,51],[55.7,50.6],[54.6,51],[54.6,50.5],[54.1,51],[53.3,51.5],[52.6,51.5],[52.2,51.7],[51.3,51.5],[50.8,51.7],[50.3,51.3],[48.6,50.6],[48.8,49.9],[48.3,49.9],[47.7,50.4],[47.4,50.4],[46.9,49.7],[46.8,49.4],[47,49.2],[46.7,48.8],[46.7,48.4],[47.1,48.2],[47.3,47.7],[48.2,47.7],[49,46.8],[48.6,46.8],[48.5,46.6],[49.2,46.3],[48.7,46.1],[48.7,45.9],[47.6,45.6],[47.5,45.7],[47.5,45.5],[47.1,44.8],[46.7,44.6],[47.3,44.1],[47.5,43.6],[47.6,43.9],[47.5,43],[48.6,41.8],[47.9,41.2],[47.5,41.2],[46.7,41.8],[45.6,42.2],[45.7,42.5],[44.9,42.8],[44.8,42.6],[44.5,42.7],[43.8,42.6],[43.8,42.7],[42.8,43.2],[41.6,43.2],[40.6,43.5],[40,43.4],[38.7,44.3],[36.7,45.1],[36.9,45.3],[36.8,45.4],[37.2,45.3],[37.6,45.4],[37.9,46],[38.5,46.1],[37.8,46.6],[38.5,46.7],[38.4,46.8],[39.3,47],[39.2,47.3],[38.2,47.1],[38.2,47.3],[38.3,47.6],[38.8,47.8],[39.8,47.9],[40,48.3],[39.6,48.6],[40,48.8],[39.7,49],[40.1,49.3],[40.1,49.6],[38.3,50.1],[38,49.9],[37.4,50.4],[36.6,50.2],[35.6,50.4],[35.3,51],[34.2,51.3],[34.1,51.7],[34.4,51.8],[33.7,52.3],[32.4,52.3],[32.1,52.1],[31.8,52.1],[31.6,52.8],[31.3,53],[31.4,53.2],[32.1,53.1],[32.7,53.4],[32.5,53.7],[31.8,53.8],[31.8,54],[30.8,54.8],[31,55.1],[30.8,55.3],[30.9,55.6],[30.2,55.8],[29.5,55.7],[29.3,56],[28.3,56.1],[27.9,56.8],[27.6,56.8],[27.8,57.3],[27.4,57.6],[27.8,57.9],[27.5,58.2],[27.4,58.8],[28.2,59.4],[28.1,59.8],[28.3,59.7],[29.1,60],[30.2,60],[28.6,60.4],[28.5,60.7],[27.8,60.5],[31.2,62.5],[31.5,62.9],[30,63.7],[30.5,64.1],[30,64.5],[30.1,64.7],[29.6,65],[29.8,65.1],[29.6,65.2],[29.7,65.6],[30.1,65.8],[29.1,66.9],[30,67.7],[29.3,68.1],[28.7,68.2],[28.5,68.5],[28.8,68.8],[28.4,68.9],[30,69.4],[30.2,69.6],[30.9,69.5],[30.9,69.8],[31.5,69.7],[32,69.8],[32,70],[33,69.7],[32.1,69.6],[32.4,69.5],[33.5,69.4],[33.1,69.1],[33.7,69.3],[35.9,69.2],[41,67.7],[41.1,67.3],[41.4,67.2],[41.2,66.8],[40.1,66.3],[38.7,66.1],[34.5,66.6],[33.2,66.8],[32.9,67.1],[31.9,67.2],[33.7,66.4],[33.4,66.3],[34.7,66],[34.8,65.8],[34.4,65.4],[35,64.4],[37.4,63.8],[38.1,64.1],[38,64.3],[37.2,64.4],[36.6,64.8],[36.5,64.9],[36.9,65.2],[39.8,64.6],[40.4,64.8],[39.8,65.3],[39.8,65.6],[42.2,66.5],[43.2,66.4],[43.7,66.3],[43.5,66.1],[44.1,66],[44.5,66.7],[44.4,66.9],[43.8,67.3],[44.2,68.3],[43.3,68.7],[45.9,68.5],[46.7,67.8],[45.5,67.8],[44.9,67.4],[45.9,66.9],[46.5,66.8],[47.7,67],[47.9,67.6],[48.8,67.7],[48.8,67.9],[52,68.5],[52.4,68.4],[52.7,68.5],[52.3,68.6],[53.8,69],[54.5,69],[53.8,68.9],[54,68.8],[53.8,68.6],[53.9,68.4],[53.3,68.3],[54.9,68.2],[55.4,68.6],[57.1,68.6],[59.1,69],[59.4,68.7],[59.1,68.4],[59.7,68.4],[59.9,68.5],[59.9,68.7],[60.5,68.7],[60.9,69],[60.2,69.6],[60.9,69.8],[64.2,69.5],[68.5,68.3],[69.1,69],[68.5,69],[68,69.5],[67.6,69.6],[67.1,69.7],[66.9,69.6],[66.9,70],[67.2,70.1],[67.3,70.7],[66.7,70.8],[66.8,71.1],[66.6,71.1],[68.3,71.7],[69.4,73],[71.5,72.9],[72.8,72.7],[72.6,72],[71.9,71.5],[72.7,71],[72.7,70.5],[72.5,70.3],[72.6,69],[73.6,68.5],[73.1,68.2],[73.1,67.8],[71.8,67],[71.4,67],[71.5,66.7],[70.7,66.5],[70.4,66.6],[70.7,66.7],[69,66.8],[69.2,66.6],[70,66.4],[72.1,66.3],[72.4,66.6],[73.8,67],[74.1,67.4],[74.8,67.8],[74.7,68.1],[74.4,68.4],[74.6,68.8],[75.1,68.9],[76.5,69],[77.2,68.5],[77.2,67.8],[77.8,67.6],[78.9,67.6],[77.6,67.8],[77.7,68.2],[78,68.3],[77.7,68.9],[76,69.2],[74.8,69.1],[73.8,69.2],[73.9,69.4],[73.6,69.8],[74.3,70.6],[73.1,71.4],[73.7,71.8],[75,72.1],[75.1,72.5],[74.8,72.8],[75.4,72.8],[75.6,72.6],[75.7,72.3],[75.3,72],[75.5,71.7],[75.3,71.4],[75.7,71.3],[79,71],[78.5,71],[78.2,71.3],[76.4,71.6],[76,71.9],[76.9,72],[77.6,71.8],[78.2,71.9],[78,72.1],[77.4,72.1],[78.5,72.4],[79.4,72.4],[81.7,71.7],[83.1,71.7],[83.2,71.7],[83,71.5],[82.3,71.3],[82.2,70.6],[82.2,70.4],[82.6,70.9],[83,70.9],[83,70.6],[82.7,70.2],[83.1,70.1],[83.1,70.3],[83.7,70.5],[83.2,71.1],[83.5,71.7],[82.1,72.3],[80.8,72.5],[80.7,72.7],[80.8,72.9],[80.4,73.2],[80.6,73.6],[86.9,73.9],[87,73.8],[85.8,73.4],[86.7,73.1],[85.9,73.4],[87.6,73.8],[86,74.3],[87.2,74.4],[85.8,74.6],[86.2,74.8],[86.9,74.7],[87.5,75],[86.9,75.1],[87,75.2],[94.2,76],[92.9,76],[93.3,76.1],[95.6,76.1],[96.1,76.1],[95.7,75.9],[96.6,76],[96.5,75.9],[98.7,76.2],[99.8,76],[99.5,75.8],[99.9,75.9],[99.8,76.1],[98.8,76.5],[101.6,76.4],[100.9,76.6],[101.1,76.7],[100.9,76.9],[102.6,77.5],[104,77.7],[106.1,77.4],[104.2,77.1],[107.4,76.9],[106.4,76.5],[107.7,76.5],[108.2,76.7],[111.1,76.7],[112.1,76.5],[111.9,76.4],[112.6,76.4],[112.8,76.1],[112.7,76.1],[113.3,76.3],[113.6,75.9],[113.9,75.9],[113.6,75.6],[112.5,75.8],[113.7,75.5],[112.9,75],[109.8,74.3],[109.8,74.2],[108.2,73.7],[107.3,73.6],[105.1,72.8],[106.5,73.1],[107.8,73.2],[110.9,73.7],[109.7,73.8],[110.3,74],[111.6,74],[111.2,74],[112.1,73.7],[113,73.9],[113.4,73.6],[113.2,73.5],[113.5,73.3],[113.5,73],[113.1,72.8],[113.7,72.6],[113.2,72.8],[113.9,73.3],[113.5,73.5],[114.1,73.6],[118.5,73.6],[118.9,73.5],[118.5,73.5],[118.4,73.2],[119.8,73],[122.5,72.9],[122.8,72.9],[122.5,73],[123.2,73],[123.6,73.2],[123.3,73.4],[123.4,73.6],[124.5,73.8],[125.6,73.4],[126.3,73.5],[126.6,73.3],[127,73.5],[127.7,73.5],[129.1,73.1],[128.6,72.9],[129.3,72.7],[128.4,72.5],[129.3,72.4],[129.4,72.3],[129.3,72.1],[127.7,72.4],[128.9,71.8],[129.2,71.9],[129.5,71.7],[128.8,71.7],[129.8,71.1],[130.8,71],[131,70.7],[131.6,70.9],[132.7,71.9],[133.7,71.4],[134.7,71.4],[136.1,71.6],[137.9,71.1],[137.8,71.2],[138.3,71.3],[137.9,71.4],[138.2,71.6],[140,71.5],[139.7,71.7],[139.7,71.9],[139.4,72],[140.2,72.2],[139.2,72.2],[139.1,72.3],[141.1,72.6],[140.7,72.8],[140.8,72.9],[146.3,72.4],[144.2,72.3],[144.5,72.2],[146.8,72.3],[146.1,71.9],[146.2,72.1],[145.8,72.2],[145.8,71.9],[145.1,71.9],[145,71.8],[145.2,71.7],[146.1,71.8],[147.3,72.3],[149.5,72.2],[150,71.9],[148.9,71.7],[150.7,71.5],[150.1,71.2],[151.6,71.3],[152.1,71],[151.8,71],[152.5,70.8],[155.9,71.1],[158.7,70.9],[159.9,70.5],[159.8,69.8],[160.9,69.6],[161,69.1],[161.3,68.9],[160.9,68.5],[161.6,68.9],[161.5,69.4],[163.2,69.7],[166.8,69.5],[167.9,69.7],[168.3,69.3],[169.3,69.1],[169.6,68.8],[170.5,68.8],[171,69.1],[170.6,69.6],[170.2,69.6],[170.5,69.9],[170.5,70.1],[173.3,69.8],[175.9,69.9],[178.8,69.4],[180,69],[180,65.1],[178.5,64.6],[176.9,65.1],[176.3,65],[177.2,64.9],[176.1,65],[174.5,64.7],[176.1,64.9],[176.4,64.7],[176.1,64.6],[177.4,64.8],[177.4,64.4],[177.7,64.3],[178,64.2],[178.2,64.4],[178.7,63.8],[178.7,63.7],[178.5,63.6],[179.3,63.2],[179.3,63],[179.6,62.8],[179.1,62.3],[177,62.8],[177.2,62.6],[173.6,61.7],[173.1,61.4],[172.9,61.5],[172.9,61.3],[172.4,61.1],[170.6,60.4],[170.4,60],[169.2,60.6],[167.2,60.4],[166.3,59.9],[166.1,60],[166.4,60.5],[165.1,60.1],[165,59.8],[164.5,60.1],[164.1,59.9],[163.7,60],[163.4,59.8],[163.3,59.3],[162.1,58.4],[162,58.1],[162.4,57.7],[162.7,57.9],[163.2,57.8],[162.8,57.2],[162.8,56.8],[163.3,56.7],[163.3,56.2],[162.8,56.1],[162.6,56.2],[163,56.5],[162.7,56.5],[162.1,56.1],[161.7,55.5],[162.1,54.8],[161.6,54.5],[160.8,54.5],[160.1,54.2],[159.8,53.8],[160,53.1],[159.6,53.2],[158.7,52.9],[158.5,53],[158.6,52.9],[158.5,52.4],[158.1,51.8],[156.7,51],[155.6,55.2],[156,56.7],[156.8,57.3],[157,57.5],[156.8,57.8],[158.3,58],[162.1,60.5],[163.7,60.9],[163.6,61],[164,61.3],[163.8,61.5],[164.2,62.3],[165.4,62.5],[164.4,62.7],[163.3,62.6],[163,61.9],[163.3,61.7],[163.1,61.6],[162.4,61.7],[160.8,60.8],[160.2,60.6],[160.4,61],[159.8,61],[160.3,61.9],[159.6,61.7],[159.2,61.9],[157.1,61.7],[154.3,59.8],[154.1,59.5],[155,59.4],[155.2,59.2],[154,59.1],[153.4,59.2],[152.8,58.9],[152.3,59],[151.3,58.9],[151.1,59.1],[152.3,59.2],[151.3,59.6],[150.5,59.5],[150.7,59.6],[149.6,59.8],[149.1,59.6],[149.2,59.5],[148.8,59.5],[148.7,59.4],[149,59.4],[148.7,59.3],[146.5,59.5],[146,59.2],[145.6,59.4],[143.9,59.4],[142,59],[140.8,58.3],[140.4,57.8],[139.2,57.3],[137.7,56.1],[135.2,54.8],[135.9,54.6],[136.8,54.6],[136.8,53.8],[137.2,53.8],[137.1,54.2],[137.7,54.3],[137.3,54.1],[137.8,53.9],[137.3,53.5],[138,53.6],[138.5,54],[138.2,53.5],[138.5,53.5],[138.7,53.9],[138.7,54.3],[139.7,54.3],[141.4,53.3],[141.2,53],[140.8,53.1],[141.3,52.8],[141.1,52.4],[141.5,52.2],[140.9,51.6],[140.5,50.8],[140.6,50.1],[140.1,48.4],[138.6,47.1],[137.7,45.8],[135.9,44.4],[135.1,43.5],[133.2,42.7],[132.3,42.9],[132.3,43.3],[131.9,43.1],[131.9,43.3],[131.2,42.6],[130.7,42.7],[130.7,42.3]]],[[[47.4,80.9],[48.4,80.8],[48.7,80.7],[48.7,80.6],[48,80.7],[47.7,80.8],[47.3,80.6],[46.7,80.6],[46.5,80.5],[46.1,80.4],[46,80.6],[45.6,80.5],[44.9,80.6],[46.8,80.8],[47.4,80.9]]],[[[50.3,80.9],[50.8,80.9],[51.7,80.7],[51,80.5],[49.8,80.5],[49.6,80.4],[48.9,80.4],[48.7,80.3],[49,80.3],[49,80.2],[48.6,80.2],[48.4,80.1],[47.7,80.1],[47.6,80.1],[48,80.2],[47,80.2],[46.6,80.3],[47.9,80.5],[49.1,80.5],[49.2,80.6],[49.1,80.7],[49.2,80.8],[50.1,80.9],[50.3,80.9]]],[[[67.8,76.2],[61.4,75.3],[60.7,75.1],[60.3,75],[60.5,74.9],[59.7,74.7],[59.7,74.6],[59.2,74.7],[59,74.5],[58.5,74.5],[58.7,74.3],[58.6,74.2],[57.8,74],[57.9,73.9],[57.8,73.8],[57.3,73.8],[57.5,73.7],[57,73.4],[56.6,73.3],[55,73.5],[54.3,73.4],[54.1,73.5],[54.2,73.5],[53.8,73.8],[54.6,74],[55.3,74.4],[56.1,74.5],[55.6,74.6],[56.5,75],[56,75],[55.8,75.1],[55.9,75.2],[56.6,75.1],[56.9,75.2],[56.8,75.4],[57.6,75.3],[57.8,75.5],[58.1,75.6],[58.1,75.7],[60,76],[60.3,76.1],[60.9,76.1],[61.1,76.1],[61,76.2],[61.2,76.3],[63,76.2],[64.5,76.4],[65.8,76.6],[66.3,76.8],[67.5,77],[68.5,76.9],[68.9,76.8],[68.9,76.6],[68.2,76.3],[67.8,76.2]]],[[[55.3,73.3],[56.4,73.2],[56.2,73],[56.1,72.8],[55.7,72.8],[55.6,72.6],[55.4,72.5],[55.4,72.4],[55.5,72.2],[55.3,71.9],[56.5,71.1],[57.6,70.7],[57.1,70.6],[56.3,70.7],[56.6,70.6],[56.4,70.6],[56.1,70.7],[55.8,70.6],[55.7,70.7],[54.6,70.7],[53.7,70.8],[53.4,70.9],[53.6,70.9],[53.6,71.1],[53.7,71.1],[54.2,71.1],[53.4,71.3],[53.3,71.4],[53.4,71.5],[51.9,71.5],[51.6,71.6],[51.4,71.8],[51.4,71.9],[51.6,72.1],[52.3,72.1],[52.6,72.3],[52.9,72.7],[52.6,72.8],[52.9,72.9],[53.4,72.9],[53.2,73],[53.2,73.1],[53.3,73.2],[53.8,73.3],[55.1,73.4],[55.3,73.3]]],[[[96.5,81.1],[96.8,81],[97.8,80.8],[97.9,80.7],[97.1,80.6],[97,80.5],[97.4,80.3],[97.2,80.2],[94.6,80.1],[93.9,80],[92.2,80.2],[91.5,80.4],[92.6,80.5],[93.3,80.8],[92.6,80.8],[93.1,81],[94.8,81.1],[95.2,81.3],[95.8,81.3],[96.5,81.1]]],[[[97.7,80.2],[98,80],[97.6,79.9],[97.7,79.8],[98.1,79.9],[98.4,79.9],[98.6,80.1],[99.3,80],[99.9,79.8],[100.1,79.8],[99.8,79.6],[99.7,79.3],[99,79.3],[99.8,79.1],[99.9,79],[99.4,78.8],[97.6,78.8],[96.8,79],[94.8,79.1],[94.2,79.4],[93.1,79.5],[95,80.1],[95.3,80],[95.5,80.1],[97.6,80.2],[97.7,80.2]]],[[[102.9,79.3],[102.4,78.8],[103,79.1],[103.8,79.1],[104.6,78.8],[105.1,78.8],[105.3,78.6],[105.3,78.5],[104.7,78.3],[102.8,78.2],[101.2,78.2],[99.8,78],[99.3,78],[100,78.3],[100.4,78.8],[101,78.8],[100.9,78.9],[101.1,79.1],[101.5,79.3],[101.6,79.4],[102.3,79.3],[102.2,79.4],[102.4,79.4],[103.1,79.3],[102.9,79.3]]],[[[140,75.8],[140.8,75.6],[140.9,75.7],[141,76],[141.5,76.1],[142.7,75.9],[143.7,75.9],[145.4,75.5],[144.7,75.4],[144.9,75.3],[144,75],[143.2,75.1],[142.8,75.3],[142.7,75.4],[142.7,75.5],[143,75.6],[142.9,75.7],[142.3,75.7],[142.1,75.7],[142.2,75.4],[142.6,75.1],[143.1,75],[142.5,74.8],[142,75],[140.3,74.8],[139.7,75],[139.3,74.7],[139.1,74.7],[138.1,74.8],[137.2,75.1],[136.9,75.3],[137.3,75.3],[137.2,75.6],[137.3,75.7],[137.7,75.8],[137.5,75.9],[137.6,76],[138.8,76.2],[139.7,76],[140,75.8]]],[[[146.8,75.4],[147.1,75.4],[147.5,75.4],[148.4,75.4],[148.5,75.4],[148.5,75.3],[148.6,75.2],[149.1,75.3],[150.1,75.2],[150.5,75.1],[150.8,75.2],[150.6,74.9],[149.8,74.8],[149.1,74.8],[148.1,74.8],[147.6,75],[147.1,75],[146.1,75.2],[146.3,75.4],[146.4,75.6],[146.5,75.6],[146.8,75.5],[146.7,75.4],[146.8,75.4]]],[[[178.9,70.8],[178.8,70.8],[178.6,71],[178.7,71.1],[178.9,71.2],[179.5,71.4],[180,71.5],[180,71],[179.6,70.9],[179.2,70.9],[178.9,70.8]]],[[[142.8,54.4],[143,54.1],[142.9,53.8],[143.3,53],[143.3,52.6],[143.2,52.3],[143.2,51.9],[143.3,51.6],[143.5,51.5],[143.8,50.3],[144.3,49.2],[144.7,48.9],[144.7,48.6],[144.5,48.9],[144,49.2],[143.7,49.3],[143.1,49.2],[142.6,48.1],[142.6,47.7],[142.9,47.3],[143.2,46.8],[143.5,46.8],[143.6,46.4],[143.4,46],[143.3,46.6],[142.6,46.7],[142.4,46.6],[142.1,45.9],[142,46],[141.8,46.5],[142,47.1],[142,47.6],[142.2,48],[142.1,48.3],[141.9,48.8],[142.1,49.6],[142.1,50.6],[142.2,51.2],[141.7,51.7],[141.8,51.8],[141.7,51.9],[141.7,52.3],[141.9,52.8],[141.8,53.3],[142.1,53.5],[142.3,53.4],[142.5,53.4],[142.6,53.5],[142.5,53.6],[142.7,53.7],[142.7,53.9],[142.3,54.3],[142.6,54.3],[142.7,54.4],[142.8,54.4]]],[[[-178.9,71.6],[-178.4,71.5],[-177.5,71.2],[-177.8,71.1],[-179.2,70.9],[-179.5,70.9],[-180,71],[-180,71.5],[-179,71.6],[-178.9,71.6]]],[[[35.8,65.2],[35.8,65.1],[35.9,65.1],[35.8,65],[35.7,65.1],[35.6,65.1],[35.5,65.2],[35.6,65.2],[35.7,65.2],[35.8,65.2]]],[[[42.7,66.7],[42.5,66.7],[42.5,66.8],[42.6,66.8],[42.7,66.7]]],[[[52.9,71.4],[53.1,71.2],[53.2,71.2],[53.1,71.1],[53,71],[53.1,71],[53,71],[52.9,71.1],[52.8,71.1],[52.7,71.2],[52.5,71.3],[52.4,71.2],[52.3,71.3],[52.2,71.3],[52.3,71.4],[52.5,71.4],[52.6,71.4],[52.7,71.4],[52.8,71.4],[52.9,71.4]]],[[[168,54.6],[168.1,54.5],[167.5,54.8],[167.4,54.9],[167.5,54.9],[167.6,54.8],[167.7,54.8],[167.9,54.7],[168,54.6]]],[[[160.7,70.8],[160.5,70.8],[160.4,70.9],[160.6,70.9],[160.7,70.8]]],[[[161.5,68.9],[161.4,68.9],[161.5,69],[161.4,69],[161.2,69.1],[161.1,69.1],[161.1,69.2],[161.2,69.3],[161.1,69.4],[161.1,69.5],[161.3,69.5],[161.5,69.6],[161.6,69.6],[161.6,69.5],[161.5,69.4],[161.4,69.4],[161.4,69.1],[161.5,69],[161.5,68.9]]],[[[152.9,76.1],[152.8,76.1],[152.6,76.1],[152.6,76.2],[152.8,76.2],[152.9,76.2],[152.9,76.1]]],[[[149.2,76.7],[148.4,76.6],[148.7,76.7],[149.4,76.8],[149.3,76.7],[149.2,76.7]]],[[[138,71.5],[137.7,71.4],[137.6,71.4],[137.5,71.5],[137.3,71.5],[137.1,71.5],[137.1,71.6],[137.3,71.6],[137.8,71.6],[137.9,71.6],[137.9,71.5],[138,71.5]]],[[[107.7,78.1],[107.5,78.1],[107.3,78.1],[106.4,78.1],[107.6,78.2],[107.7,78.1]]],[[[112.5,76.6],[112.6,76.6],[112.7,76.5],[112.6,76.5],[112.5,76.5],[112.4,76.5],[112.3,76.5],[112.2,76.5],[112,76.6],[112.3,76.6],[112.4,76.6],[112.5,76.6]]],[[[96.5,76.3],[96.6,76.3],[96.6,76.2],[96.4,76.2],[96.3,76.1],[95.3,76.2],[95.4,76.3],[95.6,76.2],[96.3,76.3],[96.5,76.3]]],[[[96.3,77],[95.9,77],[95.7,77],[95.3,77],[96.5,77.2],[96.6,77.1],[96.4,77.1],[96.3,77]]],[[[89.5,77.2],[89.3,77.2],[89.1,77.2],[89.2,77.3],[89.3,77.3],[89.6,77.3],[89.7,77.3],[89.5,77.2]]],[[[74.7,72.9],[74.6,72.9],[74.4,72.9],[74.2,73],[74.1,73],[74.1,73.1],[74.2,73.1],[74.4,73.1],[74.7,73.1],[75,73.1],[74.7,73],[74.6,73],[74.7,72.9]]],[[[75.5,73.5],[75.3,73.4],[75.4,73.5],[75.6,73.5],[75.9,73.6],[76.1,73.5],[75.8,73.5],[75.5,73.5]]],[[[83.5,74.1],[83.5,74],[83.4,74],[83.2,74.1],[82.8,74.1],[82.9,74.1],[83.1,74.2],[83.5,74.1],[83.6,74.1],[83.5,74.1]]],[[[67.3,69.5],[67.3,69.4],[67.1,69.4],[67,69.5],[67.2,69.6],[67.3,69.6],[67.3,69.5]]],[[[66.6,70.5],[66.5,70.5],[66.4,70.6],[66.4,70.7],[66.4,70.8],[66.5,70.8],[66.5,70.7],[66.6,70.5]]],[[[70,66.5],[69.8,66.5],[69.7,66.6],[69.5,66.7],[69.5,66.8],[69.8,66.7],[70.1,66.7],[70.1,66.6],[70.1,66.5],[70,66.5]]],[[[50.1,80.1],[50,80.1],[49.6,80.1],[49.6,80.2],[49.9,80.2],[50.3,80.2],[50.1,80.1]]],[[[51.4,79.9],[50.5,79.9],[50.1,80],[50.9,80.1],[51.3,80],[51.2,80],[51.3,80],[51.4,79.9]]],[[[50.8,81],[50.5,81],[50.4,81.1],[50.5,81.1],[50.5,81.2],[50.6,81.2],[50.7,81.2],[50.9,81.2],[50.9,81.1],[50.8,81.1],[50.8,81]]],[[[55.5,80.3],[55.2,80.2],[55,80.2],[55,80.3],[55.2,80.3],[55.4,80.3],[55.5,80.3]]],[[[54.4,80.5],[54.3,80.4],[53.8,80.5],[53.9,80.5],[53.9,80.6],[54.4,80.5]]],[[[59.7,80],[59.3,79.9],[58.9,80],[59.5,80.1],[59.8,80.1],[59.9,80],[59.7,80]]],[[[58.6,81],[58.9,80.9],[58.9,80.8],[58.6,80.8],[57.9,80.8],[57.7,80.9],[57.4,80.9],[57.2,81],[57.7,81],[58,81.1],[58.5,81.1],[58.6,81]]],[[[48,45.5],[47.9,45.6],[48,45.6],[48,45.5]]],[[[50.3,69.2],[50.3,69.1],[50.2,69],[50.1,69.1],[49.6,68.9],[48.9,68.7],[48.7,68.7],[48.4,68.8],[48.3,69],[48.3,69.3],[48.4,69.3],[49,69.5],[49.2,69.5],[50.2,69.3],[50.3,69.2]]],[[[63.4,80.7],[63,80.7],[62.5,80.8],[63.1,81],[64.1,81],[64.3,81.2],[64.6,81.2],[65.2,81.1],[65.4,81.1],[65.4,81],[65.4,80.9],[64.5,80.8],[63.4,80.7]]],[[[58,80.1],[57.3,80.2],[57.2,80.4],[57,80.5],[58.5,80.5],[59.3,80.3],[58.4,80.3],[58.3,80.3],[58.3,80.2],[58.2,80.2],[58,80.1]]],[[[62.2,80.8],[62.1,80.6],[61.7,80.6],[61.1,80.4],[60.3,80.5],[59.6,80.4],[59.3,80.5],[59.3,80.6],[59.4,80.7],[59.7,80.8],[60.1,80.8],[60.3,80.8],[61.6,80.9],[62.1,80.9],[62.2,80.8]]],[[[61.1,81],[60.8,80.9],[60.1,81],[60.6,81.1],[61.5,81.1],[61.6,81.1],[61.5,81],[61.1,81]]],[[[53.5,80.2],[52.6,80.2],[52.2,80.3],[52.7,80.3],[52.9,80.4],[53.2,80.4],[53.9,80.3],[53.7,80.2],[53.5,80.2]]],[[[57.1,80.4],[57.1,80.3],[57.1,80.2],[57.1,80.1],[57,80.1],[55.7,80.1],[56,80.2],[56,80.3],[56.9,80.4],[57.1,80.4]]],[[[57.8,81.5],[57.9,81.5],[58.6,81.4],[57.9,81.4],[58,81.3],[57.9,81.2],[57.5,81.1],[56.8,81.2],[56.5,81.2],[56.2,81.2],[55.7,81.2],[55.5,81.3],[56.2,81.3],[57.1,81.5],[57.7,81.6],[57.8,81.5]]],[[[54.7,81.1],[55.5,81],[56.5,81],[57.7,80.8],[56.8,80.7],[55.9,80.6],[55.1,80.8],[54.7,80.7],[54.1,80.8],[54,80.9],[54.4,80.9],[54.4,81],[54.6,81.1],[54.7,81.1]]],[[[63.7,81.6],[62.9,81.6],[62.1,81.7],[62.8,81.7],[63.7,81.7],[63.8,81.6],[63.7,81.6]]],[[[58.3,81.7],[57.9,81.7],[58,81.8],[58.1,81.8],[59.3,81.9],[59.4,81.8],[58.3,81.7]]],[[[92.7,79.7],[92.2,79.7],[91.4,79.8],[91.1,79.9],[91.1,80],[91.4,80],[92.2,80],[93.8,79.9],[93.6,79.8],[92.9,79.7],[92.7,79.7]]],[[[91.6,81.1],[91.2,81.1],[90,81.1],[89.9,81.2],[90.1,81.2],[91.5,81.2],[91.6,81.1]]],[[[141,74],[140.5,73.9],[140.4,73.9],[140.2,74],[140.1,74.2],[140.2,74.2],[140.3,74.3],[140.8,74.3],[140.9,74.3],[141,74.2],[141.1,74.2],[141,74.1],[141,74]]],[[[142.2,73.9],[142.6,73.8],[143.3,73.6],[143.5,73.5],[143.5,73.2],[142.3,73.3],[141.6,73.3],[140.7,73.5],[139.9,73.4],[139.8,73.4],[139.7,73.4],[140.4,73.5],[140.6,73.6],[141.1,73.9],[141.9,73.9],[142.2,73.9]]],[[[135.9,75.4],[135.7,75.4],[135.5,75.4],[135.5,75.5],[135.6,75.6],[135.6,75.7],[135.6,75.8],[135.7,75.8],[135.8,75.8],[135.8,75.7],[135.9,75.7],[136.2,75.6],[136,75.5],[136,75.4],[135.9,75.4]]],[[[136.2,73.9],[136.1,73.9],[135.7,74.1],[135.6,74.1],[135.4,74.2],[135.4,74.3],[135.6,74.2],[136,74.1],[136.3,74],[136.2,73.9]]],[[[137.9,55.1],[138,55.1],[138.2,55.1],[138.2,55],[138.1,55],[138,54.9],[138,54.8],[137.7,54.7],[137.5,54.8],[137.5,54.9],[137.3,54.8],[137.2,54.8],[137.3,54.9],[137.4,55],[137.6,55.2],[137.9,55.1]]],[[[169.2,69.6],[168.9,69.6],[168.3,69.7],[167.8,69.8],[168.1,70],[168.4,70],[169.4,69.9],[169.4,69.8],[169.3,69.8],[169.2,69.6]]],[[[163.6,58.6],[163.5,58.5],[163.4,58.5],[163.7,58.8],[163.8,58.9],[163.8,59],[164.6,59.2],[164.7,59],[164.6,58.9],[164,58.7],[163.6,58.6]]],[[[166.7,54.8],[166.6,54.7],[166.5,54.8],[166.4,54.8],[166.3,54.9],[166.2,54.9],[166.1,55],[166.1,55.1],[166,55.2],[165.8,55.3],[165.9,55.4],[166.3,55.3],[166.2,55.2],[166.4,55],[166.5,54.9],[166.6,54.9],[166.7,54.8]]],[[[154.8,49.3],[154.7,49.3],[154.6,49.3],[154.6,49.4],[154.8,49.6],[154.9,49.6],[154.8,49.5],[154.8,49.3]]],[[[156.4,50.7],[156.4,50.6],[156.3,50.6],[156.2,50.7],[156.2,50.8],[156.4,50.9],[156.5,50.9],[156.5,50.8],[156.4,50.7]]],[[[155.9,50.3],[155.8,50.2],[155.6,50.2],[155.5,50.1],[155.4,50],[155.3,50.1],[155.2,50.1],[155.2,50.2],[155.2,50.3],[155.3,50.3],[155.4,50.4],[155.7,50.4],[155.8,50.5],[155.9,50.7],[156,50.8],[156.1,50.8],[156.1,50.7],[156.1,50.6],[156,50.5],[155.9,50.3]]],[[[154.1,48.8],[154,48.7],[154,48.8],[154.1,48.8],[154.1,48.9],[154.2,48.9],[154.1,48.8]]],[[[155.6,50.8],[155.5,50.9],[155.6,50.9],[155.7,50.8],[155.6,50.8]]],[[[153.1,47.8],[153.1,47.7],[153,47.7],[153,47.8],[153.1,47.8]]],[[[152,46.9],[151.8,46.8],[151.7,46.9],[151.9,46.9],[152.2,47.1],[152.3,47.1],[152,46.9]]],[[[149.7,45.6],[149.4,45.6],[149.7,45.8],[149.8,45.9],[150,46],[150.3,46.2],[150.6,46.2],[150.2,46],[150.2,45.9],[149.9,45.8],[149.7,45.6]]],[[[148.6,45.3],[148.3,45.2],[147.9,45],[147.7,45],[147.6,44.8],[147.3,44.7],[147.2,44.6],[146.9,44.4],[146.9,44.5],[147.1,44.7],[147.2,44.8],[147.2,44.9],[147.9,45.2],[147.9,45.3],[147.9,45.4],[148.1,45.3],[148.3,45.3],[148.6,45.5],[148.8,45.5],[148.8,45.4],[148.8,45.3],[148.6,45.3]]],[[[146.7,43.7],[146.6,43.7],[146.6,43.8],[146.8,43.9],[146.9,43.8],[146.7,43.7]]],[[[146.2,44.5],[146.4,44.4],[146.6,44.4],[146.5,44.4],[146.1,44.2],[145.9,44.1],[145.8,43.9],[145.6,43.8],[145.6,43.7],[145.4,43.7],[145.5,43.9],[145.7,44.1],[146.1,44.5],[146.2,44.5]]],[[[113.4,74.4],[113.3,74.3],[112.8,74.1],[112.1,74.2],[111.6,74.3],[111.5,74.4],[111.9,74.4],[112,74.5],[112.1,74.5],[113.3,74.4],[113.4,74.4]]],[[[76.2,79.7],[77.6,79.5],[76.6,79.5],[76.2,79.6],[76.1,79.6],[76.1,79.7],[76.2,79.7]]],[[[80,80.8],[79.1,80.8],[79,80.8],[79.2,81],[79.8,81],[80.4,80.9],[80.3,80.9],[80,80.8]]],[[[70.7,73.1],[70,73],[69.9,73.1],[70,73.2],[70,73.4],[70.1,73.4],[70.4,73.5],[71,73.5],[71.6,73.3],[71.6,73.2],[70.9,73.1],[70.7,73.1]]],[[[77.6,72.3],[76.9,72.3],[76.9,72.4],[77.6,72.6],[78.3,72.6],[78.4,72.5],[77.8,72.3],[77.6,72.3]]],[[[79.5,72.7],[79.4,72.7],[78.9,72.8],[78.7,72.8],[78.6,72.9],[78.7,72.9],[79.2,73.1],[79.4,73],[79.5,72.9],[79.5,72.8],[79.5,72.7]]],[[[82.2,75.4],[82.1,75.3],[82,75.2],[81.9,75.3],[81.7,75.3],[81.6,75.3],[81.5,75.3],[81.5,75.4],[81.7,75.5],[81.8,75.4],[81.9,75.4],[81.9,75.5],[82.2,75.5],[82.2,75.4]]],[[[60.5,69.9],[60.5,69.8],[60.4,69.7],[60.2,69.7],[59.7,69.7],[59.6,69.7],[59.5,69.9],[59.1,69.9],[59,69.9],[58.7,70.1],[58.5,70.3],[58.8,70.4],[59,70.5],[59.6,70.2],[60.4,70],[60.5,69.9]]],[[[21,55.3],[20.6,55],[20.9,54.9],[21.2,54.9],[21.2,55.3],[21.4,55.3],[22.1,55.1],[22.6,55.1],[22.6,55],[22.8,54.9],[22.7,54.6],[22.7,54.5],[22.8,54.4],[19.6,54.5],[19.9,54.6],[19.9,54.8],[20,54.9],[20.5,55],[20.9,55.3],[21,55.3]]],[[[33.6,46.1],[33.7,46.2],[33.8,46.2],[34,46.1],[34.4,46.1],[34.4,46],[34.7,46],[34.8,45.9],[34.8,45.8],[35,45.7],[35.3,45.4],[35.5,45.3],[35.8,45.4],[36,45.4],[36.2,45.5],[36.6,45.4],[36.5,45.2],[36.4,45.1],[35.9,45],[35.7,45.1],[35.5,45.1],[35.4,45],[35.2,44.9],[35.1,44.8],[34.7,44.8],[34.5,44.7],[34.3,44.5],[34.1,44.4],[33.8,44.4],[33.5,44.6],[33.6,44.9],[33.6,45.1],[33.4,45.2],[33.2,45.2],[32.9,45.3],[32.6,45.3],[32.5,45.4],[33.1,45.7],[33.3,45.8],[33.7,45.9],[33.6,46],[33.6,46.1]]]]}},{"type":"Feature","properties":{"iso3":"ROU","iso2":"RO","name":"Romania","continent":"Europe","subregion":"Eastern Europe"},"geometry":{"type":"Polygon","coordinates":[[[28.2,45.5],[28.8,45.2],[28.8,45.3],[29.4,45.4],[29.7,45.3],[29.6,44.8],[29,44.8],[29.1,45],[28.9,44.9],[28.8,44.6],[28.9,44.6],[28.6,44.3],[28.6,43.7],[28.2,43.8],[27.9,44],[27.4,44],[27.1,44.2],[26.2,44],[25.5,43.7],[22.9,43.8],[22.9,43.9],[23,44.1],[22.5,44.4],[22.7,44.6],[22.5,44.7],[22.1,44.5],[21.4,44.8],[21.5,44.9],[21.4,45],[21.5,45.1],[20.8,45.5],[20.8,45.7],[20.2,46.1],[21.1,46.3],[22,47.4],[22,47.5],[22.3,47.7],[22.6,47.8],[23.1,48.1],[24.2,47.9],[24.6,47.9],[24.9,47.7],[25.5,47.9],[26.2,48],[26.3,48.2],[26.7,48.3],[27,48.2],[27.6,47.3],[28.1,47],[28.2,46.6],[28.1,46],[28.2,45.6],[28.1,45.6],[28.2,45.5]]]}},{"type":"Feature","properties":{"iso3":"QAT","iso2":"QA","name":"Qatar","continent":"Asia","subregion":"Western Asia"},"geometry":{"type":"Polygon","coordinates":[[[51.3,24.6],[51,24.6],[50.9,24.7],[50.8,24.8],[50.8,24.9],[50.8,25.4],[51,26],[51.3,26.2],[51.5,25.9],[51.6,25.8],[51.5,25.5],[51.6,25.1],[51.4,24.6],[51.3,24.6]]]}},{"type":"Feature","properties":{"iso3":"PRT","iso2":"PT","name":"Portugal","continent":"Europe","subregion":"Southern Europe"},"geometry":{"type":"MultiPolygon","coordinates":[[[[-17.2,32.9],[-17.1,32.8],[-16.9,32.8],[-16.8,32.8],[-16.7,32.8],[-16.8,32.6],[-17,32.7],[-17.2,32.7],[-17.2,32.8],[-17.2,32.9]]],[[[-8.8,41.9],[-8.3,42.1],[-8.1,42],[-8.2,41.9],[-8.2,41.8],[-7.9,41.9],[-7.4,41.8],[-7.1,42],[-6.6,41.9],[-6.5,41.7],[-6.3,41.6],[-6.2,41.5],[-6.9,41],[-6.8,40.3],[-7,40.2],[-6.9,40],[-7,39.8],[-7.1,39.7],[-7.5,39.7],[-7.2,39.1],[-7,39.1],[-7.3,38.7],[-7.3,38.5],[-7.1,38.2],[-7,38.2],[-7.4,37.7],[-7.5,37.6],[-7.4,37.2],[-7.8,37],[-8.6,37.1],[-9,37],[-8.8,37.4],[-8.9,38],[-8.8,38.2],[-8.9,38.4],[-8.7,38.4],[-8.8,38.5],[-9.2,38.4],[-9.3,38.7],[-9,38.7],[-8.9,39],[-8.8,39.1],[-9,39],[-9.1,38.7],[-9.5,38.7],[-9.4,39.3],[-9.1,39.5],[-8.8,40.1],[-8.9,40.3],[-8.7,40.8],[-8.7,41.1],[-8.8,41.6],[-8.8,41.7],[-8.9,41.8],[-8.8,41.9]]],[[[-25,37],[-25,36.9],[-25.2,36.9],[-25.2,37],[-25.1,37],[-25,37]]],[[[-31.1,39.4],[-31.2,39.4],[-31.3,39.4],[-31.3,39.5],[-31.2,39.5],[-31.1,39.5],[-31.1,39.4]]],[[[-27.1,38.6],[-27.3,38.7],[-27.4,38.7],[-27.4,38.8],[-27.3,38.8],[-27.1,38.8],[-27,38.7],[-27.1,38.6]]],[[[-27.8,38.6],[-27.8,38.5],[-28.1,38.6],[-28.2,38.7],[-28.3,38.7],[-28,38.6],[-27.8,38.6]]],[[[-28.6,38.5],[-28.7,38.5],[-28.8,38.6],[-28.7,38.6],[-28.6,38.6],[-28.6,38.5]]],[[[-28.1,38.5],[-28.1,38.4],[-28.2,38.4],[-28.3,38.4],[-28.5,38.4],[-28.5,38.5],[-28.5,38.6],[-28.4,38.6],[-28.1,38.5]]],[[[-25.6,37.8],[-25.3,37.8],[-25.2,37.8],[-25.3,37.7],[-25.4,37.7],[-25.7,37.8],[-25.8,37.8],[-25.8,37.9],[-25.6,37.8]]]]}},{"type":"Feature","properties":{"iso3":"POL","iso2":"PL","name":"Poland","continent":"Europe","subregion":"Eastern Europe"},"geometry":{"type":"Polygon","coordinates":[[[23.6,51.5],[23.7,51.3],[24.1,50.9],[24,50.8],[24.1,50.5],[24,50.4],[23.7,50.4],[22.7,49.6],[22.7,49.2],[22.8,49.1],[22.8,49],[22,49.2],[21.6,49.4],[21.1,49.4],[20.9,49.3],[20.4,49.4],[20.1,49.2],[19.8,49.2],[19.8,49.4],[19.4,49.6],[19.1,49.4],[19,49.4],[18.6,49.9],[18,50],[17.8,50],[17.6,50.1],[17.7,50.3],[17.4,50.3],[16.9,50.4],[17,50.2],[16.6,50.1],[16.2,50.4],[16.4,50.6],[16.3,50.7],[16,50.6],[15,51],[15,50.9],[14.8,50.9],[15,51.3],[14.9,51.5],[14.7,51.5],[14.6,51.8],[14.8,52.1],[14.6,52.4],[14.6,52.5],[14.1,52.9],[14.4,53.2],[14.3,53.7],[14.6,53.6],[14.6,53.8],[14.2,53.9],[16.2,54.3],[16.6,54.6],[18.1,54.8],[18.8,54.7],[18.8,54.6],[18.4,54.7],[18.7,54.4],[19,54.3],[19.6,54.5],[22.9,54.4],[23.5,54.1],[23.6,53.6],[23.9,53],[23.9,52.7],[23.4,52.5],[23.2,52.3],[23.7,52],[23.5,51.6],[23.6,51.5]]]}},{"type":"Feature","properties":{"iso3":"PHL","iso2":"PH","name":"Philippines","continent":"Asia","subregion":"South-Eastern Asia"},"geometry":{"type":"MultiPolygon","coordinates":[[[[121.1,18.6],[121.8,18.3],[122,18.3],[122.1,18.5],[122.3,18.5],[122.3,18.3],[122.2,18.1],[122.2,17.7],[122.4,17.2],[122.5,17.1],[122.1,16.2],[121.6,15.9],[121.6,15.7],[121.4,15.3],[121.7,14.7],[121.6,14.6],[121.8,14.2],[121.9,14],[122.2,13.9],[122.3,14],[122.2,14.1],[122.6,14.3],[122.9,14.2],[123.1,13.8],[123.3,13.8],[123.3,14.1],[123.8,13.8],[123.8,13.7],[123.5,13.6],[123.8,13.3],[123.8,13.1],[124.1,13],[124.1,12.6],[123.9,12.7],[123.9,12.9],[123.6,12.9],[123.3,13],[123.2,13.4],[122.6,13.9],[122.5,13.9],[122.7,13.4],[122.6,13.2],[122.4,13.5],[121.8,13.9],[121.5,13.8],[121.3,13.6],[121.1,13.7],[120.8,13.9],[120.6,13.8],[120.6,14.2],[120.9,14.5],[120.9,14.6],[120.6,14.9],[120.6,14.5],[120.4,14.5],[120.3,14.8],[120.1,14.9],[119.8,16.3],[120.2,16],[120.4,16.1],[120.3,16.6],[120.4,17.4],[120.4,17.6],[120.6,18.5],[121.1,18.6]]],[[[117.3,8.4],[117.2,8.4],[117.3,8.7],[117.9,9.2],[118,9.3],[118.1,9.3],[119,10.4],[119.2,10.5],[119.3,10.7],[119.3,10.8],[119.3,11],[119.5,11.3],[119.6,11.3],[119.5,11],[119.7,10.5],[119.6,10.4],[119.4,10.3],[119.2,10.1],[118.8,9.9],[118.8,9.8],[118.4,9.3],[118.1,9.1],[118,8.9],[117.6,8.6],[117.5,8.5],[117.4,8.5],[117.3,8.4]]],[[[122.5,11.6],[122.6,11.6],[122.8,11.6],[122.9,11.5],[122.9,11.4],[123.2,11.5],[123.1,11.3],[123,11.1],[122.8,11],[122.8,10.8],[122.5,10.7],[122.2,10.6],[122,10.4],[122,10.9],[122.1,11.1],[122.1,11.6],[122.1,11.7],[121.9,11.8],[122,11.9],[122.4,11.7],[122.5,11.6]]],[[[123.1,9.1],[123,9.1],[122.9,9.3],[122.6,9.5],[122.4,9.7],[122.4,9.8],[122.5,10],[122.7,10],[122.9,10.1],[122.8,10.5],[123,10.7],[123,10.9],[123.3,11],[123.5,10.9],[123.6,10.8],[123.2,9.9],[123.1,9.6],[123.3,9.3],[123.2,9.1],[123.1,9.1]]],[[[124.6,11.3],[124.8,11.4],[124.9,11.4],[125,11.2],[125,10.8],[125.2,10.6],[125.3,10.3],[125.1,10.3],[125.1,10.2],[125,10.4],[125,10],[124.8,10.2],[124.8,10.3],[124.7,10.4],[124.8,10.8],[124.7,11],[124.4,10.9],[124.3,11.5],[124.5,11.4],[124.6,11.3]]],[[[125.2,12.5],[125.3,12.4],[125.3,12.3],[125.5,12.2],[125.5,12],[125.5,11.6],[125.6,11.3],[125.6,11.2],[125.7,11.2],[125.7,11],[125.6,11.1],[125.2,11.1],[125.2,11.3],[125,11.3],[124.9,11.6],[125,11.8],[124.9,11.8],[124.7,12],[124.4,12.2],[124.3,12.6],[124.6,12.5],[125.2,12.6],[125.2,12.5]]],[[[120.7,13.5],[121,13.5],[121.1,13.4],[121.2,13.4],[121.5,13.1],[121.5,12.9],[121.5,12.6],[121.4,12.4],[121.4,12.3],[121.3,12.3],[121.2,12.2],[121.1,12.3],[120.9,12.5],[120.9,12.6],[120.8,12.7],[120.8,13],[120.7,13.2],[120.5,13.3],[120.5,13.4],[120.3,13.4],[120.4,13.5],[120.7,13.5]]],[[[126,9.3],[126.1,9.3],[126.2,9.3],[126.2,9.1],[126.3,9],[126.3,8.8],[126.1,8.6],[126.4,8.5],[126.4,8.3],[126.5,8.2],[126.4,7.8],[126.6,7.7],[126.6,7.2],[126.4,7],[126.3,6.9],[126.2,6.9],[126.2,6.7],[126.2,6.3],[126,6.8],[125.8,7.3],[125.7,7.3],[125.6,7.1],[125.4,6.8],[125.4,6.7],[125.6,6.5],[125.7,6.2],[125.7,6],[125.5,5.7],[125.3,5.6],[125.2,5.8],[125.3,6],[125.2,6.1],[125,5.9],[124.9,5.9],[124.2,6.2],[124.1,6.4],[124,7],[124.2,7.3],[124.2,7.4],[124,7.7],[123.7,7.8],[123.5,7.8],[123.4,7.4],[123.2,7.5],[123.1,7.7],[123,7.5],[122.8,7.5],[122.8,7.7],[122.7,7.8],[122.6,7.8],[122.5,7.6],[122.1,6.9],[122,7],[121.9,7.1],[121.9,7.2],[122,7.4],[122.1,7.8],[122.3,8],[122.9,8.2],[123,8.2],[123,8.4],[123.1,8.4],[123.1,8.5],[123.3,8.6],[123.4,8.7],[123.7,8.6],[123.8,8.4],[123.9,8.2],[123.8,8.1],[123.8,8],[124.2,8.2],[124.4,8.6],[124.6,8.5],[124.7,8.6],[124.8,8.9],[124.9,9],[125.1,8.9],[125.2,9],[125.5,9],[125.5,9.1],[125.4,9.7],[125.5,9.8],[126,9.4],[126,9.3]]],[[[123.4,9.4],[123.3,9.4],[123.3,9.5],[123.4,10],[123.7,10.5],[123.9,11],[124,11.2],[124,11.3],[124.1,10.6],[124,10.4],[123.7,10.1],[123.5,9.6],[123.4,9.4]]],[[[121.9,18.9],[121.9,18.8],[121.8,18.8],[121.9,19],[122,19],[121.9,18.9]]],[[[121.5,19.4],[121.5,19.3],[121.4,19.3],[121.4,19.4],[121.5,19.4]]],[[[122,20.4],[121.9,20.4],[121.9,20.5],[122,20.5],[122,20.4]]],[[[121.9,20.8],[121.8,20.7],[121.8,20.8],[121.9,20.8]]],[[[121.2,6.1],[121.2,6],[121.3,6],[121.4,6],[121.4,5.9],[121.3,5.9],[121.2,5.9],[121.1,5.9],[121,5.9],[120.9,5.9],[120.9,6],[121,6.1],[121.2,6.1]]],[[[117.1,7.9],[117,7.8],[117,7.9],[117,8],[117,8.1],[117.1,8.1],[117.1,7.9]]],[[[119.9,10.5],[119.8,10.5],[119.8,10.6],[119.9,10.6],[120,10.6],[120,10.5],[119.9,10.5]]],[[[120.1,12.2],[120.2,12.2],[120.3,12.1],[120.3,12],[120.2,12],[120.1,12],[120,12],[120,12.1],[119.9,12.2],[119.9,12.3],[120,12.3],[120.1,12.2]]],[[[120,11.7],[119.9,11.7],[119.9,11.8],[119.9,12],[120,11.9],[120.1,11.9],[120.1,11.8],[120,11.7]]],[[[122.6,10.5],[122.5,10.4],[122.5,10.5],[122.5,10.6],[122.6,10.7],[122.7,10.7],[122.7,10.5],[122.6,10.5]]],[[[124.6,9.8],[124.5,9.7],[124.4,9.7],[124.4,9.6],[124.1,9.6],[123.9,9.6],[123.9,9.7],[123.8,9.8],[123.9,9.9],[124.1,10],[124.1,10.1],[124.2,10.1],[124.3,10.2],[124.6,10],[124.6,9.9],[124.6,9.8]]],[[[120.3,5.3],[120.2,5.2],[120.1,5.2],[120,5.2],[120,5.1],[119.9,5.1],[119.8,5.1],[120,5.2],[120.1,5.3],[120.2,5.3],[120.3,5.3]]],[[[122.1,6.4],[122,6.4],[121.9,6.5],[121.9,6.6],[121.8,6.6],[121.8,6.7],[121.9,6.7],[122.1,6.7],[122.3,6.6],[122.2,6.5],[122.1,6.4]]],[[[126.1,9.8],[126,9.8],[126,9.9],[126.1,10.1],[126.1,9.9],[126.2,9.8],[126.1,9.8]]],[[[125.7,9.9],[125.6,9.9],[125.6,10],[125.5,10.1],[125.5,10.2],[125.5,10.3],[125.6,10.4],[125.7,10.4],[125.6,10.2],[125.7,10.1],[125.7,10],[125.7,9.9]]],[[[120.3,13.8],[120.3,13.7],[120.1,13.8],[120.1,13.9],[120.2,13.8],[120.3,13.8]]],[[[121.9,13.5],[122,13.5],[122.1,13.5],[122.1,13.4],[122,13.2],[121.9,13.3],[121.8,13.3],[121.8,13.4],[121.9,13.6],[121.9,13.5]]],[[[122.1,12.4],[122,12.1],[122,12.2],[121.9,12.3],[121.9,12.4],[122,12.4],[122,12.6],[122.1,12.7],[122.1,12.6],[122.1,12.5],[122.1,12.4]]],[[[122.7,12.3],[122.6,12.3],[122.4,12.5],[122.5,12.5],[122.6,12.5],[122.7,12.4],[122.7,12.3]]],[[[123.3,12.9],[123.4,12.7],[123.3,12.8],[123.2,12.9],[123.1,13],[122.9,13.1],[123,13.1],[123.2,12.9],[123.3,12.9]]],[[[123.8,12.5],[123.8,12.4],[123.7,12.4],[123.6,12.6],[123.6,12.7],[123.7,12.6],[123.8,12.5]]],[[[123.7,12.3],[123.9,12.2],[124,12],[124.1,11.8],[124,11.8],[123.8,11.9],[123.7,12],[123.7,12.1],[123.6,12.1],[123.5,12.2],[123.4,12.2],[123.3,12],[123.2,11.9],[123.2,12],[123.2,12.1],[123.3,12.4],[123.2,12.5],[123.2,12.6],[123.5,12.5],[123.6,12.4],[123.7,12.3]]],[[[124.4,13.6],[124.3,13.6],[124.2,13.6],[124.2,13.5],[124.1,13.6],[124,13.7],[124.1,13.8],[124.1,14],[124.2,14.1],[124.3,13.9],[124.4,13.9],[124.4,13.8],[124.4,13.7],[124.4,13.6]]],[[[122.2,14],[122,14.2],[121.9,14.2],[122,14.2],[122.2,14]]],[[[122,15],[122.1,15],[122,15],[122,14.9],[122,14.8],[122,14.7],[121.9,14.7],[121.9,14.8],[121.9,14.9],[121.8,15],[122,15]]],[[[124.3,10.6],[124.3,10.7],[124.4,10.7],[124.4,10.6],[124.3,10.6]]],[[[125.3,10],[125.3,9.9],[125.2,10.1],[125.1,10.2],[125.2,10.2],[125.2,10.1],[125.3,10]]],[[[122.9,7.4],[122.8,7.3],[122.8,7.4],[122.9,7.4]]],[[[125.8,7],[125.8,6.9],[125.7,7.1],[125.7,7.2],[125.8,7.1],[125.8,7]]],[[[124.6,11.5],[124.5,11.5],[124.4,11.5],[124.4,11.7],[124.5,11.7],[124.6,11.6],[124.6,11.5]]],[[[124.8,9.1],[124.7,9.1],[124.6,9.2],[124.7,9.2],[124.8,9.2],[124.8,9.1]]],[[[121.3,19.1],[121.2,19],[121.2,19.1],[121.2,19.2],[121.2,19.1],[121.3,19.1]]],[[[119.9,11.5],[119.9,11.4],[119.8,11.4],[119.7,11.4],[119.7,11.5],[119.8,11.5],[119.9,11.5]]],[[[123.8,11.3],[123.8,11.2],[123.7,11.2],[123.7,11.3],[123.8,11.3]]],[[[122.3,12.5],[122.2,12.6],[122.3,12.6],[122.3,12.5]]],[[[126,9.6],[125.9,9.6],[125.9,9.7],[126,9.8],[126,9.7],[126,9.6]]],[[[124.9,11.6],[124.8,11.5],[124.8,11.6],[124.7,11.7],[124.8,11.7],[124.8,11.6],[124.9,11.6]]],[[[117.4,8.2],[117.3,8.2],[117.3,8.3],[117.4,8.3],[117.4,8.2]]],[[[123.7,9.2],[123.7,9.1],[123.6,9.1],[123.5,9.1],[123.5,9.2],[123.7,9.3],[123.7,9.2]]]]}},{"type":"Feature","properties":{"iso3":"PER","iso2":"PE","name":"Peru","continent":"South America","subregion":"South America"},"geometry":{"type":"Polygon","coordinates":[[[-70,-4.2],[-70.1,-4.3],[-70.4,-4.2],[-70.8,-4.2],[-71,-4.4],[-71.8,-4.5],[-72.9,-5.1],[-73,-5.6],[-73.2,-6.1],[-73.1,-6.5],[-73.8,-6.9],[-73.8,-7.1],[-73.7,-7.3],[-74,-7.4],[-74,-7.6],[-73.7,-7.8],[-73.8,-7.9],[-73.5,-8.3],[-73,-9],[-73,-9.1],[-73.2,-9.4],[-72.4,-9.5],[-72.2,-9.8],[-72.2,-10],[-71.2,-10],[-70.5,-9.4],[-70.6,-9.8],[-70.6,-11],[-70.5,-10.9],[-70.3,-11.1],[-70,-10.9],[-69.6,-11],[-68.7,-12.5],[-69,-12.9],[-69,-13.5],[-69.1,-13.7],[-68.9,-14.2],[-69.4,-14.8],[-69.4,-15],[-69.2,-15.2],[-69.4,-15.6],[-69.2,-16.1],[-68.8,-16.3],[-69,-16.5],[-69,-16.6],[-69.6,-17.2],[-69.5,-17.5],[-69.9,-17.7],[-69.8,-18],[-69.9,-18.2],[-70.4,-18.3],[-71.3,-17.7],[-71.4,-17.4],[-71.5,-17.3],[-72.1,-17],[-72.5,-16.7],[-73.7,-16.2],[-75.1,-15.4],[-75.5,-14.9],[-75.9,-14.6],[-76.4,-13.9],[-76.3,-13.8],[-76.2,-13.4],[-76.8,-12.3],[-77.2,-12.1],[-77.2,-11.7],[-77.6,-11.3],[-77.7,-10.8],[-78.2,-10.1],[-78.8,-8.6],[-79.4,-7.8],[-79.6,-7.3],[-80,-6.8],[-81.1,-6.1],[-81.2,-5.9],[-80.9,-5.8],[-80.9,-5.6],[-81.3,-4.7],[-81.2,-4.2],[-80.8,-3.7],[-80.3,-3.4],[-80.2,-3.9],[-80.3,-4],[-80.5,-4],[-80.5,-4.2],[-80.4,-4.2],[-80.5,-4.4],[-80.4,-4.5],[-80.1,-4.3],[-79.8,-4.5],[-79.6,-4.5],[-79.3,-4.9],[-79,-5],[-78.9,-4.7],[-78.7,-4.6],[-78.7,-4.3],[-78.3,-3.4],[-78.2,-3.5],[-78.2,-3.4],[-77.9,-3],[-76.7,-2.6],[-76.1,-2.1],[-75.6,-1.5],[-75.4,-0.9],[-75.2,-1],[-75.3,-0.6],[-75.6,-0.1],[-75.3,-0.1],[-75.2,0],[-74.8,-0.2],[-74.6,-0.4],[-74.2,-1],[-73.7,-1.2],[-73.5,-1.4],[-73.5,-1.7],[-73.2,-1.8],[-73.2,-2.3],[-72.9,-2.4],[-72.2,-2.4],[-71.8,-2.2],[-71.4,-2.3],[-71,-2.2],[-70.1,-2.7],[-70.1,-2.8],[-70.7,-3.8],[-70.5,-3.9],[-70.3,-3.8],[-70,-4.2]]]}},{"type":"Feature","properties":{"iso3":"PRY","iso2":"PY","name":"Paraguay","continent":"South America","subregion":"South America"},"geometry":{"type":"Polygon","coordinates":[[[-58.2,-20.2],[-57.8,-21],[-58,-22.1],[-56.9,-22.3],[-56.6,-22.2],[-56.4,-22.1],[-56.2,-22.3],[-55.8,-22.3],[-55.6,-22.7],[-55.7,-22.9],[-55.4,-24],[-55.2,-24],[-54.6,-23.8],[-54.2,-24],[-54.3,-24.1],[-54.4,-25.1],[-54.6,-25.4],[-54.8,-26.5],[-55.1,-26.9],[-55.4,-27],[-55.7,-27.4],[-56.2,-27.3],[-56.4,-27.6],[-58.2,-27.3],[-58.6,-27.3],[-58.6,-27.1],[-58.2,-26.6],[-58.1,-26.2],[-57.6,-25.5],[-57.6,-25.3],[-58,-25],[-58.4,-25],[-59.2,-24.6],[-59.9,-24.1],[-61,-23.8],[-61.8,-23.2],[-62.2,-22.6],[-62.7,-22.2],[-62.3,-21.1],[-62.3,-20.6],[-61.9,-20.1],[-61.8,-19.6],[-60,-19.3],[-59.1,-19.3],[-58.2,-19.8],[-58.1,-20],[-58.2,-20.2]]]}},{"type":"Feature","properties":{"iso3":"PNG","iso2":"PG","name":"Papua New Guinea","continent":"Oceania","subregion":"Melanesia"},"geometry":{"type":"MultiPolygon","coordinates":[[[[153,-4.8],[152.9,-4.8],[152.7,-4.6],[152.7,-4.5],[152.7,-4.1],[152.3,-3.6],[152.2,-3.5],[151.9,-3.4],[151.1,-2.8],[150.7,-2.7],[150.8,-2.7],[150.8,-2.6],[151.2,-2.8],[151.2,-2.9],[151.5,-2.9],[151.8,-3.2],[152,-3.3],[153,-4.1],[153.1,-4.3],[153.1,-4.4],[153,-4.5],[153,-4.7],[153,-4.8]]],[[[151.9,-4.3],[152,-4.3],[152.1,-4.2],[152.2,-4.3],[152.4,-4.3],[152.4,-4.5],[152.4,-4.7],[152.4,-4.8],[152.3,-5],[152,-5],[152,-5.1],[152.1,-5.4],[152.1,-5.5],[151.9,-5.6],[151.5,-5.6],[151.4,-5.7],[151.2,-5.9],[150.8,-6.1],[150.5,-6.3],[149.7,-6.3],[149.4,-6.1],[149.1,-6.1],[148.7,-5.9],[148.4,-5.8],[148.3,-5.7],[148.3,-5.5],[148.4,-5.5],[148.6,-5.5],[149,-5.5],[149.4,-5.6],[149.6,-5.5],[149.8,-5.5],[150,-5.4],[150,-5.1],[150.1,-5],[150.2,-5.1],[150.1,-5.2],[150.1,-5.3],[150.2,-5.5],[150.3,-5.5],[150.5,-5.5],[150.6,-5.5],[150.7,-5.5],[150.9,-5.4],[151.1,-5.1],[151.3,-5],[151.6,-4.9],[151.7,-4.9],[151.7,-4.6],[151.5,-4.3],[151.6,-4.2],[151.8,-4.2],[151.9,-4.3]]],[[[141,-9.1],[141,-6.9],[140.9,-6.7],[141,-6.3],[141,-2.6],[142.9,-3.3],[143.5,-3.4],[144.1,-3.8],[144.5,-3.8],[145.1,-4.3],[145.3,-4.4],[145.8,-4.8],[145.7,-5.4],[147.6,-6.1],[147.8,-6.3],[147.8,-6.7],[147.1,-6.7],[147,-6.8],[147.2,-7.4],[147.7,-7.9],[148.1,-8.1],[148.2,-8.6],[148.5,-8.7],[148.6,-9.1],[149.2,-9],[149.3,-9.5],[150,-9.7],[149.8,-9.8],[149.9,-10],[150.4,-10.2],[150.8,-10.2],[150.6,-10.3],[150.4,-10.3],[150.6,-10.5],[150.3,-10.7],[150,-10.6],[149.8,-10.4],[147.8,-10.1],[147,-9.4],[146.9,-9.2],[147,-9.1],[146.9,-9.1],[146.6,-9],[146,-8.1],[145,-7.8],[144.9,-7.6],[144.5,-7.6],[144.4,-7.7],[144.1,-7.8],[143.7,-7.5],[143.9,-7.9],[143.8,-7.9],[143.8,-8],[143.5,-8],[143.6,-8.2],[142.5,-8.3],[142.3,-8.2],[142.2,-8.2],[142.3,-8.2],[142.5,-8.4],[142.8,-8.3],[143.1,-8.5],[143.4,-8.8],[143.4,-9],[142.6,-9.3],[142.2,-9.2],[141.1,-9.2],[141,-9.1]]],[[[148,-5.8],[147.9,-5.7],[147.8,-5.6],[147.8,-5.5],[148.1,-5.6],[148.1,-5.7],[148.1,-5.8],[148,-5.8]]],[[[146,-4.7],[146,-4.8],[145.9,-4.7],[145.9,-4.6],[146,-4.5],[146,-4.6],[146.1,-4.6],[146,-4.7]]],[[[152.7,-3.1],[152.6,-3.2],[152.5,-3.1],[152.6,-3.1],[152.6,-3],[152.7,-3.1]]],[[[152.1,-2.9],[152.1,-3],[152,-2.9],[152,-2.8],[152.1,-2.9]]],[[[149.8,-1.6],[149.7,-1.6],[149.5,-1.5],[149.5,-1.4],[149.6,-1.4],[149.7,-1.4],[149.8,-1.6]]],[[[151.1,-10],[151.2,-9.9],[151.3,-9.9],[151.3,-10],[151.2,-10.2],[151,-10.1],[151,-10],[150.9,-10],[150.9,-9.9],[150.8,-9.8],[150.8,-9.7],[150.9,-9.8],[151.1,-9.9],[151,-10],[151.1,-10]]],[[[150.3,-9.5],[150.1,-9.4],[150.1,-9.3],[150.2,-9.2],[150.3,-9.3],[150.4,-9.4],[150.3,-9.5]]],[[[151.1,-8.7],[151.1,-8.8],[151,-8.7],[151.1,-8.6],[151,-8.5],[151.1,-8.4],[151.1,-8.5],[151.1,-8.6],[151.1,-8.7]]],[[[154.3,-11.4],[154.2,-11.4],[154.1,-11.4],[154,-11.3],[154.1,-11.4],[154.1,-11.3],[154.2,-11.3],[154.3,-11.4]]],[[[143.6,-8.5],[143.5,-8.5],[143.4,-8.4],[143.3,-8.4],[143.6,-8.4],[143.6,-8.5]]],[[[147.2,-5.4],[147.1,-5.4],[147,-5.3],[147.1,-5.2],[147.2,-5.3],[147.2,-5.4]]],[[[147.1,-2],[147.4,-2],[147.4,-2.1],[147.3,-2.1],[147.2,-2.2],[147.1,-2.2],[146.9,-2.2],[146.7,-2.1],[146.7,-2.2],[146.6,-2.2],[146.5,-2.2],[146.5,-2.1],[146.6,-2.1],[146.6,-2],[146.7,-2],[146.8,-2],[146.9,-1.9],[147.1,-2]]],[[[150.4,-2.7],[150.2,-2.7],[150.1,-2.6],[150,-2.5],[150.1,-2.4],[150.2,-2.4],[150.4,-2.5],[150.5,-2.5],[150.4,-2.6],[150.4,-2.7]]],[[[150.5,-9.3],[150.7,-9.4],[150.8,-9.4],[150.9,-9.5],[150.9,-9.7],[150.8,-9.7],[150.7,-9.7],[150.6,-9.6],[150.4,-9.6],[150.5,-9.5],[150.4,-9.4],[150.5,-9.3]]],[[[152.6,-9],[152.7,-9],[152.8,-9],[153,-9.1],[153,-9.2],[152.9,-9.2],[152.7,-9.2],[152.7,-9.1],[152.6,-9.1],[152.5,-9],[152.6,-9]]],[[[153.5,-11.5],[153.7,-11.5],[153.8,-11.6],[153.7,-11.6],[153.6,-11.6],[153.5,-11.6],[153.4,-11.6],[153.4,-11.5],[153.3,-11.5],[153.2,-11.4],[153.2,-11.3],[153.3,-11.4],[153.5,-11.5]]],[[[143.6,-8.6],[143.6,-8.7],[143.5,-8.6],[143.3,-8.5],[143.2,-8.4],[143.3,-8.5],[143.4,-8.5],[143.6,-8.6]]],[[[147.9,-2.3],[147.8,-2.3],[147.7,-2.3],[147.8,-2.3],[147.8,-2.2],[147.9,-2.3]]],[[[152,-2.8],[151.9,-2.8],[151.9,-2.7],[152,-2.7],[152,-2.8]]],[[[150.9,-10.6],[150.9,-10.6],[150.8,-10.6],[150.8,-10.6],[150.8,-10.6],[150.9,-10.6],[150.9,-10.6]]],[[[153.7,-4.1],[153.6,-4.1],[153.6,-4],[153.7,-4],[153.7,-4.1]]],[[[156,-6.7],[155.9,-6.8],[155.7,-6.9],[155.5,-6.8],[155.3,-6.7],[155.2,-6.5],[155.2,-6.3],[155,-6.2],[154.8,-5.9],[154.7,-5.7],[154.7,-5.4],[155,-5.5],[155.1,-5.6],[155.2,-5.8],[155.4,-6],[155.5,-6.1],[155.7,-6.3],[155.9,-6.6],[156,-6.7]]],[[[154.6,-5.4],[154.6,-5.3],[154.6,-5.2],[154.5,-5.1],[154.6,-5],[154.7,-5.1],[154.7,-5.2],[154.7,-5.4],[154.6,-5.4]]]]}},{"type":"Feature","properties":{"iso3":"PAN","iso2":"PA","name":"Panama","continent":"North America","subregion":"Central America"},"geometry":{"type":"MultiPolygon","coordinates":[[[[-77.4,8.7],[-77.5,8.5],[-77.2,8],[-77.5,7.6],[-77.8,7.7],[-77.7,7.5],[-77.9,7.2],[-78.2,7.5],[-78.4,8.1],[-78.3,8.1],[-78.3,8.2],[-78.1,8.4],[-77.8,8.1],[-78.1,8.5],[-78.2,8.4],[-78.4,8.5],[-78.4,8.4],[-78.5,8.6],[-79.1,9],[-79.5,9],[-79.7,8.9],[-79.8,8.6],[-80.5,8.2],[-80.5,8.1],[-80,7.5],[-80.7,7.2],[-80.9,7.3],[-81.1,7.9],[-81.3,7.6],[-81.5,7.7],[-81.7,8.1],[-82.2,8.2],[-82.2,8.3],[-82.7,8.3],[-82.9,8.2],[-82.9,8.1],[-83,8.3],[-82.9,8.5],[-82.9,8.7],[-82.7,8.9],[-82.9,9.1],[-82.9,9.4],[-82.8,9.6],[-82.6,9.5],[-82.6,9.6],[-82.4,9.4],[-82.3,9.2],[-82.2,9.2],[-82.2,9],[-82.1,8.9],[-81.8,9],[-81.9,9.1],[-81.5,8.8],[-81.4,8.8],[-80.8,8.9],[-80.1,9.2],[-79.6,9.6],[-78.5,9.4],[-78.1,9.2],[-77.7,8.9],[-77.4,8.7]]],[[[-78.9,8.3],[-78.9,8.2],[-79,8.3],[-79,8.4],[-78.9,8.5],[-78.9,8.4],[-78.8,8.3],[-78.9,8.3]]],[[[-81.6,7.3],[-81.7,7.3],[-81.8,7.4],[-81.9,7.5],[-81.8,7.6],[-81.7,7.6],[-81.7,7.5],[-81.7,7.4],[-81.6,7.4],[-81.6,7.3]]],[[[-82.2,9.4],[-82.2,9.3],[-82.3,9.4],[-82.2,9.4]]],[[[-79.1,8.3],[-79.1,8.2],[-79.1,8.3],[-79.1,8.3],[-79.1,8.3],[-79.1,8.3]]]]}},{"type":"Feature","properties":{"iso3":"PLW","iso2":"PW","name":"Palau","continent":"Oceania","subregion":"Micronesia"},"geometry":{"type":"MultiPolygon","coordinates":[[[[131.2,3],[131.1,3],[131.2,3.1],[131.2,3]]],[[[134.6,7.4],[134.5,7.4],[134.5,7.5],[134.6,7.6],[134.7,7.7],[134.6,7.5],[134.6,7.4]]]]}},{"type":"Feature","properties":{"iso3":"PAK","iso2":"PK","name":"Pakistan","continent":"Asia","subregion":"Southern Asia"},"geometry":{"type":"Polygon","coordinates":[[[76.8,35.7],[77,35.1],[77,35],[76.6,34.7],[76,34.7],[75.7,34.5],[74.3,34.8],[74,34.7],[73.8,34.4],[74,34.2],[73.9,34.1],[74.3,33.9],[74,33.7],[74.2,33.5],[74,33.2],[74.3,33],[74.4,32.8],[74.7,32.8],[74.7,32.5],[75,32.5],[75.3,32.3],[75.3,32.1],[74.6,31.8],[74.5,31.2],[74.6,31],[74.3,30.9],[73.9,30.4],[73.9,30.2],[73.8,30.1],[73.4,29.9],[72.9,29],[72.3,28.8],[71.9,28],[70.8,27.7],[70.6,27.9],[70.4,28],[70.1,27.8],[69.5,27.1],[69.5,26.7],[70.1,26.5],[70.1,25.9],[70.3,25.7],[70.6,25.7],[70.7,25.4],[71,24.7],[71,24.6],[71,24.4],[70.7,24.2],[70.5,24.4],[69.8,24.2],[69.6,24.3],[68.8,24.3],[68.7,24],[68.3,23.9],[68.1,23.8],[67.9,23.9],[67.7,23.8],[67.6,23.9],[67.5,23.9],[67.3,24.2],[67.2,24.8],[66.7,24.9],[66.7,25.2],[66.5,25.5],[66.3,25.6],[66.1,25.5],[66.5,25.4],[64.8,25.3],[64.7,25.2],[64.1,25.4],[63.6,25.4],[63.5,25.2],[62.7,25.3],[62.3,25.1],[62.2,25.2],[61.9,25.1],[61.6,25.2],[61.8,26.2],[62.2,26.4],[62.4,26.6],[63.2,26.6],[63.3,27.2],[63.2,27.3],[62.8,27.3],[62.8,28.2],[62.6,28.2],[62.4,28.4],[61.9,28.5],[61.6,28.8],[61.3,29.4],[60.8,29.9],[62.5,29.4],[63.6,29.5],[64.1,29.4],[64.4,29.5],[65.1,29.6],[66.2,29.9],[66.3,30],[66.2,30.1],[66.3,30.8],[66.8,31.3],[67.5,31.2],[67.7,31.3],[67.6,31.5],[68.2,31.8],[68.6,31.8],[68.9,31.6],[69.3,31.9],[69.2,32.4],[69.5,33],[70.3,33.3],[70.1,33.6],[69.9,33.9],[69.9,34],[70.7,34],[71.1,34],[71.1,34.4],[71,34.5],[71.6,35.2],[71.4,35.8],[71.2,36],[71.6,36.4],[71.8,36.4],[72.2,36.7],[73.1,36.9],[74,36.8],[74.6,37],[75.1,37],[75.3,36.9],[75.4,36.7],[75.7,36.7],[75.9,36.6],[76,36.4],[75.9,36],[76.1,36],[76.1,35.8],[76.6,35.9],[76.6,35.8],[76.7,35.7],[76.8,35.7]]]}},{"type":"Feature","properties":{"iso3":"OMN","iso2":"OM","name":"Oman","continent":"Asia","subregion":"Western Asia"},"geometry":{"type":"MultiPolygon","coordinates":[[[[58.7,20.2],[58.6,20.2],[58.6,20.3],[58.8,20.5],[58.9,20.7],[59,20.5],[58.8,20.4],[58.8,20.3],[58.7,20.2]]],[[[53.1,16.6],[52,19],[55,20],[55.6,22],[55.2,22.7],[55.2,23],[55.5,23.7],[55.5,23.9],[56,24.1],[55.9,24.2],[55.8,24.2],[55.8,24.9],[56,25],[56.1,24.7],[56.4,25],[56.6,24.5],[57.1,24],[58.3,23.6],[58.6,23.6],[58.8,23.5],[59.4,22.7],[59.8,22.5],[59.8,22.2],[59.4,21.5],[58.9,21.1],[58.5,20.4],[58.2,20.4],[58.2,20.6],[57.9,20.2],[57.7,19.7],[57.8,19],[56.8,18.8],[56.7,18.6],[56.6,18.2],[56.4,18],[55.5,17.8],[55.3,17.6],[55.3,17.3],[55.1,17],[54.8,17],[54.1,17],[53.6,16.8],[53.3,16.7],[53.1,16.6]]],[[[56.3,25.7],[56.3,25.6],[56.2,25.6],[56.1,25.7],[56.2,25.9],[56.2,26],[56.1,26.1],[56.2,26.2],[56.3,26.2],[56.4,26.4],[56.4,26.3],[56.4,26.1],[56.4,25.8],[56.3,25.7]]],[[[56.3,25.2],[56.2,25.2],[56.2,25.3],[56.3,25.3],[56.3,25.2]]]]}},{"type":"Feature","properties":{"iso3":"NOR","iso2":"","name":"Norway","continent":"Europe","subregion":"Northern Europe"},"geometry":{"type":"MultiPolygon","coordinates":[[[[20.6,69],[20.1,69],[20.3,68.8],[20,68.5],[20.2,68.5],[20,68.4],[18.3,68.6],[17.9,68],[17.3,68.1],[16.8,67.9],[16.1,67.4],[16.4,67.1],[15.4,66.5],[15.5,66.3],[14.5,66.1],[14.5,65.3],[13.7,64.6],[14.1,64.5],[14.1,64.1],[12.8,64],[12.2,63.6],[12,63.3],[12.2,63],[12.1,62.6],[12.3,62.3],[12.2,61.7],[12.9,61.4],[12.7,61.1],[12.3,61],[12.6,60.5],[12.5,60.1],[11.7,59.6],[11.8,59.3],[11.6,58.9],[10.8,59.2],[10.6,59.8],[10.2,59],[9.6,59.1],[9.7,59],[8.2,58.1],[7,58],[5.5,58.7],[5.6,59],[6.1,58.9],[6.4,59],[5.9,59.1],[6.4,59.6],[5.1,59.2],[5.3,59.6],[6.2,59.8],[5.7,59.9],[6.1,60.2],[6.5,60.4],[6.5,60.2],[7,60.5],[6.2,60.3],[5.1,59.6],[5.2,60.1],[5.7,60.1],[5.3,60.2],[5.1,60.4],[5.6,60.7],[5.1,60.6],[5,61],[6.8,61.1],[7,61],[7,61.1],[7.6,61.2],[7.3,61.3],[7.4,61.4],[7.2,61.2],[5.1,61.2],[5,61.4],[5.3,61.5],[4.9,61.7],[4.9,61.9],[6.7,61.9],[5.3,61.9],[5.1,62.2],[6.7,62.5],[6.1,62.4],[6.4,62.6],[7.6,62.5],[7.7,62.6],[7.5,62.7],[8.1,62.7],[6.7,62.7],[7.6,63.1],[8.6,62.8],[8.2,63.2],[8.6,63.3],[8.4,63.5],[8.6,63.6],[10.8,63.5],[10.7,63.6],[11.4,63.8],[11.2,63.9],[11.5,64],[10.1,63.5],[9.6,63.7],[10.6,64.4],[11.6,64.8],[11.3,64.8],[11.5,65],[12.2,65.2],[12.5,65.1],[12.9,65.3],[12.1,65.3],[12.7,65.9],[13,66],[12.8,66.1],[14,66.3],[13.1,66.2],[13.2,66.6],[14,66.8],[13.7,66.9],[14.1,67.1],[15.4,67.2],[14.4,67.3],[15,67.6],[15.6,67.3],[15.7,67.5],[15.2,67.6],[15.3,67.8],[14.8,67.7],[14.8,67.8],[15.6,67.9],[15.3,68],[16,68.2],[16.3,67.9],[16.4,68.1],[16.2,68.3],[17.6,68.4],[16.5,68.5],[18.1,69.2],[18.3,69.5],[18.9,69.3],[18.6,69.5],[19.7,69.8],[19.6,69.4],[20,69.8],[20.3,69.9],[20.3,69.6],[20.1,69.3],[20.7,69.5],[20.5,69.7],[20.6,69.9],[21.4,70],[22,69.8],[21.4,70.2],[22.7,70.4],[23.4,70],[23.4,70.2],[24.8,71],[25.8,70.8],[25.3,70.6],[25,70.1],[26.5,70.9],[26.7,70.9],[26.6,70.4],[27,70.5],[27.5,70.8],[27.2,70.9],[27.6,71.1],[28.4,71],[27.9,70.7],[28.3,70.7],[28.2,70.2],[28.8,70.9],[30.1,70.7],[31,70.3],[30.3,70.1],[28.8,70.1],[29.6,70],[29.7,69.7],[30.2,69.9],[30.9,69.7],[30.2,69.6],[30.1,69.4],[29,69],[28.8,69.2],[29.3,69.5],[29.1,69.7],[27.7,70.1],[26.1,69.7],[25.7,69],[24.9,68.6],[23.9,68.8],[23.3,68.6],[22.4,68.7],[21.6,69.3],[20.7,69.1],[20.6,69]]],[[[5,61.1],[4.9,61.1],[4.8,61.1],[4.8,61.2],[4.9,61.2],[5,61.1]]],[[[5.1,60.3],[5.1,60.2],[5,60.2],[4.9,60.4],[5,60.4],[5,60.5],[5.1,60.4],[5.1,60.3]]],[[[30,69.8],[29.8,69.8],[29.7,69.8],[29.8,69.9],[29.9,69.9],[30.1,69.8],[30,69.8]]],[[[12,65.6],[11.9,65.6],[11.8,65.6],[11.8,65.7],[11.9,65.7],[12,65.7],[12,65.6]]],[[[8.5,63.7],[8.4,63.7],[8.3,63.7],[8.5,63.7],[8.7,63.8],[8.8,63.8],[8.8,63.7],[8.5,63.7]]],[[[8.1,63.3],[7.9,63.4],[7.8,63.4],[8.1,63.5],[8.1,63.4],[8.1,63.3]]],[[[23.4,70.8],[23.1,70.6],[22.8,70.5],[22.4,70.5],[22,70.7],[23,70.7],[23.4,70.8]]],[[[25.6,71.1],[25.9,71.1],[26.1,71],[25.8,71],[25.6,71],[25.5,71],[25.3,71],[25.3,71.1],[25.4,71.1],[25.6,71.1]]],[[[23.6,70.5],[23.5,70.4],[23.3,70.3],[23.2,70.3],[23.1,70.3],[23.1,70.4],[23,70.4],[22.9,70.4],[23,70.5],[23.2,70.5],[23.5,70.6],[23.6,70.6],[23.6,70.5]]],[[[24,70.6],[23.8,70.5],[23.7,70.6],[23.7,70.7],[23.8,70.7],[24.1,70.7],[24,70.6]]],[[[13.9,68.3],[13.9,68.2],[14.1,68.2],[14,68.2],[13.9,68.2],[13.8,68.1],[13.6,68.1],[13.5,68.1],[13.4,68.1],[13.4,68],[13.2,68],[13.2,68.1],[13.3,68.2],[13.4,68.2],[13.5,68.2],[13.8,68.3],[13.9,68.3]]],[[[13,67.9],[12.8,67.8],[12.9,67.9],[13,68],[13.1,68.1],[13.1,68],[13.1,67.9],[13,67.9]]],[[[15.2,68.9],[15.4,68.8],[15.3,68.7],[15.2,68.6],[14.9,68.6],[14.7,68.7],[14.5,68.6],[14.4,68.7],[14.6,68.8],[14.8,68.8],[14.9,68.9],[15,68.9],[15,69],[15.2,69],[15.2,68.9]]],[[[19.8,70.2],[19.9,70.2],[20,70.1],[20.1,70.1],[20,70.1],[19.8,70.1],[19.7,70.2],[19.6,70.2],[19.6,70.3],[19.7,70.3],[19.8,70.2]]],[[[20.8,70.1],[20.7,70.1],[20.6,70.1],[20.5,70.1],[20.4,70.1],[20.4,70.2],[20.5,70.2],[20.7,70.2],[20.8,70.2],[20.8,70.1]]],[[[19.3,70.1],[19.3,70],[19.5,70],[19.6,70],[19.3,69.8],[19,69.8],[18.8,69.6],[18.3,69.5],[18.1,69.6],[18.2,69.6],[18.3,69.8],[18.6,69.8],[18.7,69.8],[18.7,69.9],[18.9,70],[19.1,70],[19.1,70.2],[19.2,70.2],[19.3,70.1]]],[[[12.5,65.9],[12.4,65.9],[12.5,66],[12.7,66],[12.8,66],[12.7,66],[12.5,65.9]]],[[[12.4,66],[12.3,66],[12.3,66.1],[12.4,66.1],[12.5,66.2],[12.6,66.2],[12.6,66.1],[12.4,66]]],[[[11.2,64.9],[11.2,64.8],[11.1,64.9],[10.8,64.8],[10.7,64.9],[10.8,64.9],[11,65],[11.1,65],[11.2,64.9]]],[[[17.5,69.6],[17.6,69.5],[17.8,69.6],[18,69.5],[18.1,69.4],[17.9,69.3],[18,69.2],[17.6,69.2],[17.5,69.2],[17.1,69],[16.8,69.1],[17,69.1],[17,69.4],[17.1,69.4],[17.4,69.4],[17.2,69.5],[17.5,69.5],[17.5,69.6]]],[[[15.8,68.6],[16.1,68.7],[16.2,68.8],[16.3,68.9],[16.4,68.8],[16.5,68.7],[16.5,68.6],[16.2,68.5],[16,68.4],[15.8,68.4],[15.4,68.3],[15.3,68.4],[15.2,68.3],[14.9,68.3],[14.6,68.2],[14.3,68.2],[14.3,68.3],[14.6,68.4],[15.1,68.4],[15.4,68.6],[15.6,68.9],[15.4,68.9],[15.5,69],[15.9,69.3],[16.1,69.3],[16,69.1],[15.8,69],[15.9,68.9],[15.9,68.7],[15.8,68.6]]],[[[-9,70.8],[-9.1,70.9],[-8.5,71],[-8.3,71.1],[-8,71.2],[-8,71.1],[-8,71],[-8.6,70.9],[-9,70.8]]],[[[19.2,74.4],[19.1,74.4],[18.9,74.4],[18.8,74.5],[18.9,74.5],[19.2,74.5],[19.3,74.5],[19.2,74.4]]],[[[26.9,78.6],[26.7,78.6],[26.5,78.7],[26.4,78.8],[26.5,78.8],[26.6,78.8],[26.8,78.7],[27,78.7],[26.9,78.6]]],[[[32.5,80.1],[31.5,80.1],[33.1,80.2],[33.6,80.2],[32.5,80.1]]],[[[21.6,78.6],[22,78.6],[22.2,78.4],[22.3,78.2],[23,78.3],[23.5,78.1],[23.2,78.1],[23.1,78],[23.7,77.9],[24.2,77.9],[24.9,77.8],[24.1,77.7],[23.7,77.5],[23.4,77.4],[23.1,77.4],[22.8,77.3],[22.6,77.3],[22.4,77.3],[22.5,77.4],[22.4,77.4],[22.7,77.5],[22.7,77.6],[22.4,77.6],[22.1,77.5],[20.9,77.5],[20.9,77.6],[21.2,77.6],[21.3,77.8],[21.7,77.9],[21,78.1],[20.8,78.2],[20.8,78.3],[20.5,78.3],[20.6,78.4],[20.4,78.4],[20.2,78.5],[21.5,78.6],[21.6,78.6]]],[[[20.9,80.2],[21.5,80.2],[22.3,80],[22.4,80.2],[22.5,80.4],[23,80.5],[23.3,80.4],[23.1,80.2],[24.4,80.4],[25.8,80.2],[26.9,80.2],[27.1,80.1],[27.2,79.9],[26,79.6],[25.6,79.4],[24.8,79.4],[23.9,79.2],[22.9,79.2],[22.7,79.3],[22.9,79.4],[20.9,79.4],[20.1,79.5],[19.7,79.6],[20.5,79.6],[20.8,79.7],[18.7,79.8],[18.3,79.9],[18.9,80],[17.9,80.1],[18.8,80.2],[19.3,80.1],[19.5,80.2],[19.2,80.3],[19.8,80.2],[19.8,80.3],[19.6,80.5],[19.7,80.5],[20.7,80.3],[20.9,80.2]]],[[[16.8,79.9],[17.2,79.9],[17.8,79.8],[18,79.7],[17.7,79.5],[17.7,79.4],[18.4,79.6],[18.8,79.4],[18.8,79.3],[18.7,79.3],[19.1,79.2],[19.8,79.1],[19.9,79.1],[20.2,79.1],[20.6,79.1],[20.8,79.1],[20.5,79],[21.4,78.7],[19.7,78.6],[19.2,78.4],[19,78.2],[19,78.1],[18.4,78],[18.4,77.7],[18.2,77.5],[17.6,77.4],[17.2,77],[17,76.8],[17.1,76.7],[16.7,76.6],[15.5,76.9],[15.1,77.1],[14.4,77.2],[14,77.5],[14.4,77.6],[14.7,77.5],[14.9,77.7],[17,77.8],[16.9,77.9],[14.1,77.8],[13.8,77.9],[13.7,78],[13.9,78.1],[14.3,78],[14.2,78.1],[15.7,78.2],[15.7,78.3],[15.8,78.3],[17.2,78.4],[16.7,78.4],[16.4,78.5],[16.8,78.7],[15.4,78.5],[15.3,78.6],[15.4,78.8],[15,78.6],[14.7,78.7],[14.5,78.7],[14.5,78.6],[14.4,78.5],[14.6,78.4],[14.1,78.3],[13.2,78.2],[11.8,78.7],[11.8,78.8],[11.9,78.8],[11.4,79],[12.4,79],[12,79],[11.9,79.2],[12.1,79.3],[12,79.3],[11.6,79.3],[11.6,79.2],[11.5,79.2],[11.2,79.1],[10.7,79.5],[10.8,79.6],[10.7,79.8],[11.2,79.7],[11.7,79.8],[12.3,79.7],[12.2,79.8],[13.7,79.9],[13.9,79.8],[12.6,79.6],[13.3,79.6],[13.4,79.5],[14,79.3],[14.1,79.4],[14,79.6],[14.6,79.8],[14.8,79.8],[15.8,79.2],[16.3,79],[15.8,79.7],[16.1,79.9],[16.1,80],[16.5,80],[16.8,79.9]]],[[[11.3,78.6],[11.3,78.5],[11.4,78.5],[11.8,78.4],[12.1,78.2],[12,78.2],[11.6,78.4],[11.1,78.5],[10.6,78.8],[10.6,78.9],[11,78.8],[11.2,78.7],[11.1,78.7],[11.2,78.6],[11.3,78.6]]],[[[18.7,80.3],[18.5,80.2],[18.2,80.3],[18.3,80.4],[18.5,80.3],[18.7,80.3]]],[[[29,78.9],[29.7,78.9],[29.3,78.9],[28.5,78.9],[28,78.8],[27.9,78.9],[28.4,79],[28.8,79],[29,78.9]]]]}},{"type":"Feature","properties":{"iso3":"PRK","iso2":"KP","name":"North Korea","continent":"Asia","subregion":"Eastern Asia"},"geometry":{"type":"MultiPolygon","coordinates":[[[[128.4,38.6],[128,38.3],[127.1,38.3],[126.7,37.9],[126.6,37.8],[126.4,37.9],[126.1,37.7],[126.1,37.9],[125.8,38],[125.4,37.7],[125.3,37.8],[125,37.9],[125.2,38.1],[124.7,38.1],[124.9,38.2],[125.1,38.6],[125.6,38.7],[125.2,38.8],[125.4,39.3],[125.4,39.5],[124.8,39.8],[124.6,39.6],[124.6,39.8],[124.3,39.9],[124.4,40.1],[124.9,40.5],[125.7,40.9],[126,40.9],[126.5,41.4],[126.6,41.6],[126.9,41.8],[127.2,41.5],[128.1,41.4],[128.3,41.6],[128,42],[128.9,42],[129.3,42.4],[129.7,42.4],[129.9,43],[130.1,43],[130.2,42.9],[130.2,42.7],[130.7,42.3],[130.2,42.2],[129.8,41.7],[129.7,41.6],[129.8,41.3],[129.7,40.9],[129.3,40.7],[128.5,40.1],[128,40],[127.5,39.7],[127.5,39.5],[127.4,39.4],[127.4,39.2],[127.8,39.1],[128.3,38.7],[128.4,38.6]]],[[[124.9,39.5],[124.8,39.5],[124.8,39.6],[124.9,39.6],[124.9,39.5]]]]}},{"type":"Feature","properties":{"iso3":"NGA","iso2":"NG","name":"Nigeria","continent":"Africa","subregion":"Western Africa"},"geometry":{"type":"MultiPolygon","coordinates":[[[[7.3,4.4],[7.2,4.4],[7.1,4.4],[7.2,4.5],[7.3,4.5],[7.3,4.4]]],[[[13.6,13.7],[14.1,13.1],[14.2,12.4],[14.5,12.3],[14.6,12.2],[14.6,11.5],[14,11.2],[13.7,10.9],[13.4,10.2],[13.3,10],[13.2,9.6],[12.9,9.4],[12.7,8.7],[12.4,8.6],[12,7.6],[11.8,7.3],[11.9,7.1],[11.6,6.9],[11.6,6.7],[11.4,6.5],[11.1,6.5],[11,6.7],[10.6,7.1],[10.4,6.9],[10.2,6.9],[10.1,7],[9.8,6.8],[9.7,6.5],[9.1,6],[8.8,5.2],[8.6,4.8],[8.4,4.7],[8.2,4.9],[8.3,4.6],[7.6,4.5],[7.5,4.7],[7.5,4.6],[7.3,4.5],[7.1,4.7],[7.2,4.5],[6.9,4.4],[6.8,4.7],[6.9,4.4],[6.6,4.3],[6.6,4.5],[6.6,4.3],[6.3,4.3],[6.3,4.4],[6.2,4.3],[5.6,4.6],[5.4,5.1],[5.5,5.2],[5.4,5.3],[5.5,5.5],[5.4,5.4],[5.2,5.5],[5.5,5.6],[5.3,5.7],[5.1,5.6],[4.9,6],[4.4,6.3],[3.5,6.4],[3.7,6.6],[3.4,6.5],[3.3,6.4],[2.7,6.4],[2.8,9],[3,9.1],[3.3,9.8],[3.6,10],[3.6,10.4],[3.8,10.4],[3.8,10.7],[3.7,11.1],[3.5,11.4],[3.7,11.8],[3.6,12.5],[4,12.9],[4.1,13.5],[4.4,13.6],[5.2,13.8],[5.5,13.9],[6.3,13.7],[6.9,13],[7.8,13.3],[8.1,13.3],[8.8,12.9],[9.6,12.8],[10,13.2],[10.5,13.3],[11.4,13.4],[12.1,13.1],[12.5,13.1],[12.7,13.3],[13.4,13.7],[13.6,13.7]]]]}},{"type":"Feature","properties":{"iso3":"NER","iso2":"NE","name":"Niger","continent":"Africa","subregion":"Western Africa"},"geometry":{"type":"Polygon","coordinates":[[[13.6,13.7],[13.3,13.7],[12.9,13.4],[12.5,13.1],[12.1,13.1],[11.4,13.4],[10.5,13.3],[10,13.2],[9.6,12.8],[8.8,12.9],[8.1,13.3],[7.8,13.3],[6.9,13],[6.3,13.7],[5.5,13.9],[5.2,13.8],[4.7,13.7],[4.1,13.5],[4,12.9],[3.6,12.5],[3.7,11.8],[3.6,11.7],[2.8,12.4],[2.4,12.2],[2.4,11.9],[2.1,12.3],[2.2,12.5],[2.1,12.7],[1.6,12.6],[1,13],[1,13.4],[1.2,13.4],[0.9,13.6],[0.6,13.7],[0.4,14.1],[0.4,14.2],[0.2,14.5],[0.2,15],[0.9,15],[1.3,15.3],[3,15.3],[3.1,15.4],[3.5,15.4],[3.5,15.5],[3.9,15.8],[4.2,16.6],[4.2,19.1],[5.8,19.5],[7.5,20.9],[12,23.5],[13.5,23.2],[14.2,22.6],[15,23],[15.2,21.5],[15.6,21],[15.6,20.7],[16,20.3],[15.7,19.9],[15.5,16.9],[14.4,15.8],[13.8,15],[13.4,14.4],[13.5,14.1],[13.6,13.7]]]}},{"type":"Feature","properties":{"iso3":"NIC","iso2":"NI","name":"Nicaragua","continent":"North America","subregion":"Central America"},"geometry":{"type":"Polygon","coordinates":[[[-83.2,15],[-83.3,14.8],[-83.3,14.9],[-83.4,14.8],[-83.3,14.7],[-83.2,14.3],[-83.4,14],[-83.6,13.3],[-83.5,12.4],[-83.6,12.4],[-83.6,12.5],[-83.6,12.7],[-83.6,12.6],[-83.8,12.5],[-83.7,12.3],[-83.7,12],[-83.8,12.1],[-83.8,11.9],[-83.7,11.8],[-83.7,11.6],[-83.9,11.3],[-83.8,11],[-83.6,10.9],[-83.7,10.8],[-83.9,10.7],[-84.2,10.8],[-84.3,11],[-84.7,11.1],[-84.9,10.9],[-85.6,11.2],[-85.7,11.1],[-86,11.3],[-86.5,11.7],[-86.8,12.2],[-87.7,12.9],[-87.7,13],[-87.6,13],[-87.4,12.9],[-87.3,13],[-87.1,13],[-87,13.1],[-86.9,13.2],[-86.7,13.3],[-86.8,13.7],[-86.7,13.8],[-86.3,13.8],[-86.2,14],[-86,14.1],[-86,14],[-85.8,13.8],[-85.7,13.9],[-85.7,14],[-85.2,14.3],[-85.2,14.5],[-85,14.6],[-85,14.8],[-84.9,14.8],[-84.6,14.7],[-84.5,14.6],[-84.3,14.7],[-84.2,14.7],[-84.1,14.8],[-83.9,14.8],[-83.4,15],[-83.2,15]]]}},{"type":"Feature","properties":{"iso3":"NZL","iso2":"NZ","name":"New Zealand","continent":"Oceania","subregion":"Australia and New Zealand"},"geometry":{"type":"MultiPolygon","coordinates":[[[[173.1,-41.3],[173.9,-40.9],[173.8,-41.3],[174,-41.1],[174,-41],[174.3,-41],[174,-41.2],[174.4,-41.1],[174.1,-41.4],[174.2,-41.6],[174.1,-41.7],[174.3,-41.7],[174.2,-41.9],[173.5,-42.5],[173.2,-43],[172.6,-43.3],[172.7,-43.4],[172.5,-43.5],[172.7,-43.4],[172.8,-43.6],[173.1,-43.7],[173.1,-43.8],[172.5,-43.8],[172.6,-43.8],[172.5,-43.7],[172.3,-43.9],[172,-43.7],[172.2,-43.9],[171.2,-44.3],[171.3,-44.3],[171.1,-44.9],[171,-44.9],[171.1,-45],[170.7,-45.7],[170.8,-45.9],[170.3,-46],[169.7,-46.6],[169.1,-46.6],[168.4,-46.6],[168.2,-46.4],[167.8,-46.4],[167.5,-46.1],[167.4,-46.2],[166.8,-46.2],[166.7,-46.1],[166.9,-46],[166.7,-46.1],[166.6,-46],[166.7,-45.9],[166.5,-46],[166.5,-45.8],[167,-45.7],[166.8,-45.6],[167,-45.5],[166.7,-45.5],[166.8,-45.4],[166.9,-45.4],[166.9,-45.3],[167.2,-45.4],[167.1,-45.3],[167.2,-45.3],[167,-45.2],[167,-45.1],[167.3,-45.1],[167.2,-45],[167.4,-44.8],[167.5,-45],[167.5,-44.8],[167.8,-44.6],[167.9,-44.7],[167.9,-44.5],[168.4,-44.1],[169.1,-43.9],[169.2,-43.9],[169.2,-43.8],[169.8,-43.5],[169.9,-43.4],[170.2,-43.2],[170.4,-43.2],[170.3,-43.1],[170.5,-43],[170.6,-43.1],[170.5,-43],[170.7,-43],[171,-42.7],[171,-42.9],[171,-42.7],[171.3,-42.5],[171.3,-42.4],[171.5,-41.8],[171.9,-41.5],[172.3,-40.8],[172.6,-40.5],[172.9,-40.5],[172.7,-40.5],[172.7,-40.7],[173,-40.8],[173.1,-41.2],[173.1,-41.3]]],[[[173.9,-40.9],[173.8,-40.9],[173.8,-40.8],[173.9,-40.7],[174,-40.7],[174,-40.8],[173.9,-40.9]]],[[[166.7,-45.7],[166.5,-45.7],[166.6,-45.6],[166.7,-45.6],[166.7,-45.7]]],[[[167,-45.2],[167,-45.3],[166.9,-45.3],[166.9,-45.2],[167,-45.2]]],[[[168.1,-46.9],[168,-46.9],[168.1,-47],[168.2,-47],[168.3,-47],[168.2,-47.1],[168,-47.1],[167.9,-47.2],[167.8,-47.2],[167.7,-47.2],[167.5,-47.3],[167.5,-47.2],[167.6,-47.1],[167.7,-47],[167.8,-46.9],[167.8,-46.8],[167.8,-46.7],[168,-46.7],[168.1,-46.9]]],[[[175.5,-36.3],[175.6,-36.3],[175.5,-36.3],[175.4,-36.3],[175.3,-36.2],[175.3,-36.1],[175.4,-36.1],[175.5,-36.2],[175.5,-36.3]]],[[[173.3,-34.9],[173.4,-34.8],[173.5,-34.9],[174.1,-35.1],[174.1,-35.3],[174.3,-35.2],[174.6,-35.8],[174.4,-35.8],[174.8,-36.3],[174.8,-36.5],[174.8,-36.6],[174.7,-36.8],[175.3,-37],[175.4,-37.2],[175.5,-37.2],[175.5,-36.7],[175.4,-36.6],[175.5,-36.5],[175.7,-36.7],[175.8,-36.7],[176.1,-37.6],[177.3,-38],[177.6,-37.9],[178,-37.6],[178.5,-37.7],[178.3,-38.6],[178,-38.7],[177.9,-39.2],[177.8,-39.1],[177.5,-39.1],[177.1,-39.2],[176.9,-39.6],[177.1,-39.7],[176.8,-40.2],[176,-41.2],[175.3,-41.6],[175.2,-41.4],[174.9,-41.4],[174.9,-41.2],[174.8,-41.3],[174.6,-41.3],[175.2,-40.6],[175.3,-40.3],[175.2,-40.1],[175,-40],[173.9,-39.5],[173.8,-39.3],[173.8,-39.1],[174.4,-39],[174.6,-38.8],[174.8,-38],[174.8,-37.9],[174.9,-37.8],[174.6,-37.1],[174.7,-37.2],[174.9,-37.1],[174.8,-36.9],[174.5,-36.9],[174.2,-36.5],[174.4,-36.6],[174.4,-36.2],[174,-36.1],[173.9,-35.9],[174.2,-36.3],[174.1,-36.4],[173.4,-35.5],[173.6,-35.3],[173.4,-35.5],[173.3,-35.4],[173.1,-35.2],[173.2,-35],[172.7,-34.5],[173,-34.4],[173,-34.5],[173.2,-34.9],[173.3,-34.9]]],[[[169.2,-52.5],[169.1,-52.6],[169,-52.5],[169.1,-52.5],[169.2,-52.5]]],[[[166.2,-50.8],[166.1,-50.8],[166,-50.8],[165.9,-50.8],[166.1,-50.7],[166.1,-50.5],[166.2,-50.5],[166.3,-50.6],[166.2,-50.6],[166.2,-50.7],[166.2,-50.8]]],[[[-176.2,-43.7],[-176.2,-43.8],[-176.3,-43.8],[-176.4,-43.9],[-176.4,-43.8],[-176.5,-43.8],[-176.4,-43.8],[-176.5,-43.9],[-176.4,-44],[-176.3,-44],[-176.5,-44.1],[-176.6,-44.1],[-176.6,-44],[-176.5,-43.9],[-176.6,-43.9],[-176.6,-43.8],[-176.8,-43.8],[-176.7,-43.8],[-176.6,-43.7],[-176.2,-43.7]]],[[[-176.2,-44.3],[-176.2,-44.2],[-176.1,-44.3],[-176.2,-44.3]]],[[[-172.5,-8.6],[-172.5,-8.6],[-172.5,-8.6],[-172.5,-8.6],[-172.5,-8.5],[-172.5,-8.5],[-172.5,-8.6],[-172.5,-8.6],[-172.5,-8.6]]],[[[-171.2,-9.4],[-171.2,-9.4],[-171.2,-9.4],[-171.2,-9.3],[-171.2,-9.3],[-171.2,-9.3],[-171.2,-9.3],[-171.2,-9.3],[-171.2,-9.4]]]]}},{"type":"Feature","properties":{"iso3":"NIU","iso2":"NU","name":"Niue","continent":"Oceania","subregion":"Polynesia"},"geometry":{"type":"Polygon","coordinates":[[[-169.8,-19.1],[-169.9,-19.1],[-169.9,-19],[-169.8,-19],[-169.8,-19.1]]]}},{"type":"Feature","properties":{"iso3":"COK","iso2":"CK","name":"Cook Is.","continent":"Oceania","subregion":"Polynesia"},"geometry":{"type":"Polygon","coordinates":[[[-159.7,-21.2],[-159.8,-21.2],[-159.8,-21.2],[-159.8,-21.2],[-159.8,-21.2],[-159.8,-21.2],[-159.8,-21.2],[-159.8,-21.2],[-159.7,-21.2],[-159.7,-21.2],[-159.7,-21.2]]]}},{"type":"Feature","properties":{"iso3":"NLD","iso2":"NL","name":"Netherlands","continent":"Europe","subregion":"Western Europe"},"geometry":{"type":"MultiPolygon","coordinates":[[[[6,50.8],[5.7,50.8],[5.6,50.8],[5.8,51],[5.8,51.1],[5.8,51.2],[5.5,51.3],[5.2,51.3],[5.1,51.3],[5,51.5],[4.8,51.4],[4.8,51.5],[4.6,51.4],[4.5,51.5],[4.4,51.4],[4,51.4],[3.8,51.4],[3.6,51.5],[3.4,51.5],[3.7,51.6],[4.1,51.5],[4.3,51.5],[4,51.6],[4.2,51.6],[3.9,51.8],[4.1,52],[4.5,52.3],[4.8,52.9],[4.9,52.9],[5.1,53],[5.4,53.1],[5.5,53.3],[5.9,53.4],[6.8,53.4],[7,53.3],[7.2,53.3],[7.2,53],[7,52.7],[6.7,52.6],[6.7,52.5],[7,52.4],[7,52.3],[6.7,52.1],[6.7,52],[6.8,52],[6.7,51.9],[6.4,51.8],[6.2,51.9],[5.9,51.8],[6.2,51.5],[6.1,51.2],[6.1,51.1],[5.9,51],[6,50.9],[6,50.8]]],[[[4.2,51.4],[4.2,51.3],[4,51.2],[3.9,51.2],[3.8,51.2],[3.7,51.3],[3.6,51.3],[3.5,51.2],[3.4,51.2],[3.4,51.3],[3.4,51.4],[3.6,51.4],[3.7,51.4],[3.9,51.4],[4,51.4],[4.1,51.4],[4.2,51.4]]],[[[6.3,53.5],[6.2,53.5],[6.2,53.5],[6.2,53.5],[6.3,53.5],[6.3,53.5]]],[[[5.9,53.5],[5.7,53.4],[5.7,53.5],[5.9,53.5]]],[[[5.1,53.3],[4.9,53.2],[5,53.3],[5.1,53.3]]],[[[5.3,53.4],[5.2,53.4],[5.4,53.4],[5.6,53.4],[5.3,53.4]]],[[[4.9,53.1],[4.8,53],[4.7,53],[4.7,53.1],[4.9,53.2],[4.9,53.1]]],[[[3.9,51.7],[4,51.7],[4.1,51.6],[4,51.6],[3.8,51.7],[3.7,51.7],[3.8,51.7],[3.9,51.7]]],[[[6.7,53.6],[6.6,53.6],[6.7,53.6],[6.8,53.6],[6.7,53.6]]],[[[-68.2,12.1],[-68.3,12],[-68.3,12.1],[-68.3,12.2],[-68.4,12.3],[-68.2,12.2],[-68.2,12.1]]],[[[-62.9,17.5],[-63,17.5],[-63,17.5],[-63,17.5],[-63,17.5],[-63,17.5],[-63,17.5],[-63,17.5],[-62.9,17.5]]],[[[-63.2,17.6],[-63.3,17.6],[-63.2,17.7],[-63.2,17.6]]]]}},{"type":"Feature","properties":{"iso3":"ABW","iso2":"AW","name":"Aruba","continent":"North America","subregion":"Caribbean"},"geometry":{"type":"Polygon","coordinates":[[[-69.9,12.5],[-69.9,12.4],[-70.1,12.5],[-70,12.6],[-69.9,12.5]]]}},{"type":"Feature","properties":{"iso3":"CUW","iso2":"CW","name":"Curaçao","continent":"North America","subregion":"Caribbean"},"geometry":{"type":"Polygon","coordinates":[[[-68.8,12.1],[-68.8,12],[-69,12.1],[-69.2,12.3],[-69.2,12.4],[-69.1,12.4],[-69.1,12.3],[-69,12.2],[-68.8,12.2],[-68.8,12.1]]]}},{"type":"Feature","properties":{"iso3":"NPL","iso2":"NP","name":"Nepal","continent":"Asia","subregion":"Southern Asia"},"geometry":{"type":"Polygon","coordinates":[[[88.1,27.9],[88,27.1],[88.2,26.8],[88.1,26.4],[87.3,26.4],[87,26.6],[86.7,26.4],[86,26.6],[85.8,26.6],[85.6,26.8],[85.2,26.8],[84.7,27],[84.6,27.3],[84.1,27.5],[83.8,27.4],[83.4,27.5],[83.3,27.4],[82.7,27.5],[82.7,27.7],[82.5,27.7],[82,27.9],[81.9,27.9],[81.2,28.3],[80.6,28.6],[80.4,28.6],[80.1,28.9],[80.3,29.6],[80.6,30],[80.9,30.2],[81.2,30],[81.4,30.3],[81.9,30.4],[82,30.3],[82.2,30.1],[82.9,29.7],[83.2,29.6],[83.6,29.2],[83.9,29.3],[84.1,29.2],[84.2,28.9],[84.8,28.6],[85.2,28.6],[85.1,28.3],[85.7,28.3],[86,27.9],[86.1,28.1],[86.4,27.9],[86.6,28.1],[86.7,28.1],[87.1,27.8],[88,27.9],[88.1,27.9]]]}},{"type":"Feature","properties":{"iso3":"NRU","iso2":"NR","name":"Nauru","continent":"Oceania","subregion":"Micronesia"},"geometry":{"type":"Polygon","coordinates":[[[167,-0.5],[166.9,-0.6],[166.9,-0.5],[167,-0.5]]]}},{"type":"Feature","properties":{"iso3":"NAM","iso2":"NA","name":"Namibia","continent":"Africa","subregion":"Southern Africa"},"geometry":{"type":"Polygon","coordinates":[[[23.4,-17.6],[24.3,-17.5],[24.7,-17.5],[25,-17.6],[25.3,-17.8],[24.9,-17.8],[24.5,-18.1],[24.2,-18],[23.6,-18.5],[23.2,-18],[21,-18.3],[21,-22],[20,-22],[20,-28.5],[19.5,-28.6],[19.2,-28.9],[18.1,-28.9],[17.4,-28.7],[17.4,-28.3],[17.1,-28],[16.9,-28.1],[16.8,-28.5],[16.4,-28.6],[15.7,-28],[15.3,-27.3],[15.1,-26.5],[15,-26.3],[14.8,-25.7],[14.8,-25],[14.5,-24.2],[14.4,-23],[14.5,-22.8],[14.5,-22.4],[13.5,-20.9],[13.2,-20.2],[12.5,-18.9],[12,-18.5],[11.8,-18],[11.7,-17.2],[12,-17.2],[12.5,-17.2],[13.1,-17],[13.5,-17],[14,-17.4],[18.4,-17.4],[19,-17.8],[20.4,-17.9],[20.7,-18],[21.4,-18],[23.1,-17.7],[23.4,-17.6]]]}},{"type":"Feature","properties":{"iso3":"MOZ","iso2":"MZ","name":"Mozambique","continent":"Africa","subregion":"Eastern Africa"},"geometry":{"type":"Polygon","coordinates":[[[31.3,-22.4],[32.4,-21.3],[32.4,-21.1],[32.5,-21],[32.5,-20.7],[33,-20],[32.8,-19.4],[32.8,-19.1],[32.7,-18.9],[32.9,-18.7],[33,-18.4],[33,-17.3],[32.9,-16.9],[32.9,-16.7],[32.2,-16.4],[31.9,-16.4],[31.7,-16.2],[31.2,-16],[30.4,-16],[30.2,-15],[33.2,-14],[33.6,-14.6],[34.4,-14.4],[34.5,-14.6],[34.6,-15.1],[34.2,-15.9],[34.4,-16.2],[35.1,-16.8],[35.1,-17.1],[35.3,-17.1],[35.3,-16.8],[35.2,-16.6],[35.4,-16.2],[35.8,-16.1],[35.9,-14.9],[35.8,-14.7],[35.2,-13.9],[34.9,-13.6],[34.7,-13.5],[34.6,-13.4],[34.4,-12.2],[34.6,-11.6],[35.6,-11.6],[35.9,-11.5],[36.3,-11.7],[37,-11.6],[37.4,-11.7],[37.7,-11.6],[37.9,-11.3],[38.2,-11.3],[38.5,-11.4],[38.8,-11.2],[39.3,-11.1],[40,-10.8],[40.5,-10.5],[40.6,-10.7],[40.5,-10.8],[40.6,-10.8],[40.4,-11.3],[40.5,-12],[40.5,-12.5],[40.6,-12.6],[40.4,-13],[40.6,-13],[40.6,-14.1],[40.7,-14.2],[40.6,-14.5],[40.8,-14.4],[40.8,-14.7],[40.6,-15.1],[40.6,-15.5],[40,-16.2],[39.8,-16.3],[39.8,-16.4],[39.1,-17],[38.1,-17.2],[37.5,-17.6],[36.9,-18],[36.4,-18.8],[36.3,-18.7],[36.2,-18.9],[35.9,-19],[34.9,-19.8],[34.6,-19.7],[34.8,-19.8],[34.7,-20.5],[35,-20.8],[35.3,-21.7],[35.3,-22.4],[35.4,-22.5],[35.5,-22.1],[35.5,-22.2],[35.5,-22.7],[35.6,-23],[35.4,-23.8],[35.5,-23.8],[35.5,-24.1],[35,-24.7],[33.3,-25.3],[32.8,-25.6],[32.6,-26],[32.8,-26.3],[33,-26.1],[32.9,-26.8],[32.1,-26.8],[32.1,-26],[31.9,-26],[31.9,-25.8],[32,-24.5],[31.8,-23.9],[31.5,-23.5],[31.3,-22.5],[31.3,-22.4]]]}},{"type":"Feature","properties":{"iso3":"MAR","iso2":"MA","name":"Morocco","continent":"Africa","subregion":"Northern Africa"},"geometry":{"type":"Polygon","coordinates":[[[-2.2,35.1],[-1.8,34.8],[-1.8,34.6],[-1.7,34.5],[-1.8,34.4],[-1.6,33.6],[-1.7,33.3],[-1.4,32.8],[-1.1,32.5],[-1.2,32.3],[-1.2,32.1],[-2.9,32.1],[-3,31.8],[-3.8,31.7],[-3.8,31.6],[-3.8,31.2],[-3.6,31.1],[-3.7,31],[-4,30.9],[-5,30.5],[-5.4,30],[-6.5,29.8],[-6.6,29.6],[-7.1,29.6],[-8.3,29],[-8.7,28.7],[-8.7,27.7],[-8.8,27.7],[-8.8,27.1],[-9.4,27.1],[-9.8,26.9],[-10.3,26.9],[-10.8,27],[-11.4,26.9],[-11.3,26.6],[-11.7,26.1],[-12.1,26],[-12.4,24.8],[-13,24.5],[-13.3,24],[-13.9,23.7],[-14.1,23.1],[-14.2,22.3],[-14.6,21.9],[-14.8,21.5],[-17,21.4],[-16.9,21.9],[-16.4,22.6],[-16.2,23.1],[-15.8,23.8],[-16,23.7],[-15.9,23.8],[-14.9,24.7],[-14.8,25.4],[-14.4,26.3],[-13.6,26.7],[-13.2,27.7],[-12.9,27.9],[-11.6,28.3],[-10.5,29.1],[-10.2,29.4],[-9.7,30.1],[-9.7,30.4],[-9.9,30.7],[-9.8,31.4],[-9.3,32.1],[-9.2,32.6],[-8.5,33.3],[-6.9,34],[-6.4,34.8],[-5.9,35.8],[-5.3,35.9],[-5.3,35.7],[-5.3,35.6],[-4.6,35.2],[-4.3,35.2],[-3.7,35.3],[-3.4,35.2],[-3,35.4],[-2.8,35.1],[-2.4,35.1],[-2.2,35.1]]]}},{"type":"Feature","properties":{"iso3":"ESH","iso2":"EH","name":"W. Sahara","continent":"Africa","subregion":"Northern Africa"},"geometry":{"type":"Polygon","coordinates":[[[-8.8,27.7],[-8.7,27.7],[-8.7,26],[-12,26],[-12,23.5],[-12.6,23.3],[-13.2,22.8],[-13,21.3],[-17,21.3],[-17,20.8],[-17.1,20.9],[-17,21.4],[-14.8,21.5],[-14.6,21.9],[-14.2,22.3],[-14.1,23.1],[-13.9,23.7],[-13.3,24],[-13,24.5],[-12.4,24.8],[-12.1,26],[-11.7,26.1],[-11.3,26.6],[-11.4,26.9],[-10.8,27],[-10.3,26.9],[-9.8,26.9],[-9.4,27.1],[-8.8,27.1],[-8.8,27.6],[-8.8,27.7]]]}},{"type":"Feature","properties":{"iso3":"MNE","iso2":"ME","name":"Montenegro","continent":"Europe","subregion":"Southern Europe"},"geometry":{"type":"Polygon","coordinates":[[[19.2,43.5],[19.2,43.4],[19.6,43.2],[19.9,43.1],[20.3,42.9],[20.2,42.8],[20.1,42.8],[20.1,42.6],[19.9,42.5],[19.8,42.5],[19.7,42.6],[19.3,42.2],[19.4,42.1],[19.3,41.9],[19.2,41.9],[19.1,42.1],[18.9,42.2],[18.6,42.4],[18.5,42.4],[18.4,42.5],[18.5,42.6],[18.5,42.8],[18.5,43],[18.6,43],[18.7,43.2],[18.9,43.3],[19,43.3],[19,43.5],[19.2,43.5]]]}},{"type":"Feature","properties":{"iso3":"MNG","iso2":"MN","name":"Mongolia","continent":"Asia","subregion":"Eastern Asia"},"geometry":{"type":"Polygon","coordinates":[[[87.8,49.2],[88.2,49.5],[89.1,49.5],[90.1,50.1],[92.4,50.9],[93.1,50.6],[94.3,50.6],[94.6,50],[96.1,50],[97.4,49.7],[98.3,50.3],[98.3,50.5],[97.8,51.1],[98,51.4],[98.9,52.1],[102.1,51.4],[102.3,50.6],[103.3,50.2],[104.1,50.2],[105.4,50.5],[106.7,50.3],[107.2,50],[107.9,49.9],[108,49.7],[108.6,49.3],[110.7,49.1],[112.8,49.5],[114.3,50.3],[115.4,49.9],[116.4,50],[116.7,49.8],[115.8,48.6],[115.8,48.2],[115.5,48.1],[115.6,47.9],[115.9,47.7],[116.8,47.9],[117.4,47.7],[117.8,48],[118.5,48],[119.7,47.2],[119.9,46.7],[117.4,46.6],[117.3,46.4],[116.6,46.3],[116.2,45.7],[115.7,45.5],[114.6,45.4],[113.6,44.7],[111.9,45.1],[111.4,44.4],[111.9,43.7],[111,43.3],[110.4,42.8],[109.3,42.4],[106.8,42.3],[105,41.6],[104.5,41.7],[104.5,41.9],[103.7,41.8],[102.2,42.2],[101.5,42.5],[96.4,42.7],[95.3,44],[95.4,44.3],[94.7,44.4],[93.5,44.9],[90.9,45.2],[90.7,45.5],[91,46],[91,46.6],[90.3,47.7],[89.5,48],[89,48],[88,48.6],[88.1,48.7],[87.7,48.9],[87.8,49.1],[87.8,49.2]]]}},{"type":"Feature","properties":{"iso3":"MDA","iso2":"MD","name":"Moldova","continent":"Europe","subregion":"Eastern Europe"},"geometry":{"type":"Polygon","coordinates":[[[26.6,48.3],[26.8,48.4],[27.2,48.4],[27.5,48.5],[27.8,48.4],[28.1,48.3],[28.3,48.2],[28.3,48.1],[28.4,48.1],[28.5,48.1],[28.5,48.2],[28.8,48.1],[28.9,48],[29.1,48],[29.2,47.8],[29.1,47.5],[29.5,47.3],[29.5,47.1],[29.6,47],[29.9,46.8],[29.9,46.7],[29.9,46.5],[30.1,46.4],[29.8,46.4],[29.7,46.4],[29.6,46.4],[29.3,46.5],[29.2,46.4],[29.2,46.5],[29,46.5],[28.9,46.4],[29,46.2],[28.9,46],[28.7,45.9],[28.5,45.7],[28.5,45.5],[28.2,45.5],[28.1,45.6],[28.2,45.6],[28.1,46],[28.2,46.5],[28.2,46.6],[28.1,47],[27.6,47.3],[27.3,47.6],[27,48.2],[26.7,48.3],[26.6,48.3]]]}},{"type":"Feature","properties":{"iso3":"MCO","iso2":"MC","name":"Monaco","continent":"Europe","subregion":"Western Europe"},"geometry":{"type":"Polygon","coordinates":[[[7.4,43.8],[7.4,43.7],[7.4,43.8],[7.4,43.8],[7.4,43.8],[7.4,43.8],[7.4,43.8]]]}},{"type":"Feature","properties":{"iso3":"MEX","iso2":"MX","name":"Mexico","continent":"North America","subregion":"Central America"},"geometry":{"type":"MultiPolygon","coordinates":[[[[-117.1,32.5],[-114.7,32.7],[-114.8,32.5],[-111,31.3],[-108.2,31.3],[-108.2,31.8],[-106.5,31.8],[-104.9,30.6],[-104.4,29.6],[-103.3,29],[-102.9,29.2],[-102.6,29.8],[-101.4,29.8],[-100.8,29.2],[-100.3,28.3],[-99.5,27.5],[-99.5,27.1],[-99.1,26.4],[-97.4,25.9],[-97.1,26],[-97.7,24.4],[-97.8,22.5],[-97.8,22.1],[-97.3,21.6],[-97.4,21.3],[-97.4,21.6],[-97.8,22],[-97.2,20.7],[-95.8,18.8],[-95.9,18.8],[-95.2,18.7],[-94.5,18.2],[-92.4,18.7],[-92,18.7],[-91.9,18.5],[-91.5,18.5],[-91.3,18.6],[-91.4,18.9],[-90.7,19.4],[-90.4,21],[-88.5,21.6],[-87.3,21.4],[-87.4,21.6],[-87.1,21.6],[-86.8,21.4],[-86.8,21.2],[-87.7,19.6],[-87.4,19.6],[-87.7,19.4],[-87.5,19.3],[-87.8,18.4],[-88,18.5],[-88.1,18.8],[-88.8,18],[-89.1,18],[-89.2,17.8],[-91,17.8],[-91,17.3],[-91.4,17.3],[-90.4,16.4],[-90.4,16.1],[-91.7,16.1],[-92.2,15.3],[-92.1,15.1],[-92.2,14.5],[-94.4,16.3],[-94,16],[-94.9,16.4],[-95,16.3],[-94.8,16.2],[-96.5,15.7],[-97.8,16],[-98.8,16.5],[-100.8,17.2],[-101.9,18],[-103.4,18.3],[-103.9,18.8],[-104.9,19.3],[-105.5,20],[-105.7,20.4],[-105.3,20.6],[-105.5,20.8],[-105.2,21.1],[-105.2,21.5],[-105.6,22],[-105.8,22.6],[-106.9,23.9],[-107.8,24.5],[-107.5,24.4],[-107.5,24.5],[-108,24.6],[-108.3,25.1],[-108.1,25.1],[-108.8,25.5],[-109,25.5],[-108.9,25.7],[-109.2,25.6],[-109.4,25.7],[-109.4,26],[-109.1,26.3],[-109.3,26.5],[-109.8,26.7],[-109.9,27.1],[-110.5,27.3],[-110.5,27.9],[-111.1,28],[-112.2,29],[-113.1,30.7],[-113,31.2],[-114.9,31.9],[-114.6,30],[-112.9,28.4],[-112.7,27.8],[-112.3,27.5],[-111.9,26.7],[-111.7,26.6],[-111.8,26.9],[-111.6,26.7],[-111.3,25.8],[-110.7,24.9],[-110.7,24.3],[-110.4,24.1],[-110.3,24.3],[-109.4,23.5],[-109.5,23.2],[-109.8,22.9],[-110,22.9],[-110.4,23.6],[-112.1,24.8],[-112.2,25.9],[-113,26.6],[-113.2,26.9],[-113.6,26.7],[-115,27.7],[-114.3,27.9],[-114.1,27.7],[-114.3,27.9],[-114,28.4],[-114.9,29.4],[-115.7,29.8],[-116.1,30.8],[-116.7,31.6],[-116.6,31.9],[-117.1,32.3],[-117.1,32.5]]],[[[-86.9,20.3],[-87,20.3],[-87,20.4],[-87,20.5],[-86.9,20.6],[-86.8,20.6],[-86.8,20.5],[-86.9,20.3]]],[[[-106.5,21.6],[-106.5,21.5],[-106.6,21.6],[-106.6,21.7],[-106.5,21.7],[-106.5,21.6]]],[[[-110.9,18.7],[-111,18.7],[-111.1,18.8],[-111,18.8],[-111,18.9],[-110.9,18.8],[-110.9,18.7]]],[[[-110.6,25],[-110.5,24.9],[-110.6,24.9],[-110.7,25],[-110.7,25.1],[-110.6,25]]],[[[-113.2,29.1],[-113.2,29],[-113.3,29.1],[-113.5,29.3],[-113.6,29.4],[-113.6,29.5],[-113.6,29.6],[-113.5,29.6],[-113.4,29.5],[-113.4,29.4],[-113.4,29.3],[-113.2,29.3],[-113.2,29.1]]],[[[-115.2,28.1],[-115.2,28],[-115.4,28.1],[-115.3,28.2],[-115.3,28.3],[-115.2,28.4],[-115.2,28.3],[-115.1,28.2],[-115.2,28.1]]],[[[-112.2,29],[-112.3,28.8],[-112.4,28.8],[-112.5,28.8],[-112.5,28.9],[-112.5,29.2],[-112.4,29.2],[-112.3,29.2],[-112.2,29.1],[-112.2,29]]],[[[-118.2,28.9],[-118.3,28.9],[-118.4,29.1],[-118.4,29.2],[-118.3,29.2],[-118.3,29.1],[-118.2,29],[-118.2,28.9]]],[[[-86.7,21.2],[-86.8,21.3],[-86.7,21.3],[-86.7,21.2]]],[[[-91.7,18.7],[-91.8,18.7],[-91.6,18.8],[-91.5,18.8],[-91.7,18.7]]],[[[-109.8,24.2],[-109.8,24.1],[-109.9,24.2],[-109.9,24.3],[-109.8,24.2]]],[[[-114.7,31.7],[-114.8,31.7],[-114.8,31.8],[-114.7,31.8],[-114.7,31.7]]],[[[-111.1,26],[-111.2,25.8],[-111.2,26],[-111.1,26.1],[-111.1,26]]],[[[-111.7,24.4],[-111.7,24.3],[-112,24.5],[-111.9,24.6],[-111.9,24.5],[-111.7,24.4]]],[[[-112.1,24.5],[-112.2,24.7],[-112.2,24.8],[-112.3,24.8],[-112.2,25],[-112.2,25.3],[-112.1,25.2],[-112.2,24.9],[-112.2,24.8],[-112.1,24.7],[-112.1,24.6],[-112.1,24.5]]]]}},{"type":"Feature","properties":{"iso3":"MUS","iso2":"MU","name":"Mauritius","continent":"Seven seas (open ocean)","subregion":"Eastern Africa"},"geometry":{"type":"Polygon","coordinates":[[[57.7,-20.5],[57.5,-20.5],[57.4,-20.5],[57.3,-20.4],[57.4,-20.4],[57.4,-20.3],[57.4,-20.2],[57.5,-20.1],[57.6,-20],[57.7,-20],[57.7,-20.1],[57.8,-20.2],[57.8,-20.3],[57.7,-20.4],[57.7,-20.5]]]}},{"type":"Feature","properties":{"iso3":"MRT","iso2":"MR","name":"Mauritania","continent":"Africa","subregion":"Western Africa"},"geometry":{"type":"MultiPolygon","coordinates":[[[[-16.4,19.7],[-16.4,19.6],[-16.5,19.6],[-16.5,19.7],[-16.4,19.8],[-16.3,19.9],[-16.4,19.7]]],[[[-12.3,14.8],[-13.2,15.6],[-13.4,16.1],[-13.9,16.1],[-14.1,16.4],[-14.5,16.7],[-15,16.7],[-15.8,16.5],[-16.2,16.5],[-16.5,15.8],[-16.5,16.6],[-16.1,17.5],[-16,18.2],[-16.2,19],[-16.5,19.4],[-16.3,19.5],[-16.4,19.5],[-16.3,19.8],[-16.2,20.2],[-16.4,20.7],[-16.5,20.7],[-16.6,20.6],[-16.9,21.1],[-17,20.8],[-17,21.3],[-13,21.3],[-13.2,22.8],[-12.6,23.3],[-12,23.5],[-12,26],[-8.7,26],[-8.7,27.3],[-4.8,25],[-6.6,25],[-5.6,16.6],[-5.4,16.3],[-5.5,15.5],[-9.2,15.5],[-9.3,15.5],[-9.4,15.7],[-9.4,15.5],[-9.9,15.4],[-10.7,15.4],[-10.9,15.2],[-11.5,15.6],[-11.8,15.4],[-11.9,15],[-12.1,14.7],[-12.3,14.8]]]]}},{"type":"Feature","properties":{"iso3":"MLT","iso2":"MT","name":"Malta","continent":"Europe","subregion":"Southern Europe"},"geometry":{"type":"MultiPolygon","coordinates":[[[[14.6,35.9],[14.5,35.8],[14.4,35.8],[14.4,35.9],[14.4,36],[14.5,35.9],[14.6,35.9]]],[[[14.3,36],[14.2,36.1],[14.3,36.1],[14.3,36]]]]}},{"type":"Feature","properties":{"iso3":"MLI","iso2":"ML","name":"Mali","continent":"Africa","subregion":"Western Africa"},"geometry":{"type":"Polygon","coordinates":[[[-11.4,12.4],[-11.5,12.6],[-11.4,12.9],[-11.6,13.4],[-11.8,13.3],[-12.1,13.6],[-12,13.9],[-12,14.2],[-12.2,14.5],[-12.2,14.6],[-12.3,14.8],[-12.1,14.7],[-11.9,14.9],[-11.8,15.4],[-11.5,15.6],[-10.9,15.2],[-10.7,15.4],[-9.9,15.4],[-9.4,15.5],[-9.4,15.7],[-9.3,15.5],[-9.2,15.5],[-5.5,15.5],[-5.4,16.3],[-5.6,16.6],[-6.6,25],[-4.8,25],[1.1,21.1],[1.2,20.8],[1.6,20.6],[1.8,20.3],[2.2,20.2],[2.4,20.1],[3.1,19.9],[3.3,19.4],[3.1,19.2],[3.3,19],[4.2,19.1],[4.2,16.6],[3.9,15.8],[3.5,15.5],[3.5,15.4],[3.1,15.4],[3,15.3],[1.3,15.3],[0.9,15],[0.3,15],[0.2,14.9],[-0.2,15.1],[-0.7,15.1],[-1.7,14.5],[-2,14.5],[-2.1,14.2],[-2.5,14.3],[-2.6,14.2],[-2.9,14],[-3,13.6],[-3.2,13.7],[-3.3,13.3],[-3.5,13.2],[-3.9,13.4],[-4.3,13.1],[-4.2,12.8],[-4.5,12.7],[-4.4,12.3],[-4.7,12.1],[-5.3,11.8],[-5.3,11.4],[-5.3,11.1],[-5.5,11],[-5.5,10.4],[-5.8,10.4],[-6,10.2],[-6.2,10.3],[-6.3,10.7],[-6.4,10.7],[-6.4,10.6],[-6.7,10.7],[-6.7,10.3],[-7,10.3],[-7,10.1],[-7.4,10.3],[-7.5,10.4],[-7.7,10.4],[-8,10.2],[-8,10.3],[-8.3,10.5],[-8.3,11],[-8.7,11],[-8.4,11.4],[-8.8,11.7],[-8.8,11.9],[-9.1,12.4],[-9.4,12.5],[-9.4,12.3],[-9.7,12],[-10.3,12.2],[-10.7,11.9],[-10.9,12.2],[-11.3,12],[-11.5,12.2],[-11.4,12.4]]]}},{"type":"Feature","properties":{"iso3":"MDV","iso2":"MV","name":"Maldives","continent":"Seven seas (open ocean)","subregion":"Southern Asia"},"geometry":{"type":"MultiPolygon","coordinates":[[[[73.4,3.2],[73.4,3.2],[73.4,3.2],[73.4,3.3],[73.4,3.3],[73.4,3.3],[73.4,3.3],[73.4,3.3],[73.4,3.2]]],[[[73.5,4.2],[73.5,4.2],[73.5,4.2],[73.5,4.2],[73.5,4.2],[73.5,4.2],[73.5,4.2],[73.5,4.2],[73.5,4.2],[73.5,4.2],[73.5,4.2],[73.5,4.2],[73.5,4.2]]]]}},{"type":"Feature","properties":{"iso3":"MYS","iso2":"MY","name":"Malaysia","continent":"Asia","subregion":"South-Eastern Asia"},"geometry":{"type":"MultiPolygon","coordinates":[[[[100.1,6.4],[100.2,6.7],[100.3,6.7],[100.3,6.5],[100.8,6.5],[100.9,6.2],[101.1,6.2],[101.1,6],[101,5.8],[101.1,5.6],[101.6,5.9],[101.8,5.8],[102.1,6.2],[102.3,6.2],[102.5,5.9],[103.1,5.4],[103.5,4.7],[103.4,3.8],[103.5,3.5],[103.4,2.9],[103.8,2.6],[104.2,1.7],[104.3,1.4],[104.1,1.4],[104,1.6],[104,1.5],[103.7,1.4],[103.5,1.3],[103.4,1.5],[102.7,1.9],[101.3,2.9],[101.3,3.3],[100.7,4],[100.8,4],[100.6,4.4],[100.3,6],[100.2,6.3],[100.1,6.4]]],[[[117.6,4.2],[117.1,4.3],[116.5,4.4],[116,4.3],[115.9,4.3],[115.7,4.2],[115.5,3],[115.2,3],[115.1,2.9],[115.1,2.6],[115.2,2.5],[114.8,2.3],[114.8,2],[114.5,1.5],[113.9,1.4],[113.6,1.2],[113,1.4],[112.9,1.6],[112.5,1.6],[112.2,1.4],[112.1,1.1],[111.8,1],[111.1,1.1],[110.5,0.9],[109.7,1.5],[109.5,1.8],[109.6,2],[109.9,1.8],[110.3,1.7],[111.2,1.4],[111,1.6],[111.3,2.1],[111.2,2.4],[111.4,2.4],[111.4,2.6],[111.6,2.8],[113,3.2],[113.9,4.2],[114,4.6],[114.2,4.5],[114.3,4.3],[114.7,4],[114.8,4.4],[114.7,4.7],[115,4.9],[115.1,4.4],[115.3,4.4],[115.1,4.9],[115.4,4.9],[115.6,5.1],[115.6,5.2],[115.4,5.4],[115.6,5.6],[115.7,5.5],[115.9,5.6],[116.1,6.1],[116.8,7],[116.8,6.8],[116.8,6.6],[117.1,7],[117.3,6.9],[117.3,6.7],[117.6,6.5],[117.6,6],[117.5,5.9],[118,6.1],[118.1,5.9],[117.9,5.8],[118,5.7],[118.4,5.8],[118.6,5.6],[119.3,5.4],[119.2,5.2],[119.1,5.1],[118.7,5],[118.3,5],[118.2,4.8],[118.6,4.5],[118.5,4.4],[118,4.3],[117.7,4.3],[117.6,4.2]]],[[[104.2,2.7],[104.1,2.7],[104.1,2.8],[104.2,2.9],[104.2,2.8],[104.2,2.7]]],[[[100.3,5.3],[100.2,5.3],[100.2,5.4],[100.2,5.5],[100.3,5.4],[100.3,5.3]]],[[[99.8,6.5],[99.9,6.4],[99.9,6.3],[99.8,6.3],[99.7,6.3],[99.7,6.4],[99.6,6.4],[99.7,6.4],[99.8,6.4],[99.8,6.5]]],[[[117.1,7.2],[117.1,7.1],[117.1,7.2],[117.1,7.3],[117.3,7.4],[117.3,7.3],[117.3,7.2],[117.2,7.2],[117.1,7.2]]],[[[101.3,3],[101.3,3],[101.3,3],[101.3,3],[101.3,3.1],[101.3,3],[101.3,3]]],[[[111.4,2.4],[111.3,2.4],[111.3,2.7],[111.3,2.8],[111.4,2.8],[111.4,2.7],[111.4,2.5],[111.4,2.4]]],[[[117.9,4.2],[117.6,4.2],[117.7,4.2],[117.7,4.3],[117.8,4.3],[117.9,4.2]]]]}},{"type":"Feature","properties":{"iso3":"MWI","iso2":"MW","name":"Malawi","continent":"Africa","subregion":"Eastern Africa"},"geometry":{"type":"MultiPolygon","coordinates":[[[[34.7,-12.1],[34.7,-12],[34.8,-12],[34.7,-12.1]]],[[[34.6,-12],[34.6,-12.1],[34.5,-12],[34.6,-12]]],[[[33.2,-14],[33.1,-13.9],[33,-14],[32.7,-13.6],[33,-13.2],[33,-12.6],[33.4,-12.5],[33.5,-12.3],[33.3,-12.3],[33.3,-12.1],[33.3,-11.7],[33.2,-11.4],[33.4,-11.2],[33.3,-10.9],[33.7,-10.6],[33.5,-10.2],[33.3,-10],[33.4,-9.9],[33.2,-9.6],[33,-9.6],[33,-9.4],[33.4,-9.6],[33.9,-9.7],[34,-9.5],[34.3,-9.7],[34.5,-10],[34.7,-10.7],[34.6,-11.1],[35,-11.6],[34.6,-11.6],[34.4,-12.2],[34.6,-13.4],[34.7,-13.5],[34.9,-13.6],[35.2,-13.9],[35.8,-14.7],[35.9,-14.9],[35.8,-16.1],[35.4,-16.2],[35.2,-16.6],[35.3,-16.8],[35.3,-17.1],[35.1,-17.1],[35.1,-16.8],[34.4,-16.2],[34.2,-15.9],[34.5,-15.3],[34.5,-14.6],[34.3,-14.4],[33.6,-14.6],[33.2,-14]]]]}},{"type":"Feature","properties":{"iso3":"MDG","iso2":"MG","name":"Madagascar","continent":"Africa","subregion":"Eastern Africa"},"geometry":{"type":"MultiPolygon","coordinates":[[[[49.5,-12.4],[49.9,-13.1],[50.2,-14],[50.2,-14.7],[50.4,-15.1],[50.4,-15.6],[50.2,-16],[50,-15.8],[49.9,-15.5],[49.7,-15.5],[49.8,-16.5],[49.8,-16.8],[49.6,-16.9],[49.4,-17.2],[49.5,-17.9],[49.4,-18.3],[47.9,-22.5],[47.6,-23.9],[47.2,-24.8],[46.7,-25.1],[46.2,-25.2],[45.5,-25.6],[45.1,-25.5],[44.8,-25.3],[44.3,-25.2],[44,-25],[43.7,-24.3],[43.6,-23.7],[43.7,-23.5],[43.6,-23.1],[43.4,-22.8],[43.3,-22.4],[43.3,-21.9],[43.5,-21.4],[43.8,-21.2],[44.4,-19.9],[44.4,-19.4],[44.2,-19.1],[44.2,-18.7],[44,-18.3],[44,-17.4],[44.4,-16.7],[44.5,-16.2],[44.9,-16.2],[45.2,-16],[45.3,-16],[45.6,-16],[45.7,-15.8],[46.2,-15.7],[46.4,-15.9],[46.3,-15.7],[46.5,-15.5],[46.9,-15.2],[47,-15.5],[47.1,-15.4],[47.1,-15.2],[47.4,-14.8],[47.5,-14.7],[47.5,-15],[47.8,-14.6],[48,-14.7],[47.8,-14.5],[47.8,-14.4],[48,-14],[47.9,-13.7],[48,-13.6],[48.3,-13.7],[48.8,-13.3],[48.9,-12.8],[48.8,-12.5],[48.9,-12.4],[49.2,-12.1],[49.5,-12.3],[49.5,-12.4]]],[[[48.3,-13.4],[48.2,-13.4],[48.2,-13.3],[48.3,-13.3],[48.3,-13.2],[48.4,-13.3],[48.3,-13.4]]],[[[49.9,-16.9],[49.8,-17.1],[49.9,-16.9],[50,-16.7],[49.9,-16.9]]]]}},{"type":"Feature","properties":{"iso3":"MKD","iso2":"MK","name":"North Macedonia","continent":"Europe","subregion":"Southern Europe"},"geometry":{"type":"Polygon","coordinates":[[[21.6,42.2],[22.2,42.4],[22.6,42.1],[22.8,42],[23,41.7],[22.9,41.4],[22.8,41.3],[22.7,41.2],[22.6,41.1],[22,41.1],[21.8,41],[21.6,40.9],[21.4,40.9],[21,40.8],[20.9,40.9],[20.7,40.9],[20.5,41.3],[20.4,41.5],[20.5,41.6],[20.6,41.9],[20.7,41.9],[20.8,42.1],[21.1,42.2],[21.3,42.1],[21.4,42.2],[21.6,42.2]]]}},{"type":"Feature","properties":{"iso3":"LUX","iso2":"LU","name":"Luxembourg","continent":"Europe","subregion":"Western Europe"},"geometry":{"type":"Polygon","coordinates":[[[6.1,50.1],[6.1,50],[6.2,49.9],[6.3,49.8],[6.5,49.8],[6.5,49.7],[6.4,49.6],[6.3,49.5],[6.2,49.5],[6.1,49.5],[6,49.4],[5.8,49.5],[5.8,49.6],[5.9,49.6],[5.8,49.8],[5.7,49.8],[5.7,49.9],[5.8,50],[5.9,50.1],[6,50.2],[6.1,50.2],[6.1,50.1]]]}},{"type":"Feature","properties":{"iso3":"LTU","iso2":"LT","name":"Lithuania","continent":"Europe","subregion":"Northern Europe"},"geometry":{"type":"MultiPolygon","coordinates":[[[[21,55.3],[20.9,55.3],[21,55.4],[21.1,55.5],[21.1,55.6],[21.1,55.5],[21,55.4],[21,55.3]]],[[[22.8,54.4],[22.7,54.6],[22.8,54.9],[22.6,55.1],[22.1,55.1],[21.2,55.3],[21,56.1],[22.1,56.4],[24.1,56.3],[24.8,56.4],[25.1,56.2],[25.7,56.1],[26.6,55.7],[26.5,55.3],[26.8,55.3],[26.6,55.1],[26.3,55.1],[26.2,55],[25.9,54.9],[25.5,54.3],[25.7,54.3],[25.7,54.1],[25.5,54.2],[25.5,54.3],[24.9,54.1],[24.8,54],[24.3,53.9],[23.6,53.9],[23.4,54.2],[22.8,54.4]]]]}},{"type":"Feature","properties":{"iso3":"LIE","iso2":"LI","name":"Liechtenstein","continent":"Europe","subregion":"Western Europe"},"geometry":{"type":"Polygon","coordinates":[[[9.6,47.1],[9.5,47.1],[9.5,47.2],[9.5,47.3],[9.6,47.2],[9.6,47.1]]]}},{"type":"Feature","properties":{"iso3":"LBY","iso2":"LY","name":"Libya","continent":"Africa","subregion":"Northern Africa"},"geometry":{"type":"Polygon","coordinates":[[[9.5,30.2],[9.9,30.4],[10.2,30.8],[10.3,30.9],[10.1,31.5],[10.3,31.7],[11.5,32.4],[11.5,33.2],[12.3,32.9],[12.8,32.8],[13.3,32.9],[14.2,32.7],[14.5,32.5],[15.2,32.4],[15.4,32.2],[15.5,31.7],[15.7,31.4],[16.1,31.3],[16.8,31.2],[17.8,30.9],[18.7,30.4],[19.1,30.3],[19.7,30.5],[20.1,31],[20.1,31.2],[19.9,31.8],[20,32.1],[20.4,32.4],[21.1,32.8],[21.4,32.8],[21.6,32.9],[22.2,32.9],[23.1,32.6],[23.1,32.3],[23.3,32.2],[23.8,32.2],[24.1,32],[25,32],[25.2,31.7],[24.9,31.3],[25,30.7],[24.7,30.2],[25,29.2],[25,20],[24,20],[24,19.5],[16,23.4],[14.2,22.6],[13.5,23.2],[12,23.5],[11.5,24.3],[10.7,24.6],[10.3,24.5],[10.1,24.8],[10,25.3],[9.4,26.1],[9.5,26.3],[9.9,26.6],[9.7,27.3],[9.9,27.8],[9.8,29.1],[9.6,29.6],[9.3,30.1],[9.4,30.2],[9.5,30.2]]]}},{"type":"Feature","properties":{"iso3":"LBR","iso2":"LR","name":"Liberia","continent":"Africa","subregion":"Western Africa"},"geometry":{"type":"Polygon","coordinates":[[[-11.5,6.9],[-11.3,7.2],[-10.6,7.8],[-10.6,8.1],[-10.4,8.2],[-10.3,8.5],[-10.1,8.5],[-10.1,8.4],[-9.8,8.5],[-9.7,8.5],[-9.5,8.3],[-9.4,7.7],[-9.5,7.4],[-9.3,7.4],[-9.1,7.2],[-8.9,7.3],[-8.7,7.5],[-8.7,7.7],[-8.6,7.7],[-8.4,7.5],[-8.3,7.1],[-8.3,6.8],[-8.6,6.5],[-8.4,6.5],[-8.3,6.3],[-8,6.3],[-7.9,6.2],[-7.8,6],[-7.5,5.8],[-7.4,5.6],[-7.4,5.3],[-7.5,5.1],[-7.6,5.1],[-7.6,4.8],[-7.5,4.4],[-8.3,4.6],[-9.1,5.1],[-10.3,6.1],[-10.7,6.3],[-10.8,6.3],[-10.8,6.5],[-11.3,6.7],[-11.5,6.9]]]}},{"type":"Feature","properties":{"iso3":"LSO","iso2":"LS","name":"Lesotho","continent":"Africa","subregion":"Southern Africa"},"geometry":{"type":"Polygon","coordinates":[[[28.7,-30.1],[28.4,-30.1],[28.1,-30.4],[28.1,-30.6],[27.8,-30.6],[27.4,-30.3],[27.4,-30.2],[27.1,-29.8],[27.1,-29.6],[27.3,-29.5],[27.7,-28.9],[28,-28.9],[28.2,-28.7],[28.6,-28.6],[29,-28.9],[29.3,-29.1],[29.4,-29.3],[29.3,-29.6],[29.1,-29.7],[29.1,-29.9],[28.9,-30],[28.7,-30.1]]]}},{"type":"Feature","properties":{"iso3":"LBN","iso2":"LB","name":"Lebanon","continent":"Asia","subregion":"Western Asia"},"geometry":{"type":"Polygon","coordinates":[[[36,34.6],[36.4,34.7],[36.4,34.6],[36.3,34.5],[36.5,34.4],[36.6,34.2],[36.3,33.9],[36.4,33.8],[36.1,33.8],[36,33.8],[35.9,33.7],[36,33.6],[35.6,33.2],[35.5,33.3],[35.5,33.1],[35.4,33.1],[35.1,33.1],[35.6,34],[35.6,34.2],[35.8,34.4],[36,34.5],[36,34.6]]]}},{"type":"Feature","properties":{"iso3":"LVA","iso2":"LV","name":"Latvia","continent":"Europe","subregion":"Northern Europe"},"geometry":{"type":"Polygon","coordinates":[[[26.6,55.7],[25.7,56.1],[25.1,56.2],[24.8,56.4],[24.1,56.3],[22.1,56.4],[21,56.1],[21,56.6],[21.1,56.8],[21.4,57],[21.5,57.3],[21.7,57.6],[22.6,57.7],[23.1,57.3],[23.3,57.1],[23.6,57],[23.9,57],[24.4,57.3],[24.3,57.9],[25.1,58.1],[25.3,58],[26,57.8],[26.5,57.5],[27,57.6],[27.5,57.5],[27.8,57.3],[27.6,56.8],[27.8,56.9],[28.1,56.5],[28.2,56.3],[28.1,56.1],[27.9,56.1],[27.6,55.8],[27.1,55.8],[26.6,55.7]]]}},{"type":"Feature","properties":{"iso3":"LAO","iso2":"LA","name":"Laos","continent":"Asia","subregion":"South-Eastern Asia"},"geometry":{"type":"Polygon","coordinates":[[[102.1,22.4],[102.6,21.9],[102.7,21.7],[102.8,21.8],[102.9,21.7],[102.9,21.3],[103.1,20.9],[103.6,20.7],[104.1,20.9],[104.6,20.6],[104.4,20.4],[104.6,20.4],[104.7,20.2],[104.8,20.2],[104.9,20],[104.6,19.6],[104,19.7],[104.1,19.5],[103.9,19.3],[104.7,18.8],[105.1,18.7],[105.1,18.4],[105.5,18.2],[105.7,17.7],[106.5,17],[106.7,16.5],[106.9,16.5],[106.9,16.4],[107.4,16],[107.2,15.8],[107.7,15.3],[107.5,15],[107.5,14.7],[107.4,14.6],[107.3,14.6],[106.8,14.3],[106.5,14.6],[106.4,14.5],[106.2,14.5],[106.2,14.4],[106,14.3],[106.1,14],[106.1,13.9],[105.2,14.2],[105.2,14.3],[105.5,14.6],[105.5,15.3],[105.6,15.7],[105.4,15.8],[105.4,16],[105,16.2],[104.8,16.5],[104.7,16.9],[104.8,17.3],[103.9,18.3],[103.3,18.4],[103.1,18],[102.7,17.8],[102.1,18.2],[101.2,17.5],[100.9,17.6],[101.1,18.1],[101,18.4],[101.3,19],[101.2,19.5],[101,19.6],[100.7,19.5],[100.5,19.6],[100.4,19.8],[100.5,20.2],[100.3,20.4],[100.1,20.3],[100.1,20.4],[100.2,20.7],[100.6,20.9],[100.5,21],[100.7,21.3],[101.1,21.6],[101.2,21.2],[101.8,21.2],[101.7,21.3],[101.7,21.8],[101.5,22.3],[101.7,22.5],[101.8,22.4],[102.1,22.4]]]}},{"type":"Feature","properties":{"iso3":"KGZ","iso2":"KG","name":"Kyrgyzstan","continent":"Asia","subregion":"Central Asia"},"geometry":{"type":"Polygon","coordinates":[[[71,40.2],[71.3,40.3],[71.7,40.2],[72.1,40.4],[72.4,40.4],[72.4,40.6],[72.6,40.5],[73.1,40.8],[72.2,41],[72.2,41.2],[71.9,41.2],[71.7,41.5],[71.6,41.3],[71.4,41.3],[71.4,41.1],[70.9,41.2],[70.7,41.4],[70.5,41.4],[70.2,41.5],[70.9,42],[71.2,42.2],[70.9,42.3],[71.2,42.7],[71.4,42.8],[72.3,42.8],[73.5,42.4],[73.4,42.6],[73.6,43],[74.2,43.2],[75.4,42.8],[75.6,42.8],[75.8,42.9],[77,43],[79.1,42.8],[79.4,42.5],[79.9,42.4],[80.2,42.2],[80.2,42.1],[79.8,42],[79.8,41.9],[78.7,41.6],[78.4,41.4],[78.1,41.1],[76.9,41],[76.3,40.4],[75.7,40.3],[75.6,40.6],[75.1,40.5],[74.8,40.5],[74.8,40.3],[74,40],[73.8,39.8],[73.9,39.6],[73.7,39.5],[72.6,39.4],[72.2,39.2],[72,39.4],[71.8,39.3],[71.7,39.4],[71.5,39.5],[71.5,39.6],[70.8,39.4],[70.5,39.6],[69.3,39.5],[69.3,39.9],[69.5,39.9],[69.5,40.1],[70,40.2],[70.5,40],[70.5,39.9],[71,40.2]],[[71.2,39.9],[71.2,40],[71.1,40.1],[71,40.1],[71,40.2],[71,40.1],[71,40],[71,39.9],[71.2,39.9]],[[70.7,39.8],[70.7,39.9],[70.5,39.9],[70.6,39.8],[70.7,39.8]]]}},{"type":"Feature","properties":{"iso3":"KWT","iso2":"KW","name":"Kuwait","continent":"Asia","subregion":"Western Asia"},"geometry":{"type":"MultiPolygon","coordinates":[[[[48.3,29.6],[48.2,29.6],[48.1,29.8],[48.2,30],[48.3,29.8],[48.3,29.7],[48.3,29.6]]],[[[48.4,28.5],[47.7,28.5],[47.6,28.6],[47.4,29],[46.5,29.1],[46.9,29.5],[47.1,30],[47.3,30.1],[47.8,30.1],[48,30],[48.1,29.6],[48,29.6],[47.7,29.4],[48.1,29.4],[48.2,29],[48.4,28.6],[48.4,28.5]]]]}},{"type":"Feature","properties":{"iso3":"KOS","iso2":"","name":"Kosovo","continent":"Europe","subregion":"Southern Europe"},"geometry":{"type":"Polygon","coordinates":[[[20.3,42.8],[20.5,42.9],[20.5,43],[20.6,43],[20.7,43.1],[20.6,43.2],[20.8,43.3],[20.8,43.2],[21.1,43.1],[21.2,42.9],[21.4,42.8],[21.8,42.7],[21.6,42.4],[21.5,42.3],[21.6,42.2],[21.4,42.2],[21.3,42.1],[21.1,42.2],[20.8,42.1],[20.7,41.9],[20.6,41.9],[20.6,42],[20.5,42.2],[20.2,42.3],[20.1,42.5],[20.1,42.6],[20,42.7],[20.2,42.8],[20.3,42.8]]]}},{"type":"Feature","properties":{"iso3":"KIR","iso2":"KI","name":"Kiribati","continent":"Oceania","subregion":"Micronesia"},"geometry":{"type":"MultiPolygon","coordinates":[[[[173,3.1],[172.9,3.1],[172.9,3.1],[173,3.1],[173,3.1],[173,3.1]]],[[[172.8,3.1],[172.8,3],[172.8,3.1],[172.9,3.1],[172.8,3.1]]],[[[173,1.8],[172.9,1.9],[173,1.9],[173,1.8]]],[[[173,1.7],[173,1.7],[173,1.7],[173,1.7],[173,1.8],[173,1.8],[173,1.8],[173,1.7],[173,1.7]]],[[[173,1],[173.1,1],[173.1,0.9],[173,0.8],[173.1,1],[173,1]]],[[[174.5,-0.8],[174.5,-0.6],[174.4,-0.6],[174.5,-0.6],[174.5,-0.7],[174.5,-0.8]]],[[[174.8,-1.2],[174.8,-1.3],[174.7,-1.1],[174.8,-1.2]]],[[[173,1.3],[173,1.4],[173.2,1.4],[173.1,1.3],[173,1.3]]],[[[169.6,-0.9],[169.5,-0.9],[169.5,-0.9],[169.5,-0.9],[169.5,-0.8],[169.6,-0.9],[169.6,-0.9]]],[[[-172.2,-4.5],[-172.2,-4.5],[-172.2,-4.5],[-172.2,-4.5],[-172.2,-4.5],[-172.2,-4.5],[-172.2,-4.5],[-172.2,-4.5],[-172.2,-4.5],[-172.2,-4.5],[-172.2,-4.5],[-172.2,-4.5],[-172.2,-4.5],[-172.2,-4.5]]],[[[-171.1,-3.1],[-171.1,-3.1],[-171.1,-3.1],[-171.1,-3.1],[-171.1,-3.1],[-171.1,-3.1],[-171.1,-3.1]]],[[[-171.2,-4.5],[-171.3,-4.5],[-171.3,-4.4],[-171.2,-4.5]]],[[[-174.5,-4.7],[-174.5,-4.7],[-174.5,-4.7],[-174.5,-4.7],[-174.5,-4.7],[-174.5,-4.7],[-174.5,-4.7],[-174.5,-4.7],[-174.5,-4.7],[-174.5,-4.7],[-174.5,-4.7],[-174.5,-4.7],[-174.5,-4.7],[-174.5,-4.7]]],[[[-155,-4.1],[-155,-4.1],[-155,-4.1],[-155,-4.1],[-155,-4.1],[-155,-4],[-155,-4],[-155,-4],[-154.9,-4],[-155,-4.1],[-155,-4.1]]],[[[-151.8,-11.4],[-151.8,-11.5],[-151.8,-11.5],[-151.8,-11.4],[-151.8,-11.4],[-151.8,-11.4],[-151.8,-11.4],[-151.8,-11.4],[-151.8,-11.4]]],[[[-155.9,-5.6],[-155.9,-5.6],[-155.9,-5.6],[-155.9,-5.6],[-155.9,-5.6],[-155.9,-5.6],[-155.9,-5.6],[-155.9,-5.6],[-155.9,-5.6],[-155.9,-5.6]]],[[[-157.3,1.9],[-157.2,1.7],[-157.4,1.8],[-157.6,1.9],[-157.5,1.9],[-157.4,1.8],[-157.4,1.9],[-157.5,2],[-157.4,2],[-157.3,2],[-157.3,1.9]]],[[[-159.3,3.9],[-159.3,3.8],[-159.4,3.8],[-159.3,3.8],[-159.4,3.9],[-159.4,3.8],[-159.4,3.9],[-159.3,3.9]]],[[[-171.7,-2.8],[-171.6,-2.8],[-171.6,-2.9],[-171.7,-2.8],[-171.6,-2.8],[-171.7,-2.8]]]]}},{"type":"Feature","properties":{"iso3":"KEN","iso2":"KE","name":"Kenya","continent":"Africa","subregion":"Eastern Africa"},"geometry":{"type":"MultiPolygon","coordinates":[[[[41,-2.2],[41,-2.1],[41.1,-2],[41.1,-2.1],[41,-2.2]]],[[[33.9,-1],[33.9,0.2],[34.5,1],[34.8,1.2],[35,1.8],[34.9,2.5],[34.4,3.2],[34.4,3.7],[34.2,3.8],[34,4.2],[35.3,5.5],[35.3,5.4],[35.5,5.4],[35.7,5.3],[35.8,4.8],[36,4.5],[36.9,4.4],[38.1,3.6],[39.5,3.5],[39.8,3.9],[40.8,4.3],[41.1,4],[41.9,4],[41,2.8],[41,-0.9],[41.5,-1.7],[41.3,-1.9],[40.9,-2],[40.9,-2.3],[40.6,-2.5],[40.4,-2.6],[40.2,-2.7],[40.1,-3.3],[39.9,-3.6],[39.4,-4.6],[39.2,-4.7],[37.8,-3.7],[37.6,-3.5],[37.6,-3],[34,-1],[33.9,-1]]]]}},{"type":"Feature","properties":{"iso3":"KAZ","iso2":"KZ","name":"Kazakhstan","continent":"Asia","subregion":"Central Asia"},"geometry":{"type":"MultiPolygon","coordinates":[[[[50.2,44.9],[50.1,44.8],[50,44.9],[50,45],[50.1,45.1],[50,45],[50,44.9],[50.1,44.9],[50.2,44.9]]],[[[50.3,45],[50.3,45],[50.3,45],[50.3,45.1],[50.3,45.1],[50.3,45],[50.3,45]]],[[[52.7,45.4],[52.6,45.4],[52.6,45.5],[52.7,45.5],[52.7,45.4]]],[[[70.9,42.2],[69.2,41.4],[68.4,40.6],[68,40.8],[68.1,41],[67.9,41.2],[66.7,41.2],[66.5,42],[66,42],[66.1,43],[65.8,42.9],[64.9,43.7],[64.4,43.6],[62,43.5],[61,44.4],[58.6,45.6],[56,45],[56,41.3],[55.4,41.3],[54.9,42],[54.1,42.3],[53.1,42.1],[52.5,41.8],[52.6,42.8],[51.3,43.2],[51.3,43.5],[50.8,44.2],[50.3,44.5],[50.4,44.6],[51.5,44.5],[51,44.9],[51.4,45.4],[53.2,45.3],[52.8,45.6],[53.1,46.2],[53.1,46.9],[52.5,47],[52.1,46.8],[51.2,47.1],[49.3,46.5],[49.2,46.3],[48.6,46.6],[48.5,46.7],[49,46.8],[48.2,47.7],[47.3,47.7],[47.1,48.2],[46.7,48.4],[46.7,48.8],[47,49.2],[46.8,49.5],[47.5,50.4],[48.3,49.9],[48.8,49.9],[48.6,50.6],[50.3,51.3],[50.8,51.7],[51.3,51.5],[52.2,51.7],[52.6,51.5],[53.3,51.5],[54.1,51],[54.6,50.5],[54.6,51],[55.7,50.6],[56.5,51],[57.4,50.9],[57.8,51.1],[58.4,51.1],[59.5,50.5],[60.1,50.9],[60.9,50.7],[61.4,50.9],[61.6,51.3],[60,51.9],[61,52.3],[60.8,52.7],[61,53],[62.1,53],[61.2,53.3],[61.5,53.5],[61,53.6],[61.2,54],[61.9,53.9],[64.5,54.4],[65.1,54.3],[65.5,54.6],[68.2,55],[68.2,55.2],[69,55.4],[70.2,55.2],[70.7,55.3],[71.2,54.6],[71.1,54.2],[72.2,54.3],[72.4,53.9],[72.6,54.1],[73.2,54],[73.7,54],[73.3,53.7],[73.4,53.4],[73.9,53.6],[74.4,53.5],[75.4,54.1],[76.8,54.4],[76.7,54.1],[76.4,54.2],[76.5,54],[77.9,53.3],[80,50.8],[80.7,51.3],[81.1,51.2],[81.1,51],[81.4,51],[81.5,50.7],[82.5,50.7],[83.4,51],[83.9,50.8],[84.3,50.2],[85,50.1],[85.2,49.6],[86.2,49.5],[86.7,49.8],[86.6,49.6],[87.3,49.1],[86.8,49],[86.5,48.5],[85.7,48.4],[85.5,47.9],[85.7,47.3],[85.5,47.1],[84.8,46.8],[83,47.2],[82.3,45.6],[82.6,45.4],[82.5,45.1],[81.7,45.3],[79.9,44.9],[80.5,44.7],[80.4,44.1],[80.8,43.2],[80.4,43],[80.5,42.9],[80.2,42.7],[80.2,42.2],[79.1,42.8],[77,43],[75.4,42.8],[74.2,43.2],[73.6,43],[73.5,42.4],[71.8,42.8],[71.3,42.7],[70.9,42.3],[70.9,42.2]]]]}},{"type":"Feature","properties":{"iso3":"JOR","iso2":"JO","name":"Jordan","continent":"Asia","subregion":"Western Asia"},"geometry":{"type":"Polygon","coordinates":[[[35.8,32.7],[35.9,32.7],[36.1,32.5],[36.2,32.5],[36.4,32.4],[36.8,32.3],[38.8,33.4],[39.1,32.5],[39,32.5],[39,32.3],[39.2,32.4],[39.3,32.2],[39,32],[37,31.5],[38,30.5],[37.6,30.3],[37.5,30],[36.8,29.9],[36.5,29.5],[36,29.2],[35,29.4],[35.1,30],[35.1,30.1],[35.1,30.4],[35.4,31.1],[35.4,31.2],[35.5,31.6],[35.6,31.8],[35.5,32],[35.6,32.6],[35.7,32.7],[35.8,32.7]]]}},{"type":"Feature","properties":{"iso3":"JPN","iso2":"JP","name":"Japan","continent":"Asia","subregion":"Eastern Asia"},"geometry":{"type":"MultiPolygon","coordinates":[[[[133.4,36.2],[133.3,36.2],[133.2,36.2],[133.2,36.3],[133.3,36.3],[133.4,36.2]]],[[[138.3,37.8],[138.2,37.8],[138.3,37.9],[138.3,38],[138.2,38],[138.3,38.1],[138.3,38.2],[138.5,38.3],[138.5,38.1],[138.6,38.1],[138.5,37.9],[138.3,37.8]]],[[[134.9,34.3],[134.8,34.2],[134.7,34.2],[134.7,34.3],[134.8,34.4],[134.8,34.5],[135,34.5],[134.9,34.4],[134.9,34.3]]],[[[130.6,30.3],[130.5,30.2],[130.4,30.3],[130.4,30.4],[130.5,30.5],[130.7,30.4],[130.6,30.3]]],[[[131,30.4],[130.9,30.4],[130.9,30.6],[130.9,30.7],[131,30.8],[131.1,30.8],[131.1,30.6],[131,30.5],[131,30.4]]],[[[130.1,32.2],[130,32.2],[130,32.3],[130,32.5],[130.2,32.5],[130.2,32.3],[130.1,32.2]]],[[[129.3,34.1],[129.2,34.1],[129.2,34.3],[129.3,34.3],[129.3,34.2],[129.3,34.1]]],[[[129.4,34.4],[129.4,34.3],[129.3,34.4],[129.3,34.5],[129.3,34.6],[129.5,34.7],[129.5,34.6],[129.5,34.5],[129.4,34.4]]],[[[128.7,32.8],[128.8,32.8],[128.9,32.7],[128.8,32.6],[128.7,32.6],[128.6,32.7],[128.7,32.8]]],[[[130.4,32.4],[130.3,32.4],[130.2,32.5],[130.4,32.5],[130.5,32.5],[130.4,32.5],[130.4,32.4]]],[[[141.1,45.3],[141,45.3],[141,45.4],[141,45.5],[141.1,45.4],[141.1,45.3]]],[[[141.3,45.1],[141.2,45.1],[141.1,45.2],[141.2,45.2],[141.3,45.2],[141.3,45.1]]],[[[139.5,42.1],[139.4,42.1],[139.4,42.2],[139.6,42.2],[139.5,42.1]]],[[[134.4,34.5],[134.3,34.4],[134.2,34.5],[134.3,34.5],[134.4,34.5]]],[[[139.5,34.7],[139.4,34.7],[139.4,34.8],[139.5,34.7]]],[[[129.1,32.8],[129,33],[129.1,33.1],[129.2,33],[129.2,32.9],[129.1,32.9],[129.1,32.8]]],[[[129.5,33.2],[129.4,33.2],[129.5,33.3],[129.6,33.4],[129.5,33.3],[129.5,33.2]]],[[[129.8,33.7],[129.7,33.7],[129.7,33.9],[129.8,33.8],[129.8,33.7]]],[[[132.6,34.1],[132.5,34.1],[132.5,34.2],[132.6,34.1]]],[[[132.3,33.9],[132.4,33.9],[132.4,33.8],[132.2,33.9],[132.3,33.9]]],[[[129.7,31.7],[129.7,31.6],[129.7,31.7],[129.8,31.8],[129.8,31.7],[129.7,31.7]]],[[[142.2,26.6],[142.1,26.7],[142.2,26.7],[142.2,26.6]]],[[[143.8,44.1],[144.7,43.9],[145.4,44.3],[145.1,43.9],[145.1,43.7],[145.3,43.3],[145.8,43.4],[145.5,43.2],[144.9,43],[144.2,43],[144,42.9],[143.4,42.4],[143.2,42],[141.9,42.6],[141.4,42.5],[141,42.3],[140.7,42.6],[140.5,42.6],[140.3,42.3],[141.2,41.8],[141,41.7],[140.7,41.8],[140.3,41.5],[140,41.5],[140.1,41.9],[139.8,42.3],[139.9,42.6],[140.4,43],[140.5,43],[140.4,43.3],[141.1,43.2],[141.4,43.3],[141.4,43.6],[141.6,44],[141.8,44.5],[141.8,44.7],[141.6,45.2],[141.7,45.4],[142,45.5],[142.9,44.7],[143.8,44.1]]],[[[131.2,33.6],[131.4,33.6],[131.6,33.7],[131.7,33.6],[131.7,33.5],[131.5,33.3],[131.9,33.3],[131.8,33.1],[131.9,33],[132,32.9],[131.7,32.5],[131.5,31.9],[131.5,31.7],[131.3,31.4],[131.1,31.4],[131,31.4],[131.1,31.3],[130.7,31],[130.8,31.3],[130.7,31.6],[130.8,31.6],[130.8,31.7],[130.7,31.7],[130.6,31.6],[130.5,31.4],[130.6,31.3],[130.6,31.2],[130.2,31.3],[130.1,31.4],[130.3,31.5],[130.3,31.6],[130.2,31.8],[130.2,32.1],[130.4,32.2],[130.6,32.6],[130.5,32.7],[130.6,32.7],[130.5,32.8],[130.4,33.1],[130.2,33.2],[130.1,33.1],[130.2,32.9],[130.3,32.9],[130.3,32.7],[130.2,32.7],[130.1,32.8],[129.8,32.6],[129.8,32.7],[129.7,32.9],[129.7,33.1],[129.8,32.9],[130,32.9],[129.9,33],[129.6,33.2],[129.6,33.3],[129.8,33.3],[129.8,33.4],[130.2,33.6],[130.4,33.6],[130.5,33.8],[130.7,33.9],[131,33.9],[131.1,33.7],[131.2,33.6]]],[[[134.4,34.3],[134.6,34.2],[134.7,33.8],[134.4,33.6],[134.2,33.4],[134.2,33.2],[134,33.4],[133.6,33.5],[133.3,33.4],[133.1,33.1],[133,33],[133,32.8],[132.8,32.8],[132.6,32.8],[132.7,32.9],[132.5,32.9],[132.5,33],[132.4,33.1],[132.5,33.3],[132.4,33.3],[132.4,33.4],[132,33.3],[132.6,33.7],[132.8,34],[132.9,34.1],[133,34.1],[133.1,33.9],[133.5,34],[133.6,34.1],[133.6,34.2],[133.7,34.2],[133.9,34.3],[134.2,34.3],[134.4,34.3]]],[[[141.2,41.4],[141.5,41.4],[141.4,40.7],[141.8,40.3],[142,39.8],[142,39.4],[141.9,39.1],[141.7,39],[141.5,38.8],[141.5,38.4],[141.1,38.3],[141,38.1],[141,37.1],[140.7,36.7],[140.6,36.2],[140.9,35.7],[140.5,35.5],[140.4,35.2],[139.8,34.9],[139.8,35.3],[140.1,35.6],[139.8,35.7],[139.7,35.4],[139.7,35.3],[139.7,35.1],[139.5,35.3],[139.2,35.3],[139.1,35.2],[139.1,34.8],[138.8,34.6],[138.8,34.7],[138.8,35],[138.9,35],[138.7,35.1],[138.6,35.1],[138.2,34.6],[137.5,34.7],[137.1,34.6],[137.3,34.8],[137,34.8],[136.9,34.7],[136.9,35],[136.8,35.1],[136.5,34.7],[136.9,34.4],[136.9,34.3],[136.3,34.2],[135.9,33.6],[135.7,33.5],[135.5,33.6],[135.1,34],[135.1,34.3],[135.3,34.4],[135.4,34.6],[135,34.6],[134.7,34.8],[134.2,34.7],[134,34.5],[133.1,34.3],[132.7,34.2],[132.3,34.3],[132.1,33.8],[131.7,34.1],[130.9,34],[130.9,34.3],[131,34.4],[131.4,34.4],[132.9,35.5],[134,35.5],[135.2,35.7],[135.3,35.7],[135.2,35.6],[135.3,35.5],[135.7,35.5],[135.9,35.6],[136.1,35.8],[136,36],[136.1,36.1],[136.7,36.7],[136.7,37.2],[136.8,37.4],[137.3,37.5],[137.3,37.4],[136.9,37.1],[137,36.8],[137.2,36.8],[137.5,37],[138.3,37.2],[138.6,37.5],[138.9,37.8],[139.4,38.1],[139.5,38.5],[139.8,38.9],[140.1,39.6],[140,39.9],[139.7,39.9],[139.9,40],[140,40.3],[140,40.7],[140.3,40.8],[140.4,41.2],[140.6,41.2],[140.7,40.8],[140.9,40.9],[141.2,40.9],[141.3,41.1],[141.2,41.2],[140.8,41.1],[140.9,41.5],[141.1,41.5],[141.2,41.4]]],[[[124.3,24.5],[124.2,24.4],[124.2,24.3],[124.1,24.3],[124.1,24.4],[124.1,24.5],[124.2,24.5],[124.3,24.6],[124.3,24.5]]],[[[123.9,24.3],[123.8,24.3],[123.7,24.3],[123.8,24.3],[123.8,24.4],[123.9,24.4],[123.9,24.3]]],[[[125.4,24.7],[125.3,24.7],[125.3,24.9],[125.3,24.8],[125.4,24.8],[125.4,24.7]]],[[[128.3,26.7],[128.2,26.6],[128.1,26.6],[128,26.5],[127.9,26.4],[127.9,26.3],[127.8,26.3],[127.8,26.2],[127.7,26.1],[127.7,26.2],[127.7,26.3],[127.7,26.4],[127.8,26.5],[127.9,26.6],[127.9,26.7],[128,26.7],[128,26.6],[128.1,26.7],[128.2,26.8],[128.3,26.9],[128.3,26.8],[128.3,26.7]]],[[[129,27.7],[128.9,27.7],[128.9,27.8],[128.9,27.9],[129,27.9],[129,27.8],[129,27.7]]],[[[129.5,28.2],[129.4,28.1],[129.3,28.2],[129.2,28.2],[129.2,28.3],[129.3,28.3],[129.3,28.4],[129.5,28.4],[129.6,28.5],[129.7,28.5],[129.7,28.4],[129.6,28.4],[129.5,28.3],[129.4,28.3],[129.5,28.2]]],[[[129.3,28.1],[129.2,28.1],[129.2,28.2],[129.3,28.2],[129.3,28.1]]],[[[139.8,33.1],[139.8,33],[139.8,33.1],[139.9,33.1],[139.8,33.1]]]]}},{"type":"Feature","properties":{"iso3":"JAM","iso2":"JM","name":"Jamaica","continent":"North America","subregion":"Caribbean"},"geometry":{"type":"Polygon","coordinates":[[[-77.3,18.5],[-76.9,18.4],[-76.7,18.3],[-76.3,18.2],[-76.2,17.9],[-76.5,17.9],[-76.9,18],[-76.9,17.8],[-77.1,17.9],[-77.2,17.7],[-77.4,17.8],[-77.8,17.9],[-78,18.2],[-78.3,18.2],[-78.3,18.3],[-78.2,18.4],[-78,18.5],[-77.9,18.5],[-77.4,18.5],[-77.3,18.5]]]}},{"type":"Feature","properties":{"iso3":"ITA","iso2":"IT","name":"Italy","continent":"Europe","subregion":"Southern Europe"},"geometry":{"type":"MultiPolygon","coordinates":[[[[7,45.9],[7.8,45.9],[8.1,46.2],[8.1,46.3],[8.4,46.4],[8.5,46.2],[8.8,46.1],[8.8,46],[9,45.8],[9,46],[9.3,46.3],[9.3,46.5],[9.4,46.5],[9.5,46.3],[9.9,46.4],[10.1,46.2],[10.1,46.3],[10,46.5],[10.1,46.6],[10.4,46.6],[10.5,46.9],[11,46.8],[11.2,47],[12.2,47.1],[12.2,46.9],[12.4,46.7],[13.7,46.5],[13.4,46.3],[13.6,46.2],[13.5,46],[13.6,46],[13.6,45.8],[13.9,45.6],[13.7,45.6],[13.8,45.6],[13.6,45.8],[13.5,45.7],[13.2,45.8],[13,45.6],[12.3,45.4],[12.2,45.2],[12.5,45],[12.4,44.8],[12.3,44.8],[12.2,44.7],[12.4,44.2],[13.6,43.6],[14,42.7],[14.5,42.2],[15.2,41.9],[16.2,41.9],[16.2,41.8],[15.9,41.6],[15.9,41.5],[18,40.7],[18.5,40.2],[18.4,39.9],[18.3,39.8],[18.1,39.9],[17.9,40.3],[17.4,40.3],[17.2,40.5],[16.9,40.5],[16.7,40.1],[16.5,39.7],[17.1,39.4],[17.2,39],[16.6,38.8],[16.5,38.4],[16.3,38.2],[16.1,37.9],[15.7,37.9],[15.6,38.2],[15.8,38.3],[15.9,38.7],[16.2,38.8],[16.2,38.9],[15.7,40],[15,40.2],[14.9,40.5],[14.8,40.7],[14.3,40.6],[14.5,40.7],[14,40.8],[13.7,41.2],[13.1,41.2],[12.6,41.5],[11.6,42.3],[11.1,42.4],[11.2,42.5],[10.7,42.9],[10.5,43],[10.5,43.2],[10.3,43.5],[10.2,43.9],[10,44],[8.8,44.4],[8.6,44.3],[8,43.9],[7.5,43.8],[7.7,44.1],[7.6,44.2],[7.3,44.1],[6.9,44.3],[6.8,44.5],[7,44.7],[7,44.8],[6.7,44.9],[6.6,45.1],[7.1,45.2],[7.1,45.4],[6.8,45.7],[6.9,45.9],[7,45.9]]],[[[10.4,42.9],[10.4,42.8],[10.4,42.7],[10.3,42.8],[10.2,42.7],[10.1,42.7],[10.1,42.8],[10.4,42.8],[10.4,42.9]]],[[[13.9,40.7],[13.9,40.8],[14,40.7],[13.9,40.7]]],[[[12.1,36.8],[12,36.7],[11.9,36.8],[12,36.8],[12.1,36.8]]],[[[15.6,38.2],[15.2,37.8],[15.1,37.5],[15.1,37.3],[15.2,37.2],[15.3,37.1],[15.1,36.8],[15.1,36.7],[14.8,36.7],[14.5,36.8],[14.3,37],[14.1,37.1],[13.8,37.1],[12.9,37.6],[12.6,37.6],[12.5,37.7],[12.4,37.8],[12.5,38.1],[12.7,38.2],[12.9,38],[13,38.1],[13.2,38.2],[13.3,38.2],[13.8,38],[14.1,38],[14.5,38],[14.8,38.2],[15.1,38.2],[15.5,38.3],[15.6,38.3],[15.6,38.2]]],[[[9.6,40.9],[9.8,40.5],[9.6,40.3],[9.7,40],[9.6,39.2],[9.5,39.1],[9.1,39.2],[9,39],[8.9,38.9],[8.6,38.9],[8.4,39.2],[8.4,39.5],[8.5,39.7],[8.5,39.8],[8.4,39.9],[8.5,40.3],[8.4,40.5],[8.2,40.7],[8.2,40.9],[8.5,40.8],[8.7,40.9],[9.2,41.3],[9.6,41],[9.6,40.9]]],[[[8.5,39.1],[8.4,39],[8.4,39.1],[8.5,39.1]]],[[[8.3,41],[8.2,41],[8.3,41.1],[8.3,41]]]]}},{"type":"Feature","properties":{"iso3":"ISR","iso2":"IL","name":"Israel","continent":"Asia","subregion":"Western Asia"},"geometry":{"type":"Polygon","coordinates":[[[35.8,33.4],[35.8,33.3],[35.9,32.9],[35.8,32.7],[35.6,32.6],[35.6,32.4],[35.4,32.5],[35.2,32.5],[35.1,32.5],[35,32.2],[35,31.8],[35.1,31.8],[35.2,31.8],[35,31.6],[34.9,31.4],[35.1,31.4],[35.5,31.5],[35.4,31.2],[35.4,31.1],[35.1,30.4],[35.1,30.1],[35,29.6],[34.9,29.5],[34.2,31.2],[34.5,31.5],[34.5,31.6],[34.7,31.9],[35.1,33.1],[35.4,33.1],[35.5,33.1],[35.5,33.3],[35.6,33.2],[35.8,33.4]]]}},{"type":"Feature","properties":{"iso3":"PSE","iso2":"PS","name":"Palestine","continent":"Asia","subregion":"Western Asia"},"geometry":{"type":"MultiPolygon","coordinates":[[[[34.5,31.6],[34.5,31.5],[34.4,31.4],[34.3,31.3],[34.2,31.2],[34.2,31.3],[34.4,31.5],[34.5,31.6]]],[[[35.6,32.4],[35.6,31.8],[35.5,31.5],[34.9,31.4],[35,31.6],[35.2,31.8],[35.1,31.8],[35,31.8],[35,31.9],[35,32.2],[35.1,32.5],[35.2,32.5],[35.4,32.5],[35.5,32.4],[35.6,32.4]]]]}},{"type":"Feature","properties":{"iso3":"IRL","iso2":"IE","name":"Ireland","continent":"Europe","subregion":"Northern Europe"},"geometry":{"type":"MultiPolygon","coordinates":[[[[-9.9,53.9],[-10,53.9],[-10.1,54],[-10.3,54],[-10.2,54],[-10,54],[-9.9,53.9]]],[[[-7.2,55.1],[-7.4,55],[-7.6,54.8],[-7.9,54.7],[-7.8,54.6],[-8.1,54.5],[-7.9,54.3],[-7.9,54.2],[-7.6,54.1],[-7.3,54.1],[-7.2,54.2],[-7.2,54.3],[-7,54.4],[-6.9,54.3],[-6.8,54.2],[-6.6,54.2],[-6.6,54.1],[-6.3,54.1],[-6.2,54.1],[-6.2,54],[-6.3,54],[-6.3,53.9],[-6.1,53.6],[-6.2,53.4],[-6,52.9],[-6.2,52.7],[-6.2,52.5],[-6.5,52.3],[-6.3,52.2],[-6.6,52.2],[-6.8,52.2],[-6.9,52.2],[-7,52.2],[-7.5,52.1],[-7.6,52],[-7.9,51.9],[-8.1,51.8],[-8.4,51.9],[-8.3,51.8],[-8.4,51.7],[-9.3,51.5],[-9.5,51.5],[-9.8,51.5],[-9.7,51.6],[-9.5,51.7],[-9.6,51.7],[-10.1,51.6],[-9.6,51.9],[-10.1,51.8],[-10.3,51.8],[-10.4,51.9],[-9.9,52.1],[-10.4,52.1],[-10.4,52.2],[-10.1,52.3],[-9.8,52.3],[-9.9,52.4],[-9.6,52.5],[-8.8,52.7],[-9,52.8],[-9.2,52.6],[-9.6,52.7],[-9.9,52.6],[-9.5,52.8],[-9.4,52.9],[-9.5,52.9],[-9.3,53.1],[-8.9,53.2],[-9.1,53.3],[-9.5,53.2],[-9.6,53.3],[-9.9,53.3],[-9.8,53.4],[-10.1,53.4],[-10.1,53.5],[-9.7,53.6],[-9.9,53.7],[-9.6,53.8],[-9.6,53.9],[-9.9,53.9],[-9.9,54.1],[-10,54.2],[-10.1,54.2],[-10.1,54.3],[-9.6,54.3],[-9.3,54.3],[-9.1,54.2],[-9,54.3],[-8.5,54.2],[-8.6,54.3],[-8.5,54.4],[-8.2,54.5],[-8.1,54.6],[-8.5,54.6],[-8.8,54.7],[-8.4,54.9],[-8.4,55],[-8.3,55.1],[-7.8,55.2],[-7.7,55.3],[-7.6,55.1],[-7.7,55],[-7.5,55],[-7.5,55.2],[-7.3,55.3],[-7.4,55.4],[-7,55.2],[-7.2,55.1]]]]}},{"type":"Feature","properties":{"iso3":"IRQ","iso2":"IQ","name":"Iraq","continent":"Asia","subregion":"Western Asia"},"geometry":{"type":"Polygon","coordinates":[[[42.4,37.1],[42.8,37.4],[43.7,37.2],[44.1,37.3],[44.3,37],[44.7,37.2],[45.4,36],[45.8,35.8],[46.3,35.8],[46,35.6],[46.1,35.1],[45.7,34.8],[45.6,34.6],[45.5,34.6],[45.4,34.4],[45.5,34.2],[45.4,34],[46,33.4],[46.1,33.2],[46.1,33],[46.4,32.9],[47.1,32.5],[47.4,32.4],[47.8,31.8],[47.7,31.4],[47.7,31],[48,31],[48,30.5],[48.3,30.3],[48.5,30],[48.1,30],[48,30],[47.7,30.1],[47.2,30],[46.5,29.1],[44.7,29.2],[42.1,31.1],[40.4,31.9],[39.1,32.1],[39.3,32.2],[39.2,32.4],[39,32.3],[39,32.5],[39.1,32.5],[38.8,33.4],[41,34.4],[41.2,34.8],[41.2,35.3],[41.4,35.6],[41.2,36.1],[41.3,36.4],[41.4,36.5],[41.8,36.6],[42.4,37.1]]]}},{"type":"Feature","properties":{"iso3":"IRN","iso2":"IR","name":"Iran","continent":"Asia","subregion":"Southern Asia"},"geometry":{"type":"MultiPolygon","coordinates":[[[[56.2,26.9],[56.1,26.8],[56,26.7],[55.9,26.7],[55.8,26.7],[55.7,26.7],[55.5,26.6],[55.4,26.6],[55.3,26.6],[55.3,26.7],[55.3,26.6],[55.5,26.7],[55.8,26.8],[55.8,26.9],[55.7,26.9],[55.8,26.9],[55.9,26.9],[56.1,27],[56.2,27],[56.3,27],[56.2,26.9]]],[[[53.9,37.3],[54.7,37.5],[54.9,37.8],[55.4,38.1],[56.3,38.1],[56.4,38.2],[57.2,38.2],[57.4,38],[58,37.8],[58.3,37.7],[58.8,37.7],[59.3,37.5],[59.5,37.3],[60.1,37],[60.3,36.6],[61.1,36.6],[61.2,36.6],[61.2,36],[61.3,35.9],[61.3,35.5],[61.1,35.3],[61.1,34.9],[60.7,34.5],[60.9,34.3],[60.6,34.3],[60.5,34.1],[60.5,33.7],[60.6,33.6],[60.9,33.5],[60.6,33.1],[60.8,32.2],[60.8,31.5],[61.7,31.4],[61.8,31.3],[61.8,30.9],[60.8,29.9],[61.3,29.4],[61.6,28.8],[61.9,28.5],[62.4,28.4],[62.6,28.2],[62.8,28.2],[62.8,27.3],[63.2,27.3],[63.3,27.1],[63.2,26.6],[62.4,26.6],[62.2,26.4],[61.8,26.2],[61.7,25.8],[61.6,25.2],[61.4,25.1],[60.7,25.3],[60.5,25.4],[60.4,25.3],[59.5,25.5],[59,25.4],[58.8,25.6],[57.8,25.7],[57.3,25.8],[57,26.9],[56.8,27.1],[56.4,27.2],[55.7,27],[55.4,26.8],[55.3,26.8],[54.8,26.5],[54.2,26.7],[53.7,26.7],[53.5,26.9],[52.7,27.3],[52.5,27.6],[52,27.8],[51.6,27.9],[51.3,28.1],[51.1,28.7],[50.9,28.9],[50.9,29.1],[50.7,29.1],[50.6,29.4],[50.2,29.9],[50.1,30.2],[49.6,30],[49,30.4],[49.2,30.4],[49.2,30.5],[49,30.5],[48.9,30.1],[48.5,30],[48.4,30],[48.3,30.3],[48,30.5],[48,31],[47.7,31],[47.7,31.4],[47.8,31.8],[47.4,32.4],[47.1,32.5],[46.4,32.9],[46.1,33],[46.1,33.2],[46,33.4],[45.4,34],[45.5,34.2],[45.4,34.4],[45.5,34.6],[45.6,34.6],[45.7,34.8],[46.1,35.1],[46,35.6],[46.3,35.8],[45.8,35.8],[45.4,36],[45.2,36.4],[45.1,36.5],[44.8,37.1],[44.8,37.3],[44.6,37.4],[44.6,37.7],[44.2,37.9],[44.4,38.3],[44.3,38.4],[44.3,38.8],[44,39.4],[44.4,39.4],[44.5,39.7],[44.6,39.8],[45.5,39],[46.2,38.9],[46.6,38.9],[47.3,39.4],[48,39.7],[48.3,39.4],[48.1,39.2],[48.3,39],[48,38.9],[48.6,38.4],[48.9,38.4],[49.1,37.7],[49.4,37.5],[50.1,37.4],[50.3,37.1],[50.9,36.8],[51.8,36.6],[53.8,36.9],[53.9,36.9],[53.7,36.9],[54,36.8],[54,37.2],[53.9,37.3]]]]}},{"type":"Feature","properties":{"iso3":"IDN","iso2":"ID","name":"Indonesia","continent":"Asia","subregion":"South-Eastern Asia"},"geometry":{"type":"MultiPolygon","coordinates":[[[[97.5,1.5],[97.7,1.2],[97.8,1.1],[97.9,1],[97.9,0.9],[97.9,0.6],[97.8,0.6],[97.7,0.6],[97.6,0.8],[97.5,0.9],[97.4,0.9],[97.4,1.1],[97.3,1.2],[97.1,1.4],[97.2,1.4],[97.3,1.5],[97.4,1.5],[97.5,1.5]]],[[[99.2,-1.8],[99.1,-1.8],[98.9,-1.7],[98.8,-1.6],[98.8,-1.5],[98.6,-1.3],[98.6,-1.2],[98.7,-1],[98.9,-0.9],[98.9,-1],[99,-1.1],[99.1,-1.2],[99.1,-1.4],[99.3,-1.6],[99.3,-1.7],[99.2,-1.8]]],[[[116.6,-8.6],[116.5,-8.8],[116.6,-8.9],[116.4,-8.9],[116.3,-8.9],[116.2,-8.9],[116,-8.9],[115.9,-8.8],[115.9,-8.7],[116,-8.8],[116.1,-8.7],[116.1,-8.4],[116.3,-8.2],[116.4,-8.2],[116.6,-8.3],[116.7,-8.3],[116.7,-8.4],[116.6,-8.6]]],[[[115.4,-8.2],[115.5,-8.2],[115.7,-8.4],[115.3,-8.6],[115.2,-8.8],[115.1,-8.8],[115.1,-8.7],[115.1,-8.6],[114.8,-8.4],[114.6,-8.4],[114.5,-8.2],[114.5,-8.1],[114.9,-8.2],[115.2,-8.1],[115.3,-8.1],[115.4,-8.2]]],[[[106,-1.7],[106.2,-1.9],[106.2,-2.2],[106.4,-2.5],[106.8,-2.6],[106.7,-2.7],[106.6,-2.9],[106.7,-3.1],[106,-2.8],[105.9,-2.6],[105.9,-2.5],[105.8,-2.3],[105.8,-2.2],[105.6,-2.1],[105.3,-2.1],[105.1,-2],[105.2,-1.9],[105.4,-1.8],[105.4,-1.7],[105.5,-1.6],[105.6,-1.5],[105.7,-1.7],[105.8,-1.7],[105.7,-1.5],[105.9,-1.5],[106,-1.6],[106,-1.7]]],[[[123.2,-4.6],[123.2,-4.8],[123.1,-4.7],[123,-5.1],[123,-5.2],[123.1,-5.2],[123.2,-5.3],[123,-5.4],[122.8,-5.7],[122.7,-5.6],[122.6,-5.7],[122.6,-5.5],[122.8,-5.2],[122.9,-4.6],[122.9,-4.4],[123.1,-4.4],[123.2,-4.6]]],[[[122.6,-5.3],[122.6,-5.4],[122.5,-5.4],[122.4,-5.3],[122.4,-5.4],[122.3,-5.4],[122.3,-5.3],[122.3,-5.1],[122.4,-5.1],[122.4,-5],[122.3,-4.8],[122.4,-4.8],[122.7,-4.6],[122.7,-4.7],[122.8,-4.9],[122.6,-5.1],[122.6,-5.3]]],[[[108.3,3.7],[108.2,3.7],[108.1,3.7],[108.2,3.8],[108.1,3.9],[108,3.9],[108,4],[108.2,4.2],[108.3,4.2],[108.4,4],[108.4,3.8],[108.3,3.7]]],[[[108.2,-3],[108.2,-3.1],[108.1,-3.2],[108,-3.2],[107.9,-3.1],[107.8,-3.1],[107.8,-3.2],[107.6,-3.2],[107.6,-3.1],[107.6,-2.9],[107.6,-2.8],[107.6,-2.7],[107.7,-2.6],[107.8,-2.5],[107.9,-2.6],[108.1,-2.6],[108.2,-2.7],[108.3,-2.8],[108.2,-3]]],[[[135.4,-0.7],[135.6,-0.7],[135.7,-0.7],[135.8,-0.7],[135.9,-0.7],[136.1,-0.9],[136.2,-1],[136.3,-1.1],[136.4,-1.1],[136.3,-1.2],[136.2,-1.2],[136.1,-1.2],[136,-1.2],[135.9,-1.2],[135.8,-1.1],[135.8,-1],[135.7,-0.8],[135.6,-0.9],[135.5,-0.8],[135.4,-0.8],[135.4,-0.7]]],[[[135.5,-1.6],[136.2,-1.7],[136.9,-1.8],[136.6,-1.9],[136.2,-1.9],[135.5,-1.7],[135.5,-1.6]]],[[[130.8,0],[131.3,-0.1],[131.3,-0.3],[131.2,-0.4],[131.1,-0.3],[131,-0.4],[130.7,-0.1],[130.6,-0.1],[130.8,-0.3],[130.9,-0.3],[130.9,-0.4],[130.8,-0.4],[130.7,-0.3],[130.6,-0.4],[130.5,-0.3],[130.2,-0.2],[130.3,-0.1],[130.4,-0.1],[130.7,0],[130.8,0]]],[[[128.5,2.1],[128.3,2],[128.3,2.1],[128.2,2.3],[128.3,2.5],[128.5,2.6],[128.6,2.6],[128.7,2.5],[128.6,2.2],[128.5,2.1]]],[[[128.2,-1.7],[128.1,-1.7],[127.9,-1.7],[127.7,-1.7],[127.6,-1.7],[127.5,-1.7],[127.4,-1.6],[127.5,-1.5],[127.6,-1.4],[127.6,-1.3],[127.7,-1.4],[127.9,-1.4],[128.1,-1.6],[128.2,-1.7]]],[[[126.1,-2.5],[126,-2.5],[126,-2.4],[125.9,-2.3],[125.9,-2.2],[125.9,-2.1],[125.9,-2],[126,-2],[126,-2.2],[126.1,-2.4],[126.1,-2.5]]],[[[126,-1.8],[126.3,-1.8],[126.3,-1.9],[126,-1.9],[125.8,-1.9],[125.5,-1.9],[125.4,-1.9],[125.4,-1.8],[125.5,-1.8],[125.7,-1.8],[126,-1.8]]],[[[125,-1.7],[125.1,-1.7],[125.2,-1.7],[125.2,-1.8],[125.3,-1.8],[125.3,-1.9],[125.1,-1.9],[125,-1.9],[124.8,-1.9],[124.6,-2],[124.5,-2],[124.4,-2],[124.3,-1.9],[124.4,-1.7],[124.5,-1.6],[124.7,-1.6],[125,-1.7]]],[[[131.3,-8],[131.1,-8],[131.1,-7.9],[131.1,-7.8],[131.1,-7.7],[131.2,-7.7],[131.2,-7.6],[131.3,-7.5],[131.3,-7.4],[131.4,-7.3],[131.5,-7.3],[131.5,-7.2],[131.6,-7.1],[131.7,-7.1],[131.7,-7.2],[131.6,-7.3],[131.7,-7.4],[131.6,-7.6],[131.6,-7.7],[131.5,-7.7],[131.5,-7.8],[131.4,-7.9],[131.3,-8]]],[[[126.8,-7.7],[126.6,-7.8],[126.5,-8],[126,-7.9],[125.8,-8],[125.8,-7.8],[126,-7.7],[126.2,-7.7],[126.6,-7.6],[126.7,-7.7],[126.8,-7.7]]],[[[124.6,-8.1],[124.6,-8.2],[124.7,-8.2],[124.8,-8.2],[125.1,-8.2],[125.1,-8.3],[125.1,-8.4],[124.4,-8.4],[124.4,-8.3],[124.4,-8.2],[124.5,-8.1],[124.6,-8.1]]],[[[131,-1.3],[130.8,-1.3],[130.7,-1.1],[130.7,-1],[130.9,-0.9],[131,-0.9],[131.1,-1],[131,-1.2],[131,-1.3]]],[[[96.5,5.2],[97.5,5.2],[98.2,4.4],[98.3,4.1],[99.7,3.2],[100.5,2.2],[100.9,1.9],[100.8,2.2],[101,2.3],[101.5,1.7],[101.8,1.6],[102,1.4],[102.4,0.8],[103,0.6],[103,0.4],[102.6,0.2],[102.9,0.3],[103.3,0.5],[103.7,0.3],[103.8,0],[103.4,-0.2],[103.4,-0.4],[103.5,-0.5],[103.4,-0.6],[103.7,-0.9],[104.4,-1],[104.5,-1.8],[104.8,-2.1],[104.6,-2.4],[104.7,-2.6],[105,-2.4],[105.4,-2.4],[105.6,-2.5],[106,-3.1],[105.8,-3.6],[105.9,-3.8],[105.8,-4.2],[105.9,-5],[105.7,-5.8],[105.3,-5.5],[105.1,-5.7],[104.6,-5.5],[104.7,-5.9],[104.6,-5.9],[103.8,-5.1],[102.5,-4.2],[102.1,-3.6],[101.6,-3.2],[100.9,-2.2],[100.9,-1.9],[100.3,-0.8],[99.7,0],[99.2,0.4],[98.6,1.9],[97.7,2.4],[97.6,2.8],[97.4,3],[97,3.6],[96.4,3.8],[95.6,4.7],[95.2,5.3],[95.2,5.6],[95.7,5.6],[96.3,5.3],[96.5,5.2]]],[[[122.8,-8.6],[122.5,-8.7],[122.1,-8.7],[121.7,-8.9],[121.6,-8.8],[121.4,-8.8],[121.3,-8.9],[121.2,-8.9],[121,-8.9],[120.6,-8.8],[120.3,-8.8],[120.1,-8.8],[119.9,-8.9],[119.8,-8.7],[119.9,-8.4],[120,-8.4],[120.4,-8.3],[120.6,-8.2],[120.8,-8.3],[121,-8.4],[121.4,-8.6],[122,-8.5],[122.3,-8.6],[122.4,-8.6],[122.6,-8.4],[122.9,-8.3],[122.9,-8.2],[122.8,-8.2],[122.8,-8.1],[123,-8.2],[123,-8.3],[122.8,-8.5],[122.8,-8.6]]],[[[120,-9.4],[120.2,-9.5],[120.3,-9.6],[120.4,-9.6],[120.6,-9.7],[120.8,-10],[120.8,-10.1],[120.7,-10.2],[120.4,-10.3],[120.3,-10.2],[120.1,-10.1],[119.9,-10],[119.6,-9.8],[119.1,-9.7],[119,-9.5],[119,-9.4],[119.2,-9.4],[119.8,-9.4],[120,-9.3],[120,-9.4]]],[[[118.2,-8.3],[118.3,-8.4],[118.5,-8.3],[118.6,-8.3],[118.7,-8.4],[118.7,-8.3],[118.9,-8.3],[119,-8.3],[119,-8.6],[119.1,-8.7],[119,-8.7],[118.9,-8.7],[118.7,-8.7],[118.8,-8.8],[118.7,-8.8],[118.5,-8.9],[118.4,-8.8],[118.4,-8.7],[118.2,-8.8],[117.4,-9],[117.2,-9],[117.1,-9.1],[116.8,-9],[116.8,-8.7],[116.8,-8.5],[117.2,-8.4],[117.4,-8.4],[117.6,-8.4],[117.8,-8.7],[118,-8.7],[118.1,-8.7],[118.2,-8.7],[118.2,-8.6],[118.1,-8.5],[118,-8.5],[117.8,-8.3],[117.7,-8.2],[117.8,-8.1],[117.9,-8.1],[118.1,-8.1],[118.2,-8.3]]],[[[124.9,1],[124.4,0.5],[123.8,0.3],[123.3,0.3],[123,0.5],[121,0.4],[120.6,0.5],[120.3,0.4],[120.2,0.3],[120,-0.2],[120.1,-0.6],[120.2,-0.9],[120.5,-1],[120.7,-1.4],[121.1,-1.3],[121.6,-0.8],[122,-0.9],[122.3,-0.8],[122.9,-0.8],[122.8,-0.7],[123.2,-0.6],[123.4,-0.6],[123.4,-0.8],[123.4,-1],[122.9,-0.9],[122.3,-1.6],[121.9,-1.7],[121.7,-1.9],[121.4,-1.9],[121.6,-2.2],[121.8,-2.2],[122.1,-2.7],[122.3,-2.9],[122.4,-3.2],[122.3,-3.6],[122.7,-4.1],[122.8,-4.1],[122.9,-4.4],[122.7,-4.3],[122.7,-4.4],[122.1,-4.5],[122,-4.8],[121.6,-4.8],[121.5,-4.6],[121.6,-4.1],[120.9,-3.5],[121.1,-3.2],[121.1,-2.8],[120.9,-2.6],[120.7,-2.7],[120.3,-2.9],[120.4,-3.7],[120.4,-4.1],[120.4,-4.6],[120.3,-5.1],[120.4,-5.6],[120,-5.6],[119.7,-5.7],[119.6,-5.6],[119.4,-5.3],[119.6,-4.5],[119.6,-4],[119.5,-3.5],[119,-3.5],[118.9,-3.4],[118.8,-2.7],[119.1,-2.5],[119.3,-1.9],[119.3,-1.4],[119.5,-0.9],[119.7,-0.7],[119.8,-0.9],[119.7,-0.1],[119.9,0],[119.8,0.2],[119.9,0.4],[120.3,1],[120.4,0.8],[120.6,0.9],[120.9,1.3],[121.1,1.3],[121.4,1.2],[121.6,1.1],[122.4,1],[122.8,0.8],[123.1,0.9],[123.9,0.9],[124.5,1.2],[124.6,1.4],[124.9,1.7],[125.1,1.7],[125.2,1.5],[125,1.1],[124.9,1]]],[[[107.4,-6],[107.7,-6.2],[108.3,-6.3],[108.7,-6.8],[110.4,-6.9],[110.8,-6.4],[111,-6.4],[111.2,-6.7],[111.5,-6.6],[112.1,-6.9],[112.5,-6.9],[112.6,-7.2],[112.8,-7.3],[112.8,-7.6],[113,-7.7],[113.5,-7.7],[114.1,-7.6],[114.4,-7.8],[114.4,-8.4],[114.6,-8.8],[113.3,-8.3],[112.7,-8.4],[111.5,-8.3],[110.6,-8.1],[110,-7.9],[109.3,-7.7],[108.7,-7.7],[108.5,-7.8],[107.9,-7.7],[107.3,-7.5],[106.5,-7.4],[106.4,-7.2],[106.5,-7.1],[106.2,-6.9],[105.3,-6.8],[105.4,-6.7],[105.5,-6.8],[105.7,-6.5],[105.8,-6.5],[105.9,-6.1],[106.1,-5.9],[106.8,-6.1],[107,-5.9],[107.3,-6],[107.4,-6]]],[[[109.6,2],[109.5,1.9],[109.7,1.6],[110.5,0.9],[111.1,1.1],[111.8,1],[112.1,1.1],[112.2,1.4],[112.5,1.6],[112.9,1.6],[113,1.4],[113.6,1.2],[113.9,1.4],[114.5,1.5],[114.8,2],[114.8,2.3],[115.2,2.5],[115.1,2.6],[115.1,2.9],[115.2,3],[115.5,3],[115.7,4.2],[115.9,4.3],[117.1,4.3],[117.6,4.2],[117.5,4.1],[117.8,3.7],[117.6,3.6],[117.5,3.7],[117.5,3.6],[117.1,3.6],[117.3,3.4],[117.4,3.2],[117.6,3.1],[117.6,2.9],[117.7,2.9],[117.6,2.8],[117.8,2.7],[118.1,2.3],[117.8,2],[119,1],[118.5,0.8],[118.2,0.9],[117.9,1.1],[118,0.9],[117.7,0.7],[117.5,0.2],[117.5,-0.3],[117.6,-0.8],[116.9,-1.2],[116.7,-1],[116.8,-1.3],[116.3,-1.8],[116.4,-1.8],[116.5,-1.9],[116.3,-2.1],[116.6,-2.3],[116.5,-2.5],[116.3,-2.6],[116.3,-2.9],[116.2,-2.9],[116.3,-3.1],[116,-3.6],[114.7,-4.2],[114.5,-3.4],[114.4,-3.5],[114.3,-3.4],[114.3,-3.2],[114.2,-3.4],[114.1,-3.3],[113.7,-3.5],[113.6,-3.2],[113.3,-3.2],[113,-2.9],[113,-3.2],[112.8,-3.3],[112.6,-3.4],[112.3,-3.3],[111.9,-3.6],[111.8,-3.1],[111.7,-2.9],[111.6,-3],[111.4,-2.9],[110.9,-3.1],[110.8,-3],[110.9,-2.9],[110.7,-3],[110.6,-2.9],[110.3,-3],[110.1,-2],[110,-1.9],[110,-1.5],[110,-1.3],[109.8,-1],[109.3,-0.8],[109.4,-0.6],[109.1,-0.4],[109.3,0],[108.9,0.4],[109,1.1],[109.1,1.3],[109,1.2],[109.1,1.5],[109.4,1.9],[109.6,2]]],[[[127.7,0.8],[127.9,0.8],[128,1],[128.2,1.2],[128.2,1.3],[128.2,1.4],[128.4,1.5],[128.7,1.6],[128.7,1.1],[128.3,0.9],[128.3,0.7],[128.6,0.5],[128.7,0.4],[128.9,0.2],[128.4,0.4],[128,0.5],[127.9,0.4],[127.9,0.3],[127.9,0],[128,-0.2],[128.3,-0.7],[128.4,-0.9],[128.3,-0.9],[128.2,-0.8],[128,-0.7],[127.9,-0.4],[127.7,-0.2],[127.7,0.3],[127.6,0.5],[127.5,0.6],[127.6,0.8],[127.5,0.9],[127.4,1.1],[127.4,1.3],[127.5,1.5],[127.6,1.8],[127.9,2.1],[128,2.2],[127.9,1.8],[128,1.7],[128,1.3],[127.9,1.2],[127.7,1],[127.6,0.9],[127.7,0.9],[127.7,0.8]]],[[[129.8,-2.9],[130,-3],[130.4,-3],[130.6,-3.1],[130.7,-3.4],[130.8,-3.4],[130.9,-3.6],[130.8,-3.9],[130,-3.5],[129.8,-3.3],[129.5,-3.3],[129.5,-3.4],[129.5,-3.5],[129,-3.3],[129,-3.2],[128.9,-3.2],[128.6,-3.4],[128.5,-3.4],[128.4,-3.4],[128.3,-3.2],[128.1,-3.2],[127.9,-3.5],[127.9,-3.3],[127.9,-3.2],[128.2,-2.9],[129,-2.8],[129.1,-2.8],[129.1,-2.9],[129.4,-2.8],[129.6,-2.8],[129.8,-2.9]]],[[[126.9,-3.1],[127,-3.2],[127.2,-3.4],[127.2,-3.6],[126.7,-3.8],[126.2,-3.6],[126.1,-3.4],[126,-3.2],[126.1,-3.1],[126.2,-3.1],[126.6,-3.1],[126.8,-3.1],[126.9,-3.1]]],[[[124.9,-8.9],[124.9,-9.1],[125.1,-9],[125.1,-9.2],[125,-9.2],[125.1,-9.5],[125,-9.7],[124.4,-10.1],[124.2,-10.2],[123.9,-10.3],[123.6,-10.3],[123.6,-10.2],[123.7,-10.1],[123.6,-10],[123.7,-9.6],[124,-9.3],[124.1,-9.4],[124.3,-9.4],[124.4,-9.3],[124.4,-9.2],[124.9,-9],[124.9,-8.9]]],[[[134.7,-5.7],[134.7,-5.8],[134.8,-5.9],[134.7,-5.9],[134.8,-6.1],[134.8,-6.2],[134.7,-6.3],[134.6,-6.4],[134.4,-6.3],[134.3,-6.2],[134.2,-6.1],[134.2,-6],[134.3,-6],[134.3,-5.8],[134.2,-5.7],[134.3,-5.7],[134.5,-5.5],[134.5,-5.4],[134.6,-5.4],[134.7,-5.5],[134.6,-5.6],[134.7,-5.6],[134.7,-5.7]]],[[[134.5,-6.4],[134.5,-6.6],[134.4,-6.7],[134.4,-6.8],[134.3,-6.8],[134.2,-6.9],[134.1,-6.8],[134.1,-6.5],[134.2,-6.5],[134.1,-6.4],[134.1,-6.2],[134.2,-6.2],[134.4,-6.4],[134.5,-6.4]]],[[[138.5,-8.3],[138.3,-8.4],[137.7,-8.4],[137.8,-7.9],[138.1,-7.6],[138.3,-7.4],[138.5,-7.4],[138.8,-7.4],[139,-7.6],[139,-7.7],[138.8,-8.1],[138.6,-8.2],[138.5,-8.3]]],[[[141,-2.6],[141,-6.3],[140.9,-6.7],[141,-6.9],[141,-9.1],[140,-8.2],[140.1,-7.9],[139.9,-8.1],[139.4,-8.2],[139.2,-8],[138.9,-8.2],[139.1,-7.6],[138.7,-7.3],[139.2,-7.2],[138.8,-7.1],[138.6,-6.9],[138.9,-6.9],[138.4,-6.3],[138.3,-5.9],[138.4,-5.8],[138.2,-5.8],[138.3,-5.7],[138.1,-5.7],[138.1,-5.5],[137.3,-4.9],[137.2,-5],[136.6,-4.8],[136,-4.5],[135.2,-4.5],[134.7,-4.1],[134.7,-4],[134.9,-3.9],[134.3,-3.9],[134.1,-3.8],[134,-3.8],[133.7,-3.5],[133.7,-3.2],[133.8,-3.1],[133.7,-3.1],[133.7,-3.4],[133.5,-3.4],[133.4,-3.9],[133.2,-4.1],[132.9,-4.1],[132.8,-3.7],[132.9,-3.6],[132.8,-3.3],[132.3,-3],[132.1,-2.9],[132,-2.8],[132.2,-2.7],[132.7,-2.8],[133.2,-2.4],[133.7,-2.6],[133.8,-2.5],[133.9,-2.4],[133.9,-2.3],[133.8,-2.3],[133.9,-2.1],[133,-2.3],[132.3,-2.2],[132,-2],[131.9,-1.6],[131.3,-1.4],[131,-1.4],[131.2,-1.2],[131.3,-0.9],[131.8,-0.7],[132.4,-0.4],[132.9,-0.4],[133.5,-0.7],[134,-0.7],[134.1,-0.8],[134.1,-1],[134.3,-1.4],[134.1,-1.7],[134.2,-2.3],[134.5,-2.8],[134.5,-2.6],[134.6,-2.5],[134.7,-2.9],[134.8,-2.9],[134.9,-3.2],[135.3,-3.4],[135.5,-3.3],[135.9,-3],[136,-2.7],[136.2,-2.6],[136.4,-2.3],[137.1,-2.1],[137.2,-2],[137.1,-1.8],[137.8,-1.5],[139.8,-2.3],[140.6,-2.4],[140.7,-2.6],[141,-2.6]]],[[[138.9,-8.4],[138.8,-8.4],[138.6,-8.4],[138.6,-8.3],[138.7,-8.2],[138.8,-8.2],[138.9,-8.3],[138.9,-8.4]]],[[[101.7,2.1],[101.8,2],[101.8,1.9],[101.7,1.9],[101.7,1.8],[101.6,1.7],[101.5,1.7],[101.5,1.8],[101.4,1.9],[101.4,2],[101.5,2.1],[101.6,2.1],[101.7,2.1]]],[[[102.4,1],[102.3,1],[102.3,1.1],[102.2,1.3],[102.3,1.4],[102.4,1.3],[102.4,1.2],[102.4,1.1],[102.4,1]]],[[[102.5,1.5],[102.5,1.3],[102.4,1.4],[102.3,1.5],[102.2,1.5],[102.1,1.5],[102,1.6],[102.5,1.5]]],[[[103,0.7],[102.5,0.8],[102.5,0.9],[102.5,1],[102.5,1.1],[102.7,1],[103,0.9],[103,0.7]]],[[[103.2,0.9],[103.1,0.8],[102.9,1],[102.7,1.1],[102.7,1.2],[102.8,1.2],[103,1.1],[103.1,1],[103.2,0.9]]],[[[103.3,0.5],[103.2,0.5],[103.1,0.5],[103.2,0.6],[103.2,0.7],[103.3,0.6],[103.3,0.5]]],[[[103.5,0.7],[103.4,0.7],[103.3,0.8],[103.4,0.9],[103.5,0.8],[103.5,0.7]]],[[[104,1.2],[104.1,1.1],[104.1,1.2],[104.1,1.1],[104.1,1],[104,1],[103.9,1],[103.9,1.1],[104,1.1],[104,1.2]]],[[[104.6,1.2],[104.6,1.1],[104.7,1],[104.6,0.8],[104.5,0.9],[104.4,1],[104.5,1],[104.4,1.1],[104.3,1],[104.3,1.1],[104.4,1.2],[104.5,1.2],[104.6,1.2]]],[[[104.8,-0.2],[104.8,-0.1],[104.9,-0.2],[105,-0.3],[104.9,-0.3],[104.7,-0.2],[104.6,-0.2],[104.4,-0.2],[104.5,-0.1],[104.5,0],[104.6,0],[104.7,-0.1],[104.8,-0.2]]],[[[104.5,-0.3],[104.6,-0.5],[104.5,-0.6],[104.4,-0.6],[104.4,-0.7],[104.3,-0.5],[104.3,-0.4],[104.4,-0.4],[104.5,-0.3]]],[[[103.7,-0.3],[103.6,-0.4],[103.5,-0.4],[103.5,-0.3],[103.5,-0.2],[103.6,-0.2],[103.7,-0.3],[103.8,-0.3],[103.7,-0.3]]],[[[109.7,-1.2],[109.5,-1.3],[109.4,-1.2],[109.5,-1],[109.6,-1],[109.7,-1],[109.8,-1.1],[109.7,-1.2]]],[[[113.8,-7.1],[113.7,-7.1],[113.5,-7.2],[113.1,-7.2],[112.8,-7.1],[112.7,-7.1],[112.9,-6.9],[113.1,-6.9],[114,-6.9],[114.1,-7],[113.9,-7],[113.8,-7.1]]],[[[135,-1.1],[134.9,-1.1],[134.8,-1],[134.9,-0.9],[134.9,-1],[135,-1],[135,-1.1]]],[[[127.2,-0.5],[127.1,-0.5],[127.1,-0.4],[127.1,-0.3],[127.2,-0.3],[127.3,-0.3],[127.3,-0.4],[127.2,-0.5]]],[[[127.6,-0.3],[127.7,-0.5],[127.6,-0.6],[127.7,-0.7],[127.8,-0.7],[127.9,-0.8],[127.8,-0.8],[127.8,-0.9],[127.7,-0.8],[127.6,-0.8],[127.5,-0.8],[127.4,-0.7],[127.5,-0.6],[127.4,-0.6],[127.3,-0.5],[127.3,-0.4],[127.3,-0.3],[127.4,-0.3],[127.5,-0.4],[127.5,-0.3],[127.6,-0.3]]],[[[132.9,-5.9],[132.8,-6],[132.9,-5.8],[132.9,-5.7],[133,-5.6],[133.1,-5.3],[133.2,-5.3],[133.1,-5.6],[133,-5.7],[132.9,-5.9]]],[[[132.8,-5.9],[132.7,-5.9],[132.7,-5.7],[132.6,-5.6],[132.7,-5.6],[132.8,-5.8],[132.8,-5.9]]],[[[128.3,-3.7],[128.2,-3.7],[128.1,-3.7],[128.2,-3.7],[128.1,-3.7],[128,-3.8],[127.9,-3.7],[128,-3.6],[128.1,-3.6],[128.3,-3.5],[128.3,-3.6],[128.3,-3.7]]],[[[126.8,4],[126.7,4],[126.7,4.1],[126.8,4.2],[126.8,4.3],[126.7,4.3],[126.7,4.4],[126.8,4.5],[126.9,4.5],[126.9,4.3],[126.8,4.2],[126.8,4]]],[[[125.7,3.4],[125.6,3.4],[125.5,3.5],[125.5,3.7],[125.6,3.5],[125.7,3.4]]],[[[130.9,-8.3],[130.8,-8.3],[131,-8.1],[131.1,-8.1],[131.2,-8.1],[131,-8.2],[130.9,-8.2],[130.9,-8.3]]],[[[129.8,-8],[129.7,-8],[129.6,-7.9],[129.6,-7.8],[129.7,-7.8],[129.8,-7.8],[129.8,-7.9],[129.8,-8]]],[[[127.8,-8.1],[128,-8.1],[128.1,-8.1],[128.1,-8.2],[128,-8.3],[127.8,-8.2],[127.8,-8.1]]],[[[130.4,-1.7],[130.4,-1.8],[130.4,-1.9],[130.4,-2],[130.3,-2],[130.2,-2],[130.1,-2.1],[130.1,-2],[129.9,-2],[129.8,-1.9],[129.7,-1.9],[130,-1.8],[130.1,-1.7],[130.2,-1.7],[130.3,-1.7],[130.4,-1.7]]],[[[102.4,-5.5],[102.3,-5.5],[102.1,-5.4],[102.1,-5.3],[102.2,-5.3],[102.4,-5.4],[102.4,-5.5]]],[[[100.4,-3.2],[100.5,-3.3],[100.3,-3.2],[100.3,-3.1],[100.2,-3],[100.2,-2.8],[100.5,-3],[100.5,-3.1],[100.4,-3.1],[100.4,-3.2]]],[[[100.2,-2.7],[100.1,-2.8],[100,-2.8],[100,-2.6],[100,-2.5],[100.2,-2.7]]],[[[99.8,-2.3],[99.8,-2.4],[99.7,-2.3],[99.6,-2.3],[99.5,-2.2],[99.6,-2],[99.7,-2.1],[99.7,-2.2],[99.8,-2.3]]],[[[98.5,-0.5],[98.4,-0.6],[98.3,-0.5],[98.4,-0.4],[98.4,-0.3],[98.4,-0.2],[98.3,0],[98.4,0],[98.5,-0.2],[98.5,-0.3],[98.5,-0.4],[98.5,-0.5]]],[[[96.5,2.4],[96.4,2.4],[96.3,2.4],[96,2.6],[95.9,2.6],[95.8,2.7],[95.7,2.8],[95.8,2.9],[95.9,2.9],[96,2.8],[96.1,2.7],[96.2,2.7],[96.4,2.5],[96.5,2.4]]],[[[122,-5.4],[122,-5.5],[121.9,-5.4],[121.8,-5.3],[121.8,-5.2],[121.9,-5.1],[122,-5.1],[122,-5.2],[122.1,-5.2],[122,-5.4]]],[[[123.2,-1.2],[123.2,-1.3],[123.2,-1.4],[123.3,-1.3],[123.4,-1.2],[123.5,-1.3],[123.5,-1.4],[123.4,-1.5],[123.3,-1.4],[123.2,-1.6],[123.1,-1.6],[123.2,-1.5],[123.2,-1.3],[123.1,-1.3],[123,-1.5],[122.9,-1.6],[122.9,-1.5],[122.8,-1.4],[122.8,-1.3],[122.9,-1.2],[123,-1.2],[123.2,-1.2]]],[[[121.9,-0.4],[121.9,-0.5],[121.8,-0.5],[121.7,-0.5],[121.7,-0.4],[121.8,-0.4],[121.9,-0.4]]],[[[120.5,-6.3],[120.5,-6.5],[120.5,-6.4],[120.5,-6.3],[120.4,-6.2],[120.5,-6.1],[120.4,-5.9],[120.5,-5.8],[120.5,-6],[120.5,-6.3]]],[[[115.4,-7],[115.3,-7],[115.2,-7],[115.2,-6.9],[115.4,-6.8],[115.5,-6.9],[115.4,-6.9],[115.4,-7]]],[[[116.3,-3.9],[116.1,-4.1],[116.1,-4],[116.1,-3.8],[116,-3.7],[116,-3.6],[116.1,-3.5],[116.1,-3.3],[116.3,-3.3],[116.3,-3.4],[116.3,-3.5],[116.3,-3.8],[116.3,-3.9]]],[[[122.9,-10.9],[122.8,-10.9],[122.8,-10.8],[123.1,-10.7],[123.1,-10.6],[123.3,-10.5],[123.4,-10.5],[123.4,-10.6],[123.4,-10.7],[123.3,-10.7],[123.2,-10.8],[123,-10.9],[122.9,-10.9]]],[[[124.3,-8.3],[124.2,-8.4],[124.2,-8.5],[124.1,-8.5],[124.1,-8.6],[124,-8.4],[123.9,-8.4],[124,-8.4],[124,-8.3],[124.1,-8.3],[124.1,-8.4],[124.2,-8.2],[124.3,-8.2],[124.3,-8.3]]],[[[123.9,-8.3],[123.8,-8.3],[123.7,-8.4],[123.6,-8.4],[123.6,-8.5],[123.6,-8.6],[123.5,-8.5],[123.4,-8.6],[123.3,-8.5],[123.2,-8.5],[123.3,-8.4],[123.5,-8.4],[123.5,-8.3],[123.4,-8.3],[123.5,-8.3],[123.6,-8.3],[123.8,-8.2],[123.9,-8.2],[123.9,-8.3]]],[[[123.3,-8.4],[123,-8.4],[123,-8.3],[123.1,-8.3],[123.2,-8.2],[123.3,-8.3],[123.3,-8.4]]],[[[134.7,-6.5],[134.7,-6.6],[134.6,-6.5],[134.7,-6.5]]],[[[103.4,1],[103.3,1.1],[103.4,1.1],[103.4,1]]],[[[103.8,0.8],[103.7,0.8],[103.7,0.9],[103.8,0.9],[103.8,0.8]]],[[[104.2,0.8],[104.1,0.9],[104.2,0.9],[104.2,0.8]]],[[[104.7,0.1],[104.7,0],[104.6,0.1],[104.5,0.2],[104.7,0.1]]],[[[106.3,3.2],[106.3,3.1],[106.2,3.1],[106.2,3.2],[106.3,3.2]]],[[[105.8,2.9],[105.7,2.9],[105.7,3.1],[105.8,3],[105.8,2.9]]],[[[108.9,2.9],[108.8,2.9],[108.9,3],[108.9,2.9]]],[[[109,-1.6],[108.8,-1.7],[108.8,-1.6],[108.9,-1.5],[109,-1.6]]],[[[107.5,-2.9],[107.4,-2.9],[107.4,-2.8],[107.5,-2.8],[107.5,-2.9]]],[[[106.9,-3],[106.8,-3],[106.7,-3],[106.7,-2.9],[106.8,-2.9],[106.9,-2.9],[106.9,-3]]],[[[114.4,-7.1],[114.4,-7.2],[114.3,-7.2],[114.3,-7.1],[114.4,-7.1]]],[[[112.7,-5.8],[112.6,-5.8],[112.6,-5.7],[112.7,-5.7],[112.7,-5.8]]],[[[105.3,-6.6],[105.2,-6.7],[105.1,-6.6],[105.2,-6.5],[105.3,-6.5],[105.3,-6.6]]],[[[97.3,2.1],[97.2,2.2],[97.1,2.2],[97.2,2.2],[97.3,2.2],[97.3,2.1]]],[[[95.4,5.8],[95.3,5.8],[95.2,5.9],[95.4,5.9],[95.4,5.8]]],[[[123.6,-1.7],[123.5,-1.7],[123.5,-1.5],[123.6,-1.6],[123.6,-1.7]]],[[[123.2,-4.1],[123.1,-4.2],[123,-4.1],[123,-4],[123.2,-4],[123.2,-4.1]]],[[[123.8,-2],[123.9,-2],[123.8,-2],[123.8,-1.9],[123.8,-2]]],[[[123.2,-1.8],[123.1,-1.9],[123.1,-1.8],[123.2,-1.8]]],[[[119.5,-8.7],[119.4,-8.8],[119.4,-8.7],[119.4,-8.6],[119.4,-8.5],[119.4,-8.4],[119.5,-8.5],[119.6,-8.5],[119.5,-8.6],[119.4,-8.7],[119.5,-8.7]]],[[[119.1,-8.2],[119,-8.2],[119.1,-8.1],[119.1,-8.2]]],[[[115.6,-8.8],[115.5,-8.7],[115.6,-8.7],[115.6,-8.8]]],[[[117.6,4.2],[117.9,4.2],[117.9,4.1],[117.7,4],[117.6,4.1],[117.6,4.2]]],[[[117.7,3.3],[117.6,3.2],[117.6,3.3],[117.5,3.4],[117.6,3.4],[117.7,3.4],[117.7,3.3]]],[[[124.1,-6],[124,-6],[124,-5.9],[124.1,-6]]],[[[123.6,-5.3],[123.6,-5.4],[123.5,-5.3],[123.6,-5.2],[123.6,-5.3]]],[[[120.8,-7.1],[120.6,-7.1],[120.6,-7],[120.8,-7.1]]],[[[117.6,-8.4],[117.5,-8.3],[117.5,-8.2],[117.7,-8.1],[117.7,-8.2],[117.6,-8.4]]],[[[116.4,-3.5],[116.4,-3.6],[116.3,-3.5],[116.4,-3.4],[116.4,-3.5]]],[[[127.4,0.8],[127.3,0.8],[127.3,0.9],[127.4,0.8]]],[[[134.4,-2.1],[134.3,-2.1],[134.4,-2],[134.4,-2.1]]],[[[133.6,-4.2],[133.6,-4.3],[133.5,-4.3],[133.3,-4.2],[133.3,-4.1],[133.5,-4.2],[133.6,-4.2]]],[[[130.9,-0.8],[130.8,-0.9],[130.4,-0.9],[130.5,-0.8],[130.6,-0.8],[130.8,-0.8],[130.9,-0.8]]],[[[130.6,-0.5],[130.5,-0.5],[130.6,-0.4],[130.7,-0.4],[130.7,-0.5],[130.6,-0.5]]],[[[129.5,-0.2],[129.5,-0.1],[129.4,-0.1],[129.3,0],[129.5,-0.1],[129.5,-0.2]]],[[[127.5,0],[127.4,0],[127.4,0.1],[127.5,0]]],[[[127.4,0.6],[127.4,0.6],[127.4,0.6],[127.4,0.7],[127.4,0.7],[127.4,0.7],[127.4,0.7],[127.4,0.7],[127.4,0.6]]],[[[127.3,-0.8],[127.2,-0.8],[127.2,-0.6],[127.3,-0.6],[127.3,-0.8]]],[[[128.7,-3.5],[128.7,-3.6],[128.6,-3.6],[128.6,-3.5],[128.7,-3.5]]],[[[128.6,-3.6],[128.4,-3.6],[128.5,-3.5],[128.6,-3.6]]],[[[126.7,3.9],[126.7,3.8],[126.7,3.9],[126.6,4],[126.7,4],[126.7,3.9]]],[[[126.9,3.8],[126.8,3.8],[126.8,3.9],[126.9,3.8]]],[[[125.4,2.7],[125.4,2.6],[125.4,2.7],[125.4,2.8],[125.4,2.7]]],[[[132,-7.2],[132,-7.3],[131.9,-7.2],[131.8,-7.1],[131.9,-7.1],[132,-7.2]]],[[[128.7,-7.2],[128.6,-7.2],[128.5,-7.1],[128.6,-7.1],[128.7,-7.1],[128.7,-7.2]]],[[[127.4,-7.6],[127.4,-7.5],[127.5,-7.5],[127.5,-7.6],[127.4,-7.6]]],[[[123.4,-10.3],[123.3,-10.3],[123.4,-10.2],[123.5,-10.1],[123.5,-10.2],[123.4,-10.2],[123.4,-10.3]]],[[[121.9,-10.6],[121.8,-10.6],[121.7,-10.6],[121.8,-10.5],[121.9,-10.4],[122,-10.4],[122,-10.5],[121.9,-10.6]]],[[[134.8,-6.4],[134.8,-6.4],[134.8,-6.4],[134.8,-6.3],[134.9,-6.3],[134.9,-6.3],[134.8,-6.4]]],[[[134.7,-6.7],[134.7,-6.8],[134.6,-6.7],[134.7,-6.7],[134.7,-6.6],[134.7,-6.7]]],[[[128,-2.9],[127.9,-3],[127.8,-3],[127.9,-3],[128,-2.9]]],[[[127.6,-3.3],[127.6,-3.4],[127.5,-3.3],[127.6,-3.3]]],[[[123,-8.5],[122.9,-8.6],[122.9,-8.5],[123,-8.4],[123.1,-8.4],[123.2,-8.5],[123,-8.5]]]]}},{"type":"Feature","properties":{"iso3":"IND","iso2":"IN","name":"India","continent":"Asia","subregion":"Southern Asia"},"geometry":{"type":"MultiPolygon","coordinates":[[[[68.2,23.9],[68.7,24],[68.8,24.3],[69.8,24.2],[71,24.4],[70.6,25.7],[70.1,25.9],[70.1,26.5],[69.5,26.7],[69.5,27.1],[70.4,28],[70.8,27.7],[71.9,28],[72.3,28.8],[72.9,29],[73.4,29.9],[73.8,30.1],[73.9,30.4],[74.6,31],[74.6,31.8],[75.3,32.2],[74.7,32.5],[74.7,32.8],[74.4,32.8],[74,33.2],[74.2,33.5],[74,33.7],[74.3,33.9],[73.9,34.1],[73.8,34.4],[74,34.7],[74.3,34.8],[75.7,34.5],[76.6,34.7],[77.8,35.5],[78,35.5],[78.3,34.6],[79,34.3],[78.7,34],[78.8,33.5],[79.1,33.2],[79.2,32.5],[78.9,32.4],[78.7,32.6],[78.4,32.5],[78.7,32],[78.7,31.3],[79.1,31.4],[79.5,31],[80.1,30.8],[80.2,30.6],[81,30.2],[80.4,29.7],[80.1,28.8],[82.7,27.5],[83.3,27.4],[84.1,27.5],[85.2,26.8],[85.6,26.8],[85.8,26.6],[88,26.4],[88.2,26.7],[88,27.1],[88.1,27.9],[88.8,28],[88.9,27.3],[88.7,27.2],[89.1,26.8],[89.8,26.7],[90.3,26.9],[92,26.9],[92.1,27.3],[91.6,27.6],[91.6,27.8],[92.5,27.9],[93.3,28.6],[93.8,28.7],[94.6,29.3],[95.4,29],[96,29.4],[96.4,29.2],[96.1,28.9],[96.4,29.1],[96.6,28.8],[96.3,28.4],[97.3,28.2],[97.3,27.9],[96.9,27.6],[97.1,27.1],[96.7,27.3],[96.2,27.3],[95.1,26.6],[95.1,26],[94.6,25.3],[94.7,25],[94.1,23.9],[93.3,24.1],[93.4,23.1],[93.2,23],[93.2,22.2],[92.9,22],[92.7,22.1],[92.6,22],[92.2,23.7],[91.9,23.7],[91.6,23],[91.4,23.2],[91.3,23.1],[91.2,23.6],[91.4,24.1],[91.9,24.2],[92.2,24.9],[92.5,24.9],[92,25.2],[89.8,25.3],[89.7,26.2],[89.4,26],[89,26.4],[88.8,26.3],[88.4,26.6],[88.4,26.4],[88.1,25.9],[89,25.3],[88.5,25.2],[88,24.6],[88.7,24.3],[88.6,23.7],[88.7,23.3],[88.9,23.2],[89.1,21.7],[88.9,21.7],[88.7,21.6],[88.6,22.1],[88.6,21.7],[88.1,21.6],[88.2,22.1],[87.9,22.4],[88.2,22.1],[87.9,21.8],[86.9,21.2],[87,20.7],[86.8,20.3],[86.2,19.9],[85.2,19.8],[85.2,19.6],[85.4,19.6],[84.1,18.3],[82.4,17.1],[82.3,16.6],[81.3,16.3],[81,15.8],[80.6,15.9],[80.3,15.7],[80.1,15.1],[80.3,13.5],[80.2,13.7],[80.1,13.6],[80.3,13.4],[79.7,11.3],[79.8,11.2],[79.8,10.3],[79.3,10.3],[78.9,9.6],[79,9.3],[79.4,9.2],[78.4,9.1],[78.1,8.4],[77.5,8.1],[76.6,8.9],[76.3,9.9],[75.7,11.4],[74.9,12.6],[74.4,14.5],[73.3,16.5],[72.9,18.6],[73,19],[72.8,19.1],[72.8,19.3],[73,19.3],[72.8,19.4],[72.7,19.8],[72.9,20.7],[72.6,21.5],[73.1,21.8],[72.5,21.7],[72.7,22],[72.5,22],[72.6,22.2],[72.8,22.2],[72.2,22.3],[72.3,22.1],[72,21.8],[72.3,21.5],[72,21.2],[70.7,20.7],[70.1,21.1],[69,22.3],[69.1,22.4],[69.3,22.3],[70.2,22.6],[70.5,23.1],[69.7,22.8],[69.2,22.8],[68.6,23.2],[68.4,23.6],[68.8,23.9],[68.3,23.6],[68.2,23.7],[68.2,23.9]]],[[[93.9,6.8],[93.8,6.7],[93.7,7],[93.7,7.1],[93.7,7.2],[93.8,7.2],[93.9,7.2],[93.9,7],[93.9,6.8]]],[[[93.7,7.4],[93.6,7.3],[93.6,7.4],[93.7,7.4]]],[[[93.1,8.2],[93.2,8.2],[93.1,8.2],[93.1,8.3],[93.1,8.2]]],[[[93.4,7.9],[93.3,8],[93.4,8],[93.4,7.9]]],[[[93.5,8.1],[93.5,8],[93.5,8.2],[93.5,8.1]]],[[[92.8,9.1],[92.7,9.1],[92.7,9.2],[92.8,9.2],[92.8,9.1]]],[[[92.5,10.6],[92.5,10.5],[92.4,10.5],[92.4,10.7],[92.4,10.8],[92.4,10.9],[92.5,10.9],[92.6,10.8],[92.6,10.7],[92.5,10.6]]],[[[92.7,11.4],[92.6,11.4],[92.6,11.5],[92.7,11.5],[92.7,11.4]]],[[[92.7,11.5],[92.5,11.9],[92.6,11.9],[92.7,12.2],[92.8,12.2],[92.7,12.4],[92.7,12.5],[92.7,12.8],[92.8,13],[92.9,13.4],[92.9,13.5],[93.1,13.5],[93.1,13.4],[93,13.3],[93.1,13.2],[92.9,12.9],[93,12.9],[93,12.5],[92.9,12.5],[92.9,12.4],[92.9,12.2],[92.7,12],[92.8,11.9],[92.8,11.6],[92.7,11.5]]],[[[93,12],[93.1,11.9],[93,12],[93,12],[93,12],[93,12]]],[[[92.7,12.9],[92.7,12.8],[92.7,12.9],[92.7,13],[92.7,12.9]]],[[[72.8,11.2],[72.8,11.2],[72.8,11.2],[72.8,11.2],[72.8,11.3],[72.8,11.3],[72.8,11.2],[72.8,11.2],[72.8,11.2]]],[[[73.1,8.3],[73.1,8.3],[73,8.3],[73,8.3],[73,8.3],[73,8.3],[73,8.3],[73.1,8.3],[73.1,8.3],[73.1,8.3],[73.1,8.3],[73.1,8.3],[73.1,8.3]]]]}},{"type":"Feature","properties":{"iso3":"ISL","iso2":"IS","name":"Iceland","continent":"Europe","subregion":"Northern Europe"},"geometry":{"type":"Polygon","coordinates":[[[-15.5,66.2],[-14.6,66.4],[-14.9,66.3],[-15.1,66.1],[-14.7,66],[-14.7,65.9],[-14.8,65.8],[-14.4,65.8],[-14.3,65.7],[-14.5,65.6],[-14.2,65.6],[-13.6,65.5],[-13.8,65.4],[-13.6,65.3],[-13.8,65.2],[-13.6,65.1],[-13.9,65],[-13.9,64.9],[-14,64.7],[-14.4,64.7],[-14.4,64.5],[-14.6,64.4],[-15.8,64.2],[-16.6,63.9],[-17.8,63.7],[-17.9,63.5],[-18.7,63.4],[-20.2,63.6],[-20.5,63.7],[-20.4,63.8],[-20.7,63.7],[-21.1,63.9],[-22.7,63.8],[-22.7,64.1],[-22.5,64],[-22.2,64],[-21.5,64.4],[-22.1,64.3],[-21.9,64.4],[-22,64.4],[-22,64.5],[-21.6,64.6],[-22.1,64.5],[-22.3,64.6],[-22.2,64.7],[-22.5,64.8],[-23.3,64.8],[-23.8,64.7],[-24,64.9],[-22.8,65],[-21.9,65],[-21.8,65.2],[-22.5,65.2],[-21.8,65.4],[-22.9,65.6],[-23.9,65.4],[-24.5,65.5],[-24.2,65.6],[-23.9,65.5],[-24.1,65.8],[-23.6,65.7],[-23.3,65.8],[-23.8,65.8],[-23.5,65.9],[-23.8,66],[-23.4,66],[-23.6,66.1],[-23.5,66.2],[-23.1,66.1],[-23,66],[-22.7,66],[-22.6,65.9],[-22.4,65.9],[-22.4,66.1],[-22.9,66.2],[-22.5,66.3],[-23.1,66.3],[-22.9,66.4],[-22.4,66.4],[-21.4,66],[-21.5,66],[-21.3,65.9],[-21.4,65.7],[-21.7,65.7],[-21.4,65.6],[-21.4,65.5],[-21.2,65.4],[-21.1,65.3],[-20.8,65.6],[-20.5,65.6],[-20.4,65.7],[-20.4,66],[-20.2,66.1],[-19.5,65.8],[-19.4,66.1],[-18.8,66.2],[-18.1,65.7],[-18.1,65.8],[-18.3,66.2],[-17.9,66.1],[-17.6,66],[-17.2,66.2],[-16.8,66.1],[-16.5,66.2],[-16.4,66.3],[-16.5,66.4],[-16.2,66.5],[-16,66.5],[-15.6,66.3],[-15.5,66.2]]]}},{"type":"Feature","properties":{"iso3":"HUN","iso2":"HU","name":"Hungary","continent":"Europe","subregion":"Eastern Europe"},"geometry":{"type":"Polygon","coordinates":[[[22.1,48.4],[22.8,48.1],[22.9,47.9],[22.6,47.8],[22.3,47.7],[22,47.5],[21.5,46.7],[21,46.2],[20.2,46.1],[19.6,46.2],[18.4,45.8],[18,45.8],[17.3,46],[16.5,46.5],[16.3,46.9],[16.1,46.9],[16.5,47],[16.4,47.4],[16.7,47.5],[16.4,47.7],[16.6,47.8],[17.1,47.7],[17,47.8],[17.1,48],[17.8,47.8],[18.7,47.8],[18.8,48],[19.5,48.1],[19.6,48.2],[20,48.1],[20.3,48.3],[20.5,48.5],[21.5,48.6],[21.7,48.3],[22.1,48.4]]]}},{"type":"Feature","properties":{"iso3":"HND","iso2":"HN","name":"Honduras","continent":"North America","subregion":"Central America"},"geometry":{"type":"MultiPolygon","coordinates":[[[[-83.2,15],[-83.5,15],[-83.6,14.9],[-84.5,14.6],[-84.9,14.8],[-85,14.8],[-85.2,14.5],[-85.2,14.3],[-85.7,13.9],[-86,14.1],[-86.3,13.8],[-86.8,13.7],[-86.7,13.3],[-86.9,13.3],[-87.1,13],[-87.3,13],[-87.5,13.4],[-87.8,13.4],[-87.7,13.5],[-87.7,13.8],[-87.8,13.9],[-88,13.9],[-88.2,14],[-88.5,13.9],[-88.5,14],[-88.7,14],[-89.1,14.4],[-89.4,14.4],[-89.2,14.6],[-89.2,14.9],[-89.1,15.1],[-88.2,15.7],[-87.7,15.9],[-87.5,15.8],[-86.9,15.8],[-86.4,15.8],[-85.9,16],[-86,16],[-85.5,15.9],[-85,16],[-84.6,15.8],[-84.4,15.8],[-84.5,15.9],[-84.3,15.8],[-83.8,15.4],[-84,15.5],[-84.1,15.5],[-84.1,15.4],[-83.9,15.4],[-83.8,15.2],[-83.5,15.2],[-83.6,15.4],[-83.4,15.2],[-83.2,15]]],[[[-86.4,16.4],[-86.6,16.3],[-86.6,16.4],[-86.4,16.4],[-86.3,16.4],[-86.4,16.4]]],[[[-85.9,16.5],[-85.9,16.4],[-86,16.4],[-85.9,16.5],[-85.8,16.5],[-85.9,16.5]]]]}},{"type":"Feature","properties":{"iso3":"HTI","iso2":"HT","name":"Haiti","continent":"North America","subregion":"Caribbean"},"geometry":{"type":"MultiPolygon","coordinates":[[[[-71.8,19.7],[-71.7,19.5],[-71.7,19.3],[-71.6,19.2],[-71.8,19],[-71.7,18.9],[-71.7,18.7],[-71.9,18.6],[-72,18.6],[-71.9,18.4],[-71.8,18.3],[-71.8,18],[-72.1,18.2],[-72.5,18.2],[-72.9,18.2],[-73.4,18.3],[-73.7,18.2],[-73.9,18],[-74.1,18.2],[-74.5,18.4],[-74.5,18.5],[-74.4,18.6],[-74.2,18.7],[-73.6,18.5],[-72.8,18.4],[-72.6,18.6],[-72.4,18.6],[-72.3,18.7],[-72.8,19.1],[-72.7,19.1],[-72.8,19.2],[-72.7,19.4],[-73.1,19.6],[-73.4,19.7],[-73.4,19.8],[-73.3,19.9],[-72.9,19.9],[-72.6,19.9],[-72.2,19.7],[-71.8,19.7]]],[[[-72.8,18.8],[-72.8,18.7],[-73.1,18.8],[-73.3,18.9],[-73.3,19],[-73.2,19],[-72.9,18.9],[-72.8,18.8]]],[[[-72.7,20],[-72.6,20],[-72.8,20],[-72.9,20],[-73,20.1],[-72.9,20.1],[-72.8,20.1],[-72.7,20]]]]}},{"type":"Feature","properties":{"iso3":"GUY","iso2":"GY","name":"Guyana","continent":"South America","subregion":"South America"},"geometry":{"type":"Polygon","coordinates":[[[-60.7,5.2],[-61.4,5.9],[-61.1,6.2],[-61.2,6.6],[-61.1,6.7],[-60.7,6.8],[-60.4,7],[-60.3,7.2],[-60.6,7.2],[-60.7,7.5],[-60.5,7.8],[-60,8.1],[-59.8,8.2],[-60,8.5],[-59.8,8.4],[-59.7,8.4],[-59.2,8.1],[-58.5,7.4],[-58.5,7],[-58.7,6.4],[-58.4,6.9],[-58.3,6.9],[-58,6.8],[-57.5,6.3],[-57.2,6.2],[-57.2,5.5],[-57.3,5.3],[-57.2,5.2],[-57.3,5],[-57.7,5],[-57.9,4.9],[-57.8,4.7],[-58.1,4.1],[-57.6,3.4],[-57.3,3.4],[-57.2,2.9],[-56.7,2],[-56.5,1.9],[-56.8,1.9],[-57.1,2],[-57.3,2],[-57.5,1.7],[-58,1.6],[-58,1.5],[-58.3,1.6],[-58.5,1.4],[-58.5,1.3],[-58.8,1.2],[-59.2,1.4],[-59.7,1.7],[-59.8,1.9],[-59.8,2.3],[-59.9,2.4],[-60,2.7],[-59.9,3.6],[-59.6,3.9],[-59.7,4.2],[-59.7,4.4],[-60.1,4.5],[-60,5.1],[-60.1,5.2],[-60.7,5.2]]]}},{"type":"Feature","properties":{"iso3":"GNB","iso2":"GW","name":"Guinea-Bissau","continent":"Africa","subregion":"Western Africa"},"geometry":{"type":"MultiPolygon","coordinates":[[[[-16.7,12.4],[-16.5,12.3],[-16.1,12.5],[-15.8,12.4],[-15.6,12.5],[-15.2,12.7],[-13.7,12.7],[-13.7,12.5],[-13.7,12.3],[-13.9,12.2],[-13.7,12],[-13.7,11.7],[-14,11.7],[-14.3,11.7],[-14.5,11.6],[-14.7,11.5],[-15,10.9],[-15.1,11],[-15.1,11.1],[-15.2,11],[-15.2,11.2],[-15.3,11.2],[-15.4,11.2],[-15.4,11.4],[-15.5,11.4],[-15.4,11.5],[-15.1,11.6],[-15.1,11.7],[-15.2,11.7],[-15.4,11.6],[-15.5,11.7],[-15.5,11.8],[-15.2,11.9],[-15.1,11.9],[-15.1,12],[-15.2,11.9],[-15.4,11.9],[-15.8,11.8],[-15.9,11.8],[-15.9,11.9],[-16,12],[-16.1,11.9],[-16.3,12],[-16.3,12.1],[-16.2,12.2],[-16.4,12.2],[-16.7,12.4]]],[[[-16.1,11.1],[-16.2,11],[-16.2,11.1],[-16.1,11.2],[-16.1,11.1]]],[[[-15.9,11.1],[-16,11.1],[-15.9,11.2],[-15.9,11.1]]],[[[-15.7,11.2],[-15.8,11.2],[-15.8,11.3],[-15.7,11.3],[-15.7,11.2]]],[[[-15.6,11.5],[-15.6,11.5],[-15.6,11.5],[-15.5,11.6],[-15.5,11.6],[-15.5,11.6],[-15.5,11.6],[-15.6,11.5]]],[[[-15.9,11.5],[-15.9,11.4],[-16,11.4],[-16,11.5],[-16,11.6],[-15.9,11.6],[-15.9,11.5]]],[[[-16,11.9],[-16,11.8],[-16.1,11.8],[-16.2,11.9],[-16,11.9]]]]}},{"type":"Feature","properties":{"iso3":"GIN","iso2":"GN","name":"Guinea","continent":"Africa","subregion":"Western Africa"},"geometry":{"type":"Polygon","coordinates":[[[-10.3,8.5],[-10.6,8.3],[-10.7,8.3],[-10.5,8.7],[-10.6,9.1],[-10.7,9.1],[-10.7,9.3],[-11.2,10],[-11.9,10],[-12.1,9.9],[-12.4,9.9],[-13,9.1],[-13.3,9],[-13.3,9.2],[-13.4,9.4],[-13.7,9.5],[-13.7,9.9],[-13.8,9.9],[-14,10.1],[-14.4,10.2],[-14.6,10.5],[-14.6,10.8],[-14.7,10.7],[-14.8,10.9],[-14.9,11],[-15,10.8],[-15.1,10.8],[-14.7,11.5],[-13.7,11.7],[-13.7,12],[-13.9,12.2],[-13.7,12.3],[-13.7,12.7],[-13.1,12.6],[-13.1,12.5],[-12.9,12.5],[-12.4,12.3],[-11.4,12.4],[-11.5,12.2],[-11.3,12],[-10.9,12.2],[-10.7,11.9],[-10.3,12.2],[-9.8,12],[-9.4,12.3],[-9.4,12.5],[-9,12.4],[-8.8,11.9],[-8.8,11.7],[-8.4,11.4],[-8.7,11],[-8.3,11],[-8.3,10.5],[-8,10.3],[-8.2,10],[-8.1,9.5],[-7.9,9.4],[-7.9,9.2],[-7.8,9.1],[-7.9,9],[-8,8.8],[-7.7,8.6],[-7.7,8.4],[-8.2,8.5],[-8.3,8.3],[-8,8.1],[-8.2,7.6],[-8.5,7.6],[-8.7,7.7],[-8.9,7.3],[-9.1,7.2],[-9.3,7.4],[-9.5,7.4],[-9.4,7.7],[-9.5,8.3],[-9.8,8.5],[-10.1,8.4],[-10.1,8.5],[-10.2,8.5],[-10.3,8.5]]]}},{"type":"Feature","properties":{"iso3":"GTM","iso2":"GT","name":"Guatemala","continent":"North America","subregion":"Central America"},"geometry":{"type":"Polygon","coordinates":[[[-92.2,14.5],[-92.2,14.7],[-92.2,15],[-92.1,15.1],[-92.2,15.3],[-91.7,16.1],[-90.4,16.1],[-90.4,16.4],[-90.6,16.5],[-90.7,16.7],[-91,16.9],[-91.4,17.3],[-91,17.3],[-91,17.8],[-89.2,17.8],[-89.2,15.9],[-88.9,15.9],[-88.6,15.8],[-88.5,15.8],[-88.6,16],[-88.2,15.7],[-89,15.2],[-89.1,15.1],[-89.2,14.9],[-89.2,14.6],[-89.4,14.4],[-89.6,14.4],[-89.5,14.2],[-90,13.9],[-90.1,13.8],[-90.1,13.7],[-90.6,13.9],[-91.1,13.9],[-91.4,14],[-91.8,14.2],[-92.2,14.5]]]}},{"type":"Feature","properties":{"iso3":"GRD","iso2":"GD","name":"Grenada","continent":"North America","subregion":"Caribbean"},"geometry":{"type":"Polygon","coordinates":[[[-61.7,12],[-61.8,12],[-61.7,12.1],[-61.7,12.2],[-61.6,12.2],[-61.6,12.1],[-61.7,12]]]}},{"type":"Feature","properties":{"iso3":"GRC","iso2":"GR","name":"Greece","continent":"Europe","subregion":"Southern Europe"},"geometry":{"type":"MultiPolygon","coordinates":[[[[27.9,36.6],[27.8,36.5],[27.8,36.6],[27.9,36.6]]],[[[20.6,38.4],[20.6,38.3],[20.7,38.2],[20.8,38.1],[20.6,38.1],[20.5,38.1],[20.5,38.2],[20.4,38.2],[20.4,38.3],[20.4,38.4],[20.5,38.3],[20.6,38.5],[20.6,38.4]]],[[[20.9,37.8],[21,37.7],[20.9,37.7],[20.8,37.7],[20.7,37.7],[20.6,37.9],[20.7,37.9],[20.8,37.9],[20.8,37.8],[20.9,37.8]]],[[[20.7,38.6],[20.6,38.6],[20.6,38.7],[20.6,38.8],[20.7,38.8],[20.7,38.6]]],[[[20.8,38.3],[20.7,38.3],[20.6,38.4],[20.6,38.5],[20.7,38.5],[20.7,38.4],[20.8,38.3]]],[[[20.1,39.4],[20,39.4],[19.9,39.5],[19.8,39.6],[19.6,39.7],[19.6,39.8],[19.7,39.8],[19.8,39.8],[19.9,39.8],[19.9,39.7],[19.8,39.7],[19.9,39.6],[19.9,39.5],[20,39.5],[20,39.4],[20.1,39.4]]],[[[23.4,39],[23.5,38.8],[24.1,38.6],[24.2,38.5],[24.3,38.2],[24.4,38.2],[24.6,38.1],[24.6,38],[24.5,38],[24.4,38],[24.2,38.1],[24,38.4],[23.7,38.4],[23.6,38.6],[23.3,38.8],[23,38.9],[22.9,38.8],[22.9,38.9],[23.3,39],[23.4,39]]],[[[23.8,39.1],[23.7,39.1],[23.6,39.2],[23.8,39.1]]],[[[23.9,39.2],[23.8,39.1],[23.9,39.2],[24,39.3],[23.9,39.2]]],[[[24.7,38.8],[24.5,38.8],[24.6,38.8],[24.5,38.9],[24.5,39],[24.6,38.9],[24.7,38.8]]],[[[24.8,40.6],[24.6,40.6],[24.5,40.6],[24.5,40.7],[24.6,40.8],[24.7,40.8],[24.8,40.7],[24.8,40.6]]],[[[23.6,37.9],[23.5,37.9],[23.4,37.9],[23.5,38],[23.6,37.9]]],[[[23.1,36.2],[23,36.1],[22.9,36.2],[22.9,36.3],[22.9,36.4],[23,36.4],[23.1,36.2]]],[[[27.2,35.5],[27.1,35.4],[27.1,35.5],[27.1,35.6],[27.2,35.7],[27.2,35.8],[27.2,35.7],[27.2,35.6],[27.2,35.5]]],[[[27,37],[26.9,36.9],[26.9,37],[26.9,37.1],[27,37]]],[[[26.9,36.7],[27,36.8],[27.1,36.8],[27.2,36.9],[27.3,36.9],[27.4,36.9],[27.2,36.8],[27,36.8],[26.9,36.7]]],[[[25.5,37],[25.5,36.9],[25.4,37],[25.4,37.1],[25.5,37.2],[25.6,37.2],[25.6,37],[25.5,37]]],[[[25.3,37.1],[25.2,37],[25.1,37],[25.1,37.1],[25.2,37.1],[25.3,37.1]]],[[[25.5,36.4],[25.4,36.3],[25.4,36.4],[25.4,36.5],[25.5,36.4]]],[[[25.4,36.7],[25.4,36.7],[25.3,36.7],[25.3,36.8],[25.3,36.8],[25.4,36.7],[25.4,36.7]]],[[[26.8,37.8],[27,37.8],[27.1,37.7],[27,37.7],[26.8,37.6],[26.8,37.7],[26.7,37.7],[26.6,37.7],[26.6,37.8],[26.7,37.8],[26.8,37.8]]],[[[26,37.5],[26,37.6],[26.1,37.6],[26.2,37.6],[26.4,37.7],[26.3,37.6],[26.2,37.6],[26,37.5]]],[[[25.9,36.8],[25.7,36.8],[25.9,36.9],[26,36.9],[26.1,36.9],[26,36.9],[25.9,36.8]]],[[[26.5,36.6],[26.4,36.6],[26.3,36.5],[26.3,36.6],[26.4,36.6],[26.5,36.6]]],[[[24.4,37.6],[24.3,37.5],[24.3,37.6],[24.3,37.7],[24.4,37.7],[24.4,37.6]]],[[[24.4,37.3],[24.4,37.4],[24.4,37.5],[24.5,37.4],[24.4,37.3]]],[[[24.5,36.8],[24.5,36.7],[24.3,36.7],[24.4,36.7],[24.5,36.7],[24.5,36.8]]],[[[24.9,37.5],[24.9,37.4],[24.9,37.4],[24.9,37.4],[24.9,37.4],[24.9,37.5],[24.9,37.5]]],[[[25,37.8],[25,37.7],[24.9,37.8],[24.8,37.8],[24.8,37.9],[24.7,37.9],[24.7,38],[24.8,38],[24.9,37.9],[25,37.9],[24.9,37.9],[25,37.8]]],[[[25.3,37.6],[25.2,37.5],[25.1,37.6],[25,37.7],[25.1,37.6],[25.2,37.6],[25.3,37.6]]],[[[24.7,36.9],[24.7,37],[24.8,36.9],[24.7,36.9]]],[[[26.1,38.2],[26,38.2],[25.9,38.2],[25.9,38.3],[26,38.3],[26,38.4],[25.9,38.5],[25.8,38.6],[26,38.6],[26.1,38.5],[26.2,38.5],[26.1,38.5],[26.2,38.3],[26.1,38.3],[26.1,38.2]]],[[[26.4,39.3],[26.5,39.2],[26.6,39.1],[26.6,39],[26.5,39.1],[26.5,39],[26.4,39],[26.2,39],[26.1,39.1],[26.2,39.2],[26.3,39.2],[26.2,39.2],[26.1,39.1],[25.9,39.1],[25.8,39.2],[25.9,39.3],[26,39.3],[26.1,39.3],[26.2,39.3],[26.2,39.4],[26.3,39.4],[26.4,39.3]]],[[[25.7,40.4],[25.6,40.4],[25.4,40.5],[25.6,40.5],[25.7,40.5],[25.7,40.4]]],[[[25.4,40],[25.4,39.9],[25.4,39.8],[25.3,39.8],[25.2,39.9],[25.2,39.8],[25.1,39.8],[25.1,39.9],[25.1,40],[25.2,40],[25.3,40],[25.4,40]]],[[[25.4,37.4],[25.3,37.4],[25.3,37.5],[25.5,37.5],[25.5,37.4],[25.4,37.4]]],[[[24.5,37.1],[24.4,37.1],[24.4,37.2],[24.5,37.2],[24.5,37.1]]],[[[27.8,35.9],[27.7,35.9],[27.7,36],[27.8,36.1],[27.7,36.2],[27.8,36.2],[27.8,36.3],[27.9,36.3],[28.2,36.4],[28.1,36.2],[28.1,36.1],[28,36],[27.8,35.9]]],[[[23.9,35.5],[24,35.5],[24.2,35.6],[24.2,35.5],[24.1,35.5],[24.3,35.5],[24.3,35.4],[24.4,35.4],[24.7,35.4],[25.5,35.3],[25.7,35.3],[25.7,35.1],[25.8,35.1],[26,35.2],[26.2,35.2],[26.3,35.3],[26.2,35],[24.8,34.9],[24.7,35],[24.7,35.1],[24.5,35.2],[23.6,35.3],[23.5,35.4],[23.6,35.5],[23.6,35.6],[23.7,35.5],[23.7,35.7],[23.8,35.6],[23.9,35.5]]],[[[26.3,41.7],[26.6,41.6],[26.6,41.4],[26.3,41.2],[26.4,41],[26.1,40.7],[25.1,41],[24.8,40.9],[24.5,40.9],[24.1,40.7],[23.8,40.7],[23.9,40.4],[24.2,40.3],[24.3,40.1],[23.9,40.4],[23.7,40.3],[24,40.1],[23.9,40],[23.7,40.2],[23.4,40.3],[23.4,40.1],[23.7,40],[23.4,40],[23.3,40.2],[22.9,40.4],[22.9,40.6],[22.6,40.5],[22.6,40],[23.3,39.2],[23.2,39.1],[23.2,39.3],[22.9,39.3],[22.8,39.3],[22.9,39.2],[23,39],[23.1,39],[22.6,38.9],[23.3,38.7],[23.7,38.4],[24,38.3],[24.1,37.7],[24,37.7],[23.5,38],[23,37.9],[23.2,37.6],[23.4,37.6],[23.5,37.4],[23.2,37.3],[23,37.5],[22.7,37.5],[23.2,36.4],[22.7,36.8],[22.6,36.8],[22.5,36.4],[22.4,36.5],[22.4,36.7],[22.1,37],[22,37],[21.9,36.7],[21.7,36.9],[21.6,37.1],[21.7,37.4],[21.1,37.9],[21.4,38.2],[21.7,38.2],[21.8,38.3],[22,38.3],[22.9,38],[22.9,38.1],[23.2,38.1],[22.4,38.4],[22.3,38.4],[22,38.4],[21.5,38.3],[21.3,38.5],[21.3,38.4],[21.2,38.3],[20.8,38.9],[21.1,38.9],[21.1,39],[20.8,39],[20.3,39.3],[20,39.7],[20.2,39.7],[20.4,39.8],[20.3,40],[20.7,40.1],[20.8,40.4],[21,40.6],[21,40.8],[21.6,40.9],[22,41.1],[22.5,41.1],[22.7,41.2],[22.8,41.3],[23.6,41.4],[24.1,41.5],[24.5,41.6],[24.8,41.4],[25.3,41.2],[25.9,41.3],[26.1,41.4],[26.1,41.7],[26.2,41.7],[26.3,41.7]]]]}},{"type":"Feature","properties":{"iso3":"GHA","iso2":"GH","name":"Ghana","continent":"Africa","subregion":"Western Africa"},"geometry":{"type":"Polygon","coordinates":[[[-0.1,11.1],[0,11],[-0.1,10.7],[0.4,10.3],[0.3,9.6],[0.2,9.5],[0.4,9.5],[0.5,9.4],[0.5,8.9],[0.4,8.8],[0.7,8.4],[0.6,8.1],[0.6,7.7],[0.5,7.5],[0.6,7.4],[0.5,6.9],[0.7,6.5],[1.2,6.1],[0.9,5.8],[0.3,5.8],[-2,4.8],[-3.1,5.1],[-2.8,5.2],[-2.8,5.4],[-2.8,5.6],[-3,5.7],[-3.2,6.4],[-3.2,6.8],[-3,7.2],[-2.8,7.9],[-2.5,8.2],[-2.6,8.8],[-2.7,9],[-2.7,9.3],[-2.8,9.7],[-2.8,10.2],[-2.9,10.6],[-2.8,11],[-1,11],[-0.6,10.9],[-0.3,11.2],[-0.1,11.1]]]}},{"type":"Feature","properties":{"iso3":"DEU","iso2":"DE","name":"Germany","continent":"Europe","subregion":"Western Europe"},"geometry":{"type":"MultiPolygon","coordinates":[[[[9.5,47.5],[8.6,47.8],[8.4,47.7],[8.6,47.6],[8.4,47.6],[7.6,47.6],[7.6,48.2],[7.8,48.6],[8.1,48.9],[8.1,49],[7.5,49.2],[6.7,49.2],[6.5,49.4],[6.3,49.5],[6.5,49.8],[6.3,49.9],[6.1,50.1],[6.2,50.2],[6.4,50.3],[6.3,50.5],[6.2,50.5],[6.2,50.6],[6,50.8],[6,50.9],[5.9,51],[6.1,51.1],[6.1,51.2],[6.2,51.5],[5.9,51.8],[6.7,51.9],[6.8,52],[6.7,52.1],[7,52.3],[7,52.4],[6.7,52.5],[6.7,52.6],[7,52.6],[7.2,53],[7.2,53.3],[7.1,53.4],[7.2,53.7],[8,53.7],[8.2,53.5],[8.1,53.5],[8.2,53.4],[8.3,53.6],[8.5,53.5],[8.5,53.4],[8.5,53.8],[8.6,53.9],[9.2,53.9],[9.8,53.6],[9.3,53.9],[9,53.9],[8.9,54.3],[8.6,54.3],[8.6,54.4],[9,54.5],[8.7,54.9],[9.3,54.8],[9.6,54.9],[10,54.7],[10,54.6],[9.9,54.5],[10.1,54.5],[10.7,54.3],[11,54.4],[11,54.2],[10.8,54.1],[10.9,54],[11.4,53.9],[11.8,54.1],[12.1,54.2],[12.6,54.5],[13,54.4],[13.4,54.1],[13.7,54.2],[13.9,53.9],[14.3,53.7],[14.4,53.2],[14.1,52.9],[14.6,52.5],[14.6,52.4],[14.8,52.1],[14.6,51.8],[14.7,51.5],[14.9,51.4],[15,51.3],[15,51.1],[14.8,50.8],[14.6,50.9],[14.5,51],[14.3,51],[14.4,50.9],[13.6,50.7],[12.9,50.4],[12.5,50.4],[12.3,50.2],[12.1,50.3],[12.5,49.9],[12.4,49.7],[12.6,49.5],[13.8,48.8],[13.8,48.6],[13.7,48.5],[13.5,48.6],[13.4,48.4],[12.8,48.1],[13,47.9],[12.9,47.7],[13.1,47.7],[13,47.5],[12.7,47.7],[12.2,47.7],[12.2,47.6],[11,47.4],[10.9,47.5],[10.4,47.6],[10.4,47.4],[10.2,47.3],[10.2,47.4],[10,47.5],[9.5,47.5]]],[[[13.7,54.4],[13.7,54.3],[13.6,54.3],[13.5,54.3],[13.4,54.2],[13.2,54.3],[13.2,54.4],[13.2,54.5],[13.2,54.6],[13.3,54.7],[13.4,54.7],[13.5,54.6],[13.7,54.6],[13.7,54.5],[13.6,54.5],[13.6,54.4],[13.7,54.4]]],[[[14.2,54],[14.2,53.9],[14,53.9],[13.9,53.9],[13.9,54],[13.8,54.1],[14,54],[14.2,54]]],[[[11.3,54.4],[11.1,54.4],[11.1,54.5],[11,54.5],[11.1,54.5],[11.2,54.5],[11.3,54.4]]],[[[8.3,54.8],[8.3,54.9],[8.4,55.1],[8.5,55.1],[8.4,55],[8.4,54.9],[8.6,54.9],[8.3,54.8]]],[[[8.6,54.7],[8.5,54.7],[8.4,54.7],[8.5,54.8],[8.6,54.7]]]]}},{"type":"Feature","properties":{"iso3":"GEO","iso2":"GE","name":"Georgia","continent":"Asia","subregion":"Western Asia"},"geometry":{"type":"Polygon","coordinates":[[[43.4,41.1],[42.8,41.6],[42.6,41.6],[42.5,41.4],[41.5,41.5],[41.7,41.7],[41.8,42],[41.5,42.7],[40.8,43.1],[40.5,43.1],[40,43.4],[40.2,43.6],[40.6,43.5],[41.6,43.2],[42.8,43.2],[43.8,42.7],[43.7,42.6],[43.8,42.6],[44.5,42.7],[44.8,42.6],[44.9,42.8],[45.3,42.5],[45.7,42.5],[45.6,42.2],[46.4,41.9],[46.2,41.7],[46.2,41.6],[46.7,41.3],[46.5,41.1],[45.3,41.4],[44.8,41.2],[43.5,41.1],[43.4,41.1]]]}},{"type":"Feature","properties":{"iso3":"GMB","iso2":"GM","name":"Gambia","continent":"Africa","subregion":"Western Africa"},"geometry":{"type":"Polygon","coordinates":[[[-16.6,13.6],[-15.5,13.6],[-15.4,13.7],[-15.1,13.8],[-14.9,13.8],[-14.4,13.5],[-14,13.5],[-13.9,13.5],[-13.8,13.4],[-13.8,13.3],[-14.2,13.2],[-14.4,13.3],[-15.2,13.6],[-15.3,13.4],[-15.8,13.3],[-15.8,13.2],[-16.6,13.2],[-16.8,13.1],[-16.8,13.3],[-16.7,13.5],[-16.6,13.3],[-16.4,13.3],[-16.2,13.3],[-16.2,13.4],[-15.4,13.5],[-15.6,13.5],[-16.1,13.4],[-16.4,13.3],[-16.4,13.4],[-16.5,13.5],[-16.6,13.6]]]}},{"type":"Feature","properties":{"iso3":"GAB","iso2":"GA","name":"Gabon","continent":"Africa","subregion":"Middle Africa"},"geometry":{"type":"Polygon","coordinates":[[[13.3,2.2],[13.2,1.8],[13.2,1.2],[13.9,1.4],[14.2,1.4],[14.4,0.9],[14.3,0.6],[14.1,0.5],[13.9,0.4],[13.9,-0.2],[14.5,-0.6],[14.4,-1.9],[14.2,-2.2],[14.2,-2.4],[14,-2.5],[13.9,-2.5],[13.7,-2.1],[13.5,-2.4],[13,-2.3],[12.8,-1.9],[12.6,-1.8],[12.4,-1.9],[12.4,-2.3],[12.1,-2.4],[11.6,-2.3],[11.5,-2.8],[11.8,-3],[11.7,-3.2],[11.9,-3.3],[11.8,-3.5],[11.9,-3.7],[11.7,-3.7],[11.5,-3.5],[11.2,-3.7],[11.1,-3.9],[10.3,-3],[9.7,-2.5],[10.1,-2.5],[9.6,-2.4],[9.3,-1.9],[9.5,-2],[9.5,-1.9],[9.3,-1.8],[9,-1.3],[9.3,-1.6],[9.5,-1.6],[9.3,-1.5],[9.3,-1.3],[9.2,-1.4],[9.1,-1.3],[8.7,-0.6],[8.8,-0.7],[8.9,-0.7],[9.3,-0.4],[9.4,0.3],[9.5,0.2],[9.8,0],[10,0.2],[9.5,0.3],[9.3,0.6],[9.5,0.7],[9.6,0.6],[9.6,1],[9.8,1.1],[9.9,1],[11.3,1],[11.3,2.3],[13.3,2.2]]]}},{"type":"Feature","properties":{"iso3":"FRA","iso2":"","name":"France","continent":"Europe","subregion":"Western Europe"},"geometry":{"type":"MultiPolygon","coordinates":[[[[9.5,42.8],[9.5,42.7],[9.5,42.6],[9.6,42.1],[9.4,41.9],[9.4,41.7],[9.2,41.4],[8.8,41.6],[8.9,41.7],[8.7,41.8],[8.7,41.9],[8.6,41.9],[8.7,42.1],[8.6,42.2],[8.7,42.3],[8.6,42.4],[8.7,42.5],[8.8,42.6],[9,42.7],[9.1,42.7],[9.3,42.7],[9.4,43],[9.5,43],[9.5,42.9],[9.5,42.8]]],[[[7.6,47.6],[7.3,47.4],[7,47.5],[6.9,47.4],[7,47.3],[6.5,46.9],[6.4,46.8],[6.1,46.5],[6.1,46.3],[6,46.2],[6,46.1],[6.2,46.2],[6.2,46.3],[6.4,46.4],[6.8,46.4],[6.8,46.2],[7,45.9],[6.8,45.7],[7.2,45.4],[7.1,45.2],[6.6,45.1],[6.7,44.9],[7,44.8],[7,44.7],[6.8,44.5],[6.9,44.3],[7.3,44.1],[7.6,44.2],[7.7,44.1],[7.5,43.8],[6.7,43.4],[6.6,43.2],[6.1,43.1],[5.4,43.2],[5.1,43.4],[4.7,43.4],[4.1,43.6],[3.9,43.6],[3.3,43.2],[3.1,42.9],[3.1,42.6],[3.2,42.4],[2,42.4],[1.7,42.5],[1.7,42.6],[1.4,42.6],[1.3,42.7],[0.8,42.8],[0.7,42.8],[0.6,42.7],[0,42.7],[-0.3,42.8],[-0.6,42.8],[-0.8,42.9],[-1.3,43.1],[-1.5,43.1],[-1.4,43.2],[-1.8,43.4],[-1.5,43.6],[-1.2,44.6],[-1.1,44.7],[-1.2,44.8],[-1.2,44.7],[-1.1,45.5],[-0.8,45.4],[-0.7,45.1],[-0.5,45],[-0.8,45.5],[-1.2,45.7],[-1,45.7],[-1.1,46.3],[-1.8,46.5],[-2.1,46.8],[-2,47],[-2.2,47.2],[-2,47.3],[-1.7,47.2],[-2,47.3],[-2.5,47.3],[-2.4,47.5],[-2.8,47.5],[-2.8,47.6],[-3.9,47.8],[-4.3,47.8],[-4.4,48],[-4.7,48],[-4.3,48.2],[-4.6,48.3],[-4.2,48.3],[-4.7,48.4],[-4.8,48.5],[-4.5,48.6],[-3.2,48.8],[-3,48.8],[-2.7,48.5],[-2.4,48.6],[-2,48.6],[-1.9,48.7],[-1.4,48.7],[-1.6,48.8],[-1.6,49.2],[-1.9,49.7],[-1.3,49.7],[-1.1,49.4],[-0.2,49.3],[0.4,49.4],[0.1,49.5],[0.2,49.7],[1.2,50],[1.6,50.3],[1.6,50.7],[1.7,50.9],[2.5,51.1],[2.6,50.9],[2.8,50.8],[3.1,50.8],[3.3,50.5],[3.6,50.5],[3.7,50.3],[3.9,50.3],[4.2,50.2],[4.2,50],[4.5,50],[4.8,50.2],[4.9,49.8],[5.3,49.7],[5.5,49.5],[6.2,49.5],[6.5,49.4],[6.7,49.2],[7.5,49.2],[8.1,49],[8.1,48.9],[7.8,48.6],[7.6,48.2],[7.6,47.6]]],[[[-1.2,45.9],[-1.2,45.8],[-1.3,45.9],[-1.4,46],[-1.4,46.1],[-1.3,46],[-1.2,45.9]]],[[[45.2,-13],[45.1,-13],[45.1,-12.9],[45.1,-12.8],[45,-12.7],[45.1,-12.7],[45.2,-12.8],[45.2,-12.9],[45.2,-13]]],[[[55.8,-21.3],[55.7,-21.4],[55.6,-21.4],[55.4,-21.3],[55.3,-21.2],[55.2,-21.1],[55.3,-21],[55.3,-20.9],[55.5,-20.9],[55.6,-20.9],[55.7,-20.9],[55.8,-21.1],[55.8,-21.3]]],[[[-60.8,14.5],[-60.8,14.4],[-60.9,14.4],[-60.9,14.5],[-61.1,14.5],[-61,14.6],[-61.1,14.6],[-61.1,14.7],[-61.2,14.8],[-61.2,14.9],[-61.1,14.9],[-61,14.8],[-60.9,14.8],[-60.9,14.7],[-60.9,14.6],[-60.8,14.5]]],[[[-61.3,16.2],[-61.5,16.2],[-61.5,16.3],[-61.5,16.4],[-61.5,16.5],[-61.4,16.5],[-61.4,16.4],[-61.2,16.3],[-61.3,16.2]]],[[[-61.6,16],[-61.7,16],[-61.8,16.1],[-61.8,16.3],[-61.7,16.4],[-61.6,16.3],[-61.6,16.2],[-61.6,16]]],[[[-61.2,15.9],[-61.3,15.9],[-61.3,16],[-61.2,16],[-61.2,15.9]]],[[[-54.6,2.3],[-54.4,2.5],[-54.2,2.8],[-54.2,3.1],[-54,3.4],[-54,3.6],[-54.4,4.1],[-54.4,4.5],[-54.5,4.9],[-54.3,5.2],[-54.1,5.4],[-53.9,5.8],[-53.8,5.8],[-53.5,5.6],[-52.9,5.4],[-52.5,5],[-52.3,4.9],[-52.3,4.8],[-52.2,4.9],[-52.1,4.7],[-52,4.5],[-52,4.4],[-51.9,4.4],[-51.9,4.6],[-51.8,4.6],[-51.7,4.2],[-51.7,4.1],[-51.8,4],[-52,3.7],[-52.2,3.4],[-52.3,3.2],[-52.6,2.6],[-52.7,2.4],[-53,2.2],[-53.2,2.2],[-53.3,2.3],[-53.5,2.3],[-53.7,2.3],[-53.8,2.4],[-54.1,2.1],[-54.4,2.2],[-54.6,2.3]]]]}},{"type":"Feature","properties":{"iso3":"SPM","iso2":"PM","name":"St. Pierre and Miquelon","continent":"North America","subregion":"Northern America"},"geometry":{"type":"MultiPolygon","coordinates":[[[[-56.2,46.8],[-56.2,46.8],[-56.2,46.8],[-56.2,46.8],[-56.2,46.8],[-56.2,46.8],[-56.1,46.8],[-56.1,46.8],[-56.2,46.8]]],[[[-56.3,46.8],[-56.4,46.8],[-56.3,46.9],[-56.4,47.1],[-56.3,47.1],[-56.3,47],[-56.3,46.9],[-56.3,46.8]]]]}},{"type":"Feature","properties":{"iso3":"WLF","iso2":"WF","name":"Wallis and Futuna Is.","continent":"Oceania","subregion":"Polynesia"},"geometry":{"type":"MultiPolygon","coordinates":[[[[-176.2,-13.3],[-176.1,-13.2],[-176.1,-13.3],[-176.2,-13.3]]],[[[-178,-14.3],[-178.2,-14.3],[-178.2,-14.2],[-178.1,-14.2],[-178.1,-14.3],[-178,-14.3]]]]}},{"type":"Feature","properties":{"iso3":"MAF","iso2":"MF","name":"St-Martin","continent":"North America","subregion":"Caribbean"},"geometry":{"type":"Polygon","coordinates":[[[-63,18.1],[-63.1,18.1],[-63.1,18.1],[-63.1,18.1],[-63,18.1],[-63,18.1],[-63,18.1]]]}},{"type":"Feature","properties":{"iso3":"BLM","iso2":"BL","name":"St-Barthélemy","continent":"North America","subregion":"Caribbean"},"geometry":{"type":"Polygon","coordinates":[[[-62.8,17.9],[-62.8,17.9],[-62.9,17.9],[-62.9,17.9],[-62.9,17.9],[-62.9,17.9],[-62.9,17.9],[-62.8,17.9],[-62.8,17.9],[-62.8,17.9],[-62.8,17.9]]]}},{"type":"Feature","properties":{"iso3":"PYF","iso2":"PF","name":"Fr. Polynesia","continent":"Oceania","subregion":"Polynesia"},"geometry":{"type":"MultiPolygon","coordinates":[[[[-151.5,-16.7],[-151.5,-16.6],[-151.4,-16.6],[-151.5,-16.7]]],[[[-149.8,-17.5],[-149.8,-17.6],[-149.9,-17.6],[-149.9,-17.5],[-149.8,-17.5]]],[[[-151.4,-16.9],[-151.5,-16.9],[-151.5,-16.7],[-151.4,-16.8],[-151.4,-16.9]]],[[[-149.3,-17.7],[-149.2,-17.7],[-149.2,-17.8],[-149.2,-17.9],[-149.3,-17.8],[-149.3,-17.7],[-149.5,-17.8],[-149.6,-17.7],[-149.6,-17.6],[-149.6,-17.5],[-149.5,-17.5],[-149.4,-17.5],[-149.3,-17.6],[-149.3,-17.7]]],[[[-139,-9.7],[-138.9,-9.7],[-138.8,-9.7],[-138.9,-9.8],[-139,-9.8],[-139.1,-9.8],[-139.2,-9.8],[-139,-9.7]]],[[[-139.1,-9.9],[-139.1,-10],[-139.1,-9.9],[-139.1,-9.9],[-139.1,-9.9],[-139.1,-9.9]]],[[[-138.7,-10.5],[-138.7,-10.4],[-138.6,-10.5],[-138.7,-10.5]]],[[[-140.1,-8.9],[-140.2,-8.9],[-140.3,-8.8],[-140.2,-8.8],[-140.1,-8.8],[-140,-8.9],[-140.1,-8.9]]],[[[-140.1,-9.4],[-140.1,-9.3],[-140,-9.3],[-140.1,-9.4]]],[[[-140.8,-17.9],[-140.9,-17.9],[-140.9,-17.8],[-140.8,-17.8],[-140.7,-17.7],[-140.6,-17.7],[-140.8,-17.8],[-140.8,-17.9]]],[[[-139.6,-8.9],[-139.6,-8.9],[-139.6,-8.9],[-139.6,-8.9],[-139.6,-8.9],[-139.5,-8.9],[-139.5,-8.9],[-139.5,-8.9],[-139.6,-8.9]]],[[[-140.7,-18.4],[-140.8,-18.4],[-140.8,-18.3],[-140.7,-18.4]]],[[[-140.8,-18.2],[-140.9,-18.2],[-141,-18.1],[-140.9,-18.1],[-140.8,-18.2]]],[[[-136.3,-18.5],[-136.3,-18.6],[-136.3,-18.5],[-136.5,-18.5],[-136.3,-18.5]]],[[[-137,-18.3],[-137,-18.4],[-137.1,-18.3],[-137,-18.3]]],[[[-138.5,-20.9],[-138.5,-20.8],[-138.6,-20.8],[-138.5,-20.8],[-138.5,-20.9]]],[[[-142.5,-16.1],[-142.5,-16.1],[-142.5,-16],[-142.5,-16],[-142.5,-16.1]]],[[[-143.4,-16.6],[-143.4,-16.7],[-143.5,-16.6],[-143.6,-16.6],[-143.5,-16.6],[-143.4,-16.6]]],[[[-143.6,-16.6],[-143.6,-16.6],[-143.7,-16.6],[-143.7,-16.6],[-143.6,-16.6],[-143.6,-16.6]]],[[[-145.1,-15.9],[-145.2,-15.8],[-145.1,-15.8],[-145.1,-15.9]]],[[[-145.5,-16.3],[-145.6,-16.2],[-145.6,-16.1],[-145.5,-16.3]]]]}},{"type":"Feature","properties":{"iso3":"NCL","iso2":"NC","name":"New Caledonia","continent":"Oceania","subregion":"Melanesia"},"geometry":{"type":"MultiPolygon","coordinates":[[[[164.2,-20.2],[164.3,-20.3],[164.4,-20.3],[165,-20.7],[165.2,-20.8],[165.7,-21.3],[166.3,-21.6],[166.7,-22],[166.9,-22.1],[167,-22.3],[166.8,-22.4],[166.5,-22.3],[166.2,-22.1],[166.1,-22],[165.3,-21.6],[164.9,-21.3],[164.5,-20.8],[164.2,-20.5],[164.2,-20.3],[164,-20.2],[164.1,-20.1],[164.2,-20.2]]],[[[167.5,-22.6],[167.5,-22.7],[167.4,-22.6],[167.4,-22.5],[167.5,-22.6]]],[[[160,-19.3],[159.9,-19.3],[159.9,-19.2],[160,-19.1],[160,-19.2],[160,-19.3]]],[[[168,-21.4],[168.1,-21.4],[168.1,-21.6],[168,-21.6],[167.9,-21.6],[167.9,-21.5],[167.8,-21.4],[167.9,-21.4],[168,-21.3],[168,-21.4]]],[[[166.5,-20.7],[166.6,-20.6],[166.6,-20.4],[166.7,-20.5],[166.6,-20.5],[166.6,-20.6],[166.6,-20.7],[166.5,-20.7]]],[[[167.4,-21.2],[167.3,-21.2],[167.3,-21.1],[167.1,-21.1],[167.1,-21],[167,-20.9],[167.1,-20.9],[167.2,-20.8],[167.1,-20.8],[167,-20.8],[167.1,-20.7],[167.2,-20.7],[167.3,-20.7],[167.3,-20.9],[167.4,-20.9],[167.4,-21.1],[167.4,-21.2]]]]}},{"type":"Feature","properties":{"iso3":"ATF","iso2":"TF","name":"Fr. S. Antarctic Lands","continent":"Seven seas (open ocean)","subregion":"Seven seas (open ocean)"},"geometry":{"type":"MultiPolygon","coordinates":[[[[69.2,-49.1],[69.3,-49.1],[69.6,-49],[69.6,-49.1],[69.4,-49.1],[69.4,-49.2],[69.5,-49.3],[69.8,-49.2],[70.1,-49.1],[70.2,-49.1],[70.3,-49.1],[70.5,-49.1],[70.6,-49.2],[70.5,-49.3],[70.4,-49.4],[70.2,-49.3],[69.9,-49.3],[69.9,-49.4],[69.8,-49.4],[69.9,-49.5],[70,-49.6],[70.1,-49.6],[70.1,-49.5],[70.2,-49.5],[70.3,-49.6],[70.1,-49.7],[69.9,-49.7],[69.7,-49.6],[69.6,-49.7],[69.2,-49.5],[69.1,-49.7],[69,-49.7],[68.8,-49.7],[68.8,-49.6],[68.9,-49.4],[68.8,-49.2],[68.9,-49.2],[68.8,-49.1],[68.8,-48.8],[69,-48.7],[69.1,-48.7],[69.1,-48.9],[69,-49],[69.1,-49.1],[69.2,-49.1]]],[[[69.3,-49.1],[69.2,-49.1],[69.2,-49],[69.2,-48.9],[69.4,-48.9],[69.4,-49],[69.3,-49],[69.3,-49.1]]],[[[51.8,-46.4],[51.7,-46.4],[51.7,-46.3],[51.8,-46.4]]]]}},{"type":"Feature","properties":{"iso3":"ALA","iso2":"AX","name":"Åland","continent":"Europe","subregion":"Northern Europe"},"geometry":{"type":"MultiPolygon","coordinates":[[[[20,60.4],[20.1,60.4],[20.3,60.3],[20.2,60.2],[20.1,60.2],[20,60.2],[20,60.1],[19.8,60.1],[19.7,60.1],[19.7,60.2],[19.7,60.3],[19.8,60.3],[19.8,60.2],[19.9,60.3],[19.8,60.4],[19.9,60.4],[20,60.4]]],[[[19.7,60.2],[19.6,60.2],[19.6,60.1],[19.5,60.1],[19.5,60.2],[19.6,60.2],[19.7,60.2]]],[[[20.6,60],[20.5,60],[20.4,60],[20.5,60.1],[20.6,60.1],[20.6,60]]]]}},{"type":"Feature","properties":{"iso3":"FIN","iso2":"FI","name":"Finland","continent":"Europe","subregion":"Northern Europe"},"geometry":{"type":"MultiPolygon","coordinates":[[[[24.2,65.8],[23.9,66.1],[23.7,66.3],[23.7,66.5],[23.9,66.6],[24,66.8],[23.6,67.1],[23.6,67.2],[23.8,67.3],[23.7,67.4],[23.5,67.5],[23.5,67.6],[23.5,67.9],[23.6,68],[22.9,68.4],[22,68.5],[20.6,69],[21.1,69],[21.1,69.1],[21.1,69.2],[21.6,69.3],[22.4,68.7],[23.3,68.6],[23.9,68.8],[24.9,68.6],[25.2,68.8],[25.7,69],[25.8,69.3],[26,69.7],[26.5,69.9],[27.1,69.9],[27.9,70.1],[28.4,69.8],[29.1,69.7],[29.3,69.5],[28.8,69.2],[29,69],[28.4,68.9],[28.8,68.8],[28.5,68.5],[28.7,68.2],[29.3,68.1],[30,67.7],[29.9,67.5],[29.1,66.9],[29.9,66.1],[30.1,65.8],[30.1,65.7],[29.7,65.6],[29.8,65.6],[29.6,65.2],[29.8,65.1],[29.6,65],[29.8,64.8],[30.1,64.7],[30,64.5],[30.1,64.4],[30.5,64.2],[30.5,64.1],[30.2,63.8],[30,63.7],[31.2,63.2],[31.5,62.9],[31.2,62.5],[29.3,61.3],[27.8,60.5],[27.5,60.5],[27.2,60.5],[26.5,60.4],[26.6,60.6],[26.4,60.4],[26,60.5],[26,60.3],[25.8,60.3],[25.7,60.3],[24.4,60],[23.5,60],[23,59.8],[23.2,60],[22.9,60.2],[22.8,60.1],[22.5,60],[22.4,60.2],[22.6,60.2],[22.5,60.3],[22.6,60.4],[21.9,60.5],[21.8,60.6],[21.6,60.5],[21.4,60.6],[21.4,61],[21.6,61.5],[21.5,61.6],[21.6,61.6],[21.3,62],[21.3,62.3],[21.2,62.4],[21.1,62.6],[21.5,63],[21.7,63],[21.5,63.2],[22.3,63.3],[22.2,63.4],[22.5,63.6],[23.6,64],[24.6,64.8],[25.3,64.9],[25.2,65],[25.4,65],[25.3,65.1],[25.3,65.5],[24.7,65.7],[24.6,65.8],[24.6,65.9],[24.2,65.8]]],[[[22,60.3],[21.9,60.3],[21.8,60.4],[21.8,60.5],[21.9,60.4],[22,60.4],[21.9,60.4],[22,60.4],[22,60.3]]],[[[21.2,63.2],[21.3,63.2],[21.4,63.3],[21.4,63.2],[21.3,63.2],[21.1,63.2],[21.1,63.3],[21.2,63.3],[21.2,63.2]]],[[[22.2,60.4],[22.3,60.3],[22.4,60.4],[22.4,60.3],[22.3,60.3],[22.3,60.2],[22.4,60.2],[22.3,60.2],[22.2,60.2],[22.1,60.3],[22.1,60.4],[22.2,60.4]]],[[[21.5,60.5],[21.4,60.5],[21.3,60.5],[21.2,60.5],[21.2,60.6],[21.3,60.6],[21.5,60.5]]],[[[21.8,60.1],[21.7,60.1],[21.7,60.2],[21.8,60.2],[21.9,60.2],[21.8,60.1]]],[[[21.6,60.1],[21.5,60.1],[21.6,60.2],[21.6,60.1]]],[[[24.8,65],[24.7,65],[24.6,65],[24.7,65.1],[24.8,65.1],[25,65.1],[25,65],[24.9,65],[24.8,65]]]]}},{"type":"Feature","properties":{"iso3":"FJI","iso2":"FJ","name":"Fiji","continent":"Oceania","subregion":"Melanesia"},"geometry":{"type":"MultiPolygon","coordinates":[[[[180,-16.2],[179.6,-16.5],[179.6,-16.6],[179.6,-16.7],[179.8,-16.5],[179.9,-16.5],[179.9,-16.7],[179.4,-16.8],[179.3,-16.7],[179.2,-16.7],[179,-16.9],[178.9,-16.9],[178.7,-17],[178.6,-16.8],[178.5,-16.8],[178.6,-16.6],[178.7,-16.7],[178.8,-16.6],[179,-16.5],[179.4,-16.4],[179.6,-16.2],[179.8,-16.2],[180,-16.2]]],[[[178.3,-17.4],[178.6,-17.7],[178.7,-18.1],[178.3,-18.1],[178.2,-18.3],[178,-18.3],[177.3,-18.1],[177.3,-17.9],[177.4,-17.7],[177.4,-17.6],[177.5,-17.5],[177.8,-17.4],[178.2,-17.3],[178.3,-17.4]]],[[[-180,-16.9],[-180,-17],[-180,-16.8],[-179.9,-16.7],[-179.8,-16.8],[-179.9,-16.9],[-180,-16.9]]],[[[180,-17],[179.9,-17],[179.9,-16.9],[180,-16.8],[180,-16.9],[180,-17]]],[[[178.5,-19],[178.4,-19],[178.3,-19],[178.2,-19.1],[178,-19.2],[178,-19.1],[178.1,-19.1],[178.2,-19],[178.3,-18.9],[178.4,-19],[178.5,-19]]],[[[-179,-18],[-179.1,-17.9],[-179,-17.9],[-179,-18]]],[[[-178.8,-18.2],[-178.8,-18.3],[-178.8,-18.2],[-178.8,-18.2],[-178.8,-18.2],[-178.8,-18.2],[-178.8,-18.2]]],[[[-178.3,-18],[-178.4,-17.9],[-178.3,-17.9],[-178.3,-18]]],[[[-179,-17.3],[-179,-17.2],[-179,-17.1],[-178.9,-17.2],[-179,-17.3]]],[[[-178.5,-19.2],[-178.6,-19.2],[-178.6,-19.1],[-178.5,-19.2]]],[[[-179.8,-18.9],[-179.8,-19],[-179.9,-19],[-179.9,-18.9],[-179.8,-18.9]]],[[[177.2,-17.1],[177.2,-17.2],[177.2,-17.1],[177.3,-17],[177.3,-17.1],[177.2,-17.1]]],[[[179.4,-17.4],[179.4,-17.4],[179.4,-17.3],[179.4,-17.3],[179.4,-17.3],[179.4,-17.3],[179.4,-17.4]]],[[[179.3,-18.1],[179.3,-18],[179.3,-17.9],[179.4,-18.1],[179.3,-18.1]]],[[[178.8,-17.7],[178.7,-17.7],[178.8,-17.6],[178.9,-17.7],[178.8,-17.7]]],[[[-179.9,-16.5],[-180,-16.5],[-179.9,-16.4],[-179.9,-16.5]]],[[[-180,-16.1],[-180,-16.2],[-180,-16.1],[-179.9,-16.1],[-180,-16.1]]],[[[180,-16.5],[180,-16.5],[180,-16.5],[180,-16.5],[180,-16.5]]],[[[177.1,-12.5],[177.1,-12.5],[177,-12.5],[177,-12.5],[177,-12.5],[177.1,-12.5],[177.1,-12.5],[177.1,-12.5],[177.1,-12.5]]],[[[174.6,-21.7],[174.6,-21.7],[174.6,-21.7],[174.6,-21.7],[174.6,-21.7],[174.6,-21.7],[174.6,-21.7]]],[[[-178.7,-20.7],[-178.7,-20.7],[-178.7,-20.7],[-178.7,-20.7],[-178.7,-20.7],[-178.7,-20.7],[-178.7,-20.6],[-178.7,-20.6],[-178.7,-20.7],[-178.7,-20.7],[-178.7,-20.7]]]]}},{"type":"Feature","properties":{"iso3":"ETH","iso2":"ET","name":"Ethiopia","continent":"Africa","subregion":"Eastern Africa"},"geometry":{"type":"Polygon","coordinates":[[[35.3,5.5],[35,5.9],[34.7,6.7],[34.1,7.2],[33.9,7.5],[33.7,7.7],[33.1,7.8],[33,8],[33.3,8.4],[34,8.4],[34.1,8.6],[34.1,9.5],[34.3,10.2],[34.3,10.5],[34.6,10.9],[34.8,10.7],[34.9,10.9],[35.1,11.8],[35.7,12.6],[36.1,12.7],[36.5,14.3],[37,14.3],[37.3,14.5],[37.6,14.1],[37.9,14.9],[38.4,14.4],[38.8,14.5],[39.1,14.6],[39.2,14.5],[39.5,14.5],[40.1,14.5],[40.8,14.1],[42.4,12.5],[41.8,11.7],[41.8,11],[42.6,11.1],[42.9,11],[42.7,10.6],[42.8,10.2],[43.2,9.9],[43.5,9.4],[44,9],[47,8],[48,8],[44.9,4.9],[44,5],[43.6,4.9],[43.1,4.6],[42.9,4.3],[42,4.1],[41.9,4],[41.1,4],[40.8,4.3],[39.8,3.9],[39.5,3.5],[38.1,3.6],[36.9,4.4],[36,4.5],[35.8,4.8],[35.7,5.3],[35.5,5.4],[35.3,5.4],[35.3,5.5]]]}},{"type":"Feature","properties":{"iso3":"EST","iso2":"EE","name":"Estonia","continent":"Europe","subregion":"Northern Europe"},"geometry":{"type":"MultiPolygon","coordinates":[[[[27.4,57.5],[27,57.6],[26.5,57.5],[26.3,57.6],[26,57.8],[25.3,58],[25.1,58.1],[24.3,57.9],[24.5,58.1],[24.5,58.3],[24.5,58.4],[24.3,58.4],[24.2,58.3],[24.1,58.3],[23.8,58.4],[23.7,58.5],[23.5,58.7],[23.7,58.8],[23.5,58.8],[23.4,58.9],[23.5,59],[23.5,59.1],[23.5,59.2],[23.8,59.3],[24.1,59.3],[24.1,59.4],[24.2,59.4],[24.4,59.5],[25.4,59.5],[25.5,59.6],[26.6,59.6],[27,59.5],[27.9,59.4],[28,59.5],[28.2,59.4],[27.9,59.3],[27.8,59.1],[27.4,58.8],[27.5,58.4],[27.5,58.2],[27.7,57.9],[27.8,57.9],[27.5,57.8],[27.4,57.7],[27.4,57.6],[27.4,57.5]]],[[[22.6,58.6],[23,58.6],[23.3,58.5],[23.1,58.4],[22.7,58.2],[22.4,58.2],[22.3,58.2],[22.2,58],[22,57.9],[22,58],[22.2,58.2],[21.9,58.3],[22,58.4],[21.9,58.5],[22.3,58.5],[22.3,58.6],[22.5,58.6],[22.6,58.6]]],[[[22.9,58.8],[22.8,58.8],[22.7,58.7],[22.5,58.7],[22.5,58.8],[22.4,58.9],[22.3,58.9],[22.2,58.9],[22.1,58.9],[22.5,59],[22.6,59.1],[22.7,59.1],[22.7,59],[22.9,59],[23,58.9],[23,58.8],[22.9,58.8]]],[[[23.3,58.6],[23.3,58.5],[23.1,58.6],[23.1,58.7],[23.2,58.7],[23.3,58.6],[23.4,58.6],[23.3,58.6]]]]}},{"type":"Feature","properties":{"iso3":"ERI","iso2":"ER","name":"Eritrea","continent":"Africa","subregion":"Eastern Africa"},"geometry":{"type":"MultiPolygon","coordinates":[[[[36.5,14.3],[36.4,15.1],[36.9,16.3],[36.9,16.6],[37,17.1],[37.4,17.1],[37.5,17.3],[38.3,17.6],[38.6,18],[39,17.1],[39.3,15.9],[39.8,15.1],[39.9,15.5],[40,15.3],[40.2,15],[41.2,14.6],[41.7,14],[42.2,13.6],[42.4,13.2],[42.5,13.2],[42.8,12.9],[43,12.8],[43,12.9],[43.1,12.7],[42.9,12.6],[42.7,12.4],[42.5,12.5],[42.4,12.5],[40.8,14.1],[40.1,14.5],[39.5,14.5],[39.2,14.5],[39,14.6],[38.8,14.5],[38.4,14.4],[37.9,14.9],[37.6,14.1],[37.3,14.5],[37,14.3],[36.5,14.3]]],[[[40.1,16.1],[40.1,16],[40,16],[40,16.1],[40.1,16.1]]],[[[40.1,15.7],[40.2,15.6],[40.2,15.7],[40.3,15.7],[40.4,15.6],[40.3,15.6],[40.2,15.6],[40.1,15.6],[40,15.6],[39.9,15.7],[40,15.7],[40.1,15.7],[40,15.7],[39.9,15.7],[39.9,15.8],[40,15.8],[40,15.9],[40.1,15.8],[40.1,15.7]]]]}},{"type":"Feature","properties":{"iso3":"GNQ","iso2":"GQ","name":"Eq. Guinea","continent":"Africa","subregion":"Middle Africa"},"geometry":{"type":"MultiPolygon","coordinates":[[[[8.7,3.8],[8.9,3.8],[9,3.7],[8.9,3.6],[8.8,3.4],[8.8,3.3],[8.7,3.2],[8.5,3.3],[8.4,3.3],[8.5,3.5],[8.6,3.5],[8.6,3.6],[8.6,3.7],[8.7,3.7],[8.7,3.8]]],[[[11.3,2.2],[11.3,1],[10,1],[9.9,1],[9.8,1],[9.8,1.1],[9.6,1],[9.5,1.1],[9.4,1.1],[9.5,1.4],[9.6,1.6],[9.8,1.9],[9.8,2.3],[9.9,2.2],[10,2.2],[11.1,2.2],[11.3,2.2]]]]}},{"type":"Feature","properties":{"iso3":"SLV","iso2":"SV","name":"El Salvador","continent":"North America","subregion":"Central America"},"geometry":{"type":"Polygon","coordinates":[[[-89.4,14.4],[-89.1,14.4],[-88.7,14],[-88.5,14],[-88.5,13.9],[-88.2,14],[-88,13.9],[-87.8,13.9],[-87.7,13.8],[-87.8,13.5],[-87.7,13.5],[-87.8,13.4],[-87.8,13.3],[-87.9,13.2],[-88.2,13.2],[-88.7,13.3],[-88.5,13.2],[-88.9,13.3],[-89.3,13.5],[-89.8,13.6],[-90.1,13.7],[-90.1,13.8],[-90,13.9],[-89.5,14.2],[-89.6,14.4],[-89.4,14.4]]]}},{"type":"Feature","properties":{"iso3":"EGY","iso2":"EG","name":"Egypt","continent":"Africa","subregion":"Northern Africa"},"geometry":{"type":"Polygon","coordinates":[[[36.9,22],[31.4,22],[31.5,22.1],[31.4,22.2],[31.2,22],[25,22],[25,29.2],[24.7,30.2],[25,30.7],[24.9,31.3],[25.2,31.7],[25.2,31.5],[25.4,31.5],[25.9,31.6],[27.2,31.4],[27.5,31.2],[28.5,31.1],[29.1,30.8],[29.4,30.9],[29.9,31.2],[30.2,31.3],[30.4,31.5],[30.9,31.6],[30.6,31.4],[31,31.5],[31.1,31.6],[31.5,31.5],[31.9,31.5],[32.1,31.3],[31.9,31.5],[31.8,31.3],[32,31.2],[32.1,31.1],[32.3,31.2],[32.2,31.3],[32.6,31.1],[33.1,31.2],[33.2,31.1],[33.7,31.1],[34.2,31.3],[34.9,29.5],[34.7,29.3],[34.4,28],[34.2,27.8],[33.8,28],[33.2,28.6],[33.1,29],[32.7,29.5],[32.6,30],[32.4,29.6],[32.6,29.3],[32.6,29],[32.9,28.6],[33.5,27.9],[33.5,27.6],[33.8,27.2],[34,26.6],[35.2,24.5],[35.8,23.9],[35.5,23.9],[35.5,23.8],[35.7,22.9],[35.9,22.7],[36.2,22.6],[36.9,22]]]}},{"type":"Feature","properties":{"iso3":"ECU","iso2":"EC","name":"Ecuador","continent":"South America","subregion":"South America"},"geometry":{"type":"MultiPolygon","coordinates":[[[[-75.3,-0.1],[-75.6,-0.1],[-75.3,-0.6],[-75.2,-1],[-75.4,-0.9],[-75.6,-1.5],[-76.1,-2.1],[-76.7,-2.6],[-77.9,-3],[-78.2,-3.4],[-78.2,-3.5],[-78.3,-3.4],[-78.7,-4.3],[-78.7,-4.6],[-78.9,-4.7],[-79,-5],[-79.3,-4.9],[-79.6,-4.5],[-79.8,-4.5],[-80.1,-4.3],[-80.4,-4.5],[-80.5,-4.4],[-80.4,-4.2],[-80.5,-4.2],[-80.5,-4],[-80.3,-4],[-80.2,-3.9],[-80.3,-3.4],[-80,-3.2],[-79.7,-2.6],[-79.8,-2.1],[-79.9,-2.5],[-80,-2.6],[-80,-2.4],[-80.3,-2.7],[-80.9,-2.3],[-81,-2.2],[-80.8,-2.1],[-80.8,-1.9],[-80.9,-1.1],[-80.6,-0.8],[-80.5,-0.6],[-80.3,-0.6],[-80.5,-0.4],[-80,0.2],[-80,0.8],[-78.9,1.2],[-78.9,1.5],[-78.2,1],[-77.7,0.8],[-77.5,0.6],[-77.4,0.4],[-76.5,0.2],[-76.3,0.4],[-75.5,0],[-75.3,-0.1]]],[[[-80.1,-3],[-80.2,-3],[-80.3,-3],[-80.2,-2.8],[-80.1,-2.7],[-80,-2.7],[-79.9,-2.7],[-80,-2.8],[-80.1,-2.8],[-80.1,-3]]],[[[-78.9,1.3],[-79,1.2],[-79,1.3],[-78.9,1.4],[-78.9,1.3]]],[[[-90.3,-0.8],[-90.4,-0.8],[-90.5,-0.7],[-90.5,-0.6],[-90.5,-0.5],[-90.3,-0.5],[-90.2,-0.5],[-90.2,-0.7],[-90.3,-0.7],[-90.3,-0.8]]],[[[-89.4,-0.9],[-89.5,-1],[-89.6,-0.9],[-89.5,-0.8],[-89.4,-0.7],[-89.3,-0.7],[-89.3,-0.8],[-89.4,-0.8],[-89.4,-0.9]]],[[[-91.4,-0.5],[-91.5,-0.5],[-91.6,-0.4],[-91.6,-0.3],[-91.5,-0.3],[-91.4,-0.3],[-91.4,-0.4],[-91.4,-0.5]]],[[[-90.4,-1.3],[-90.5,-1.3],[-90.5,-1.2],[-90.4,-1.3]]],[[[-91.3,0],[-91.2,0],[-91.2,-0.2],[-91,-0.4],[-91,-0.6],[-90.8,-0.8],[-90.9,-0.9],[-91.1,-1],[-91.4,-1],[-91.5,-0.9],[-91.3,-0.7],[-91.1,-0.6],[-91.2,-0.4],[-91.4,-0.3],[-91.4,0],[-91.5,0],[-91.6,0],[-91.5,0.1],[-91.4,0.1],[-91.3,0.1],[-91.3,0]]],[[[-90.6,-0.3],[-90.6,-0.4],[-90.8,-0.3],[-90.9,-0.3],[-90.8,-0.2],[-90.7,-0.2],[-90.6,-0.3]]]]}},{"type":"Feature","properties":{"iso3":"DOM","iso2":"DO","name":"Dominican Rep.","continent":"North America","subregion":"Caribbean"},"geometry":{"type":"Polygon","coordinates":[[[-71.8,18],[-71.8,18.3],[-71.9,18.4],[-72,18.6],[-71.9,18.6],[-71.7,18.7],[-71.7,18.9],[-71.8,19],[-71.6,19.2],[-71.7,19.3],[-71.7,19.5],[-71.8,19.7],[-71.7,19.8],[-71.6,19.9],[-71.2,19.8],[-71,19.9],[-70.6,19.8],[-70.4,19.8],[-70.2,19.6],[-70,19.7],[-69.8,19.4],[-69.7,19.3],[-69.3,19.3],[-69.2,19.3],[-69.3,19.2],[-69.6,19.2],[-69.6,19.1],[-68.9,19],[-68.7,18.9],[-68.3,18.6],[-68.4,18.4],[-68.7,18.2],[-68.9,18.4],[-69.3,18.4],[-69.8,18.4],[-70,18.4],[-70.2,18.3],[-70.5,18.2],[-70.6,18.3],[-71,18.3],[-71.1,18.2],[-71.1,18.1],[-71.4,17.6],[-71.6,17.8],[-71.7,18],[-71.8,18]]]}},{"type":"Feature","properties":{"iso3":"DMA","iso2":"DM","name":"Dominica","continent":"North America","subregion":"Caribbean"},"geometry":{"type":"Polygon","coordinates":[[[-61.3,15.2],[-61.4,15.2],[-61.4,15.4],[-61.5,15.5],[-61.5,15.6],[-61.3,15.6],[-61.3,15.5],[-61.3,15.4],[-61.3,15.2]]]}},{"type":"Feature","properties":{"iso3":"DJI","iso2":"DJ","name":"Djibouti","continent":"Africa","subregion":"Eastern Africa"},"geometry":{"type":"Polygon","coordinates":[[[43.2,11.5],[42.9,11],[42.6,11.1],[42,10.9],[41.8,11],[41.8,11.4],[41.8,11.7],[42.5,12.5],[42.7,12.4],[42.9,12.6],[43.1,12.7],[43.4,12.4],[43.4,12.2],[43.4,12.1],[43,11.8],[42.8,11.7],[42.6,11.6],[42.5,11.6],[42.6,11.5],[42.9,11.6],[43.2,11.6],[43.2,11.5]]]}},{"type":"Feature","properties":{"iso3":"GRL","iso2":"GL","name":"Greenland","continent":"North America","subregion":"Northern America"},"geometry":{"type":"MultiPolygon","coordinates":[[[[-30,83.6],[-25.8,83.3],[-32,83],[-25.1,83.2],[-24.5,82.9],[-21.5,82.6],[-23.1,82.3],[-29.9,82.1],[-25.1,82],[-24.3,81.7],[-22.9,82],[-21.3,82.1],[-21.1,81.9],[-21.1,81.7],[-21.5,81.4],[-23.1,80.9],[-23.1,80.8],[-19.6,81.6],[-17.5,81.4],[-16.1,81.8],[-14.2,81.8],[-11.4,81.5],[-14.5,81],[-14.2,80.9],[-14.5,80.8],[-16.8,80.6],[-15.9,80.4],[-16.5,80.3],[-19.4,80.3],[-20.2,80],[-20.1,79.8],[-19.4,79.7],[-19.4,79.3],[-19,79.2],[-21.1,78.7],[-21,78.6],[-21.7,77.7],[-20.9,77.9],[-19.5,77.7],[-19.3,77.6],[-20.7,77.6],[-20.2,77.4],[-18.4,77.3],[-18.3,76.9],[-18.6,76.8],[-20.5,76.9],[-22.6,76.7],[-21.9,76.6],[-21.5,76.3],[-19.9,76.1],[-20,76],[-19.5,75.8],[-19.4,75.5],[-19.5,75.2],[-20.5,75.3],[-21.6,75],[-22.2,75.1],[-21.7,75],[-21,75.1],[-20.8,74.8],[-21,74.7],[-20.9,74.6],[-20.4,75],[-20,75],[-19.3,74.5],[-19.3,74.3],[-21.1,74.1],[-22,74.2],[-21.8,74.5],[-22,74.6],[-22,74.4],[-22.3,74.3],[-22.2,74.2],[-22.3,74.1],[-22.1,74],[-20.4,73.8],[-20.6,73.5],[-22.3,73.3],[-24.2,73.8],[-24.7,73.6],[-25.5,73.9],[-24.8,73.5],[-26.1,73.3],[-27.3,73.4],[-26.5,73.2],[-27.6,73.1],[-24.1,73.4],[-22,72.9],[-22.1,72.4],[-22.3,72.3],[-22.3,72.1],[-24.1,72.5],[-24.6,73],[-26.7,72.7],[-24.8,72.9],[-24.7,72.5],[-25.2,72.4],[-24.6,72.4],[-22,71.7],[-22.5,71.4],[-22.4,71.2],[-22.3,71.4],[-21.8,71.5],[-21.5,70.5],[-22.4,70.5],[-22.4,70.9],[-22.7,70.4],[-23.3,70.5],[-24,70.6],[-24.6,71.2],[-25.9,71.6],[-27.1,71.6],[-25.8,71.5],[-25.7,71.3],[-26.7,71],[-28.4,71],[-28,70.8],[-29.1,70.4],[-26.5,70.4],[-27.6,70],[-27.4,70],[-27,70.2],[-25.5,70.4],[-22.2,70.1],[-23,69.8],[-23.9,69.7],[-23.7,69.6],[-24.3,69.6],[-24.3,69.4],[-25.2,69.3],[-25.1,69.2],[-26.5,68.7],[-30.7,68.3],[-30.6,68.1],[-31,68.1],[-32.3,68.4],[-32.2,68],[-33.1,67.7],[-34.6,66.4],[-35.2,66.3],[-35.9,66.4],[-35.6,66.1],[-37.8,65.6],[-38,65.7],[-37.3,66.3],[-38.2,66.4],[-37.8,66.3],[-38.1,65.9],[-38.5,66],[-38.2,65.7],[-40.2,65.6],[-39.6,65.3],[-40.3,65],[-41.1,65],[-41,64.9],[-40.7,64.9],[-40.2,64.5],[-40.8,64.2],[-41.6,64.3],[-40.6,64.1],[-40.6,63.7],[-41,63.5],[-41.4,63.1],[-42.2,63.2],[-41.6,63],[-41.9,62.7],[-42.9,62.7],[-42.2,62.6],[-42.3,62.2],[-42.1,61.9],[-42.6,61.7],[-42.3,61.7],[-42.7,60.8],[-43,60.5],[-43.9,60.6],[-43.2,60.4],[-43.1,60.1],[-43.3,59.9],[-44,60],[-43.7,59.9],[-43.9,59.8],[-44.4,59.9],[-44.2,60.3],[-44.6,60],[-45.4,60.2],[-45.4,60.4],[-44.8,60.7],[-45.4,60.4],[-46,60.6],[-46.1,60.8],[-45.9,61.2],[-46.9,60.8],[-48.2,60.8],[-47.8,61],[-48.4,61],[-48.4,61.2],[-48.9,61.3],[-49.3,61.6],[-49.4,61.9],[-48.8,62.1],[-49.6,62],[-49.6,62.2],[-50.3,62.5],[-50.3,62.7],[-49.8,63],[-50.4,62.8],[-51.5,63.6],[-51.5,64],[-50.3,64.2],[-51.7,64.2],[-51.2,64.6],[-50.7,64.7],[-50,64.4],[-50.1,64.7],[-50.5,64.8],[-51,65.2],[-50.7,64.8],[-51.2,64.6],[-51.3,64.8],[-51.9,64.2],[-52.3,65.2],[-52.5,65.3],[-51.1,65.8],[-52.6,65.5],[-53.2,65.6],[-53.1,66],[-53.4,66],[-51.2,66.9],[-53,66.2],[-53.6,66.2],[-53.4,66.6],[-52.4,66.9],[-53.7,67],[-53.9,67.1],[-53.8,67.4],[-52.5,67.8],[-50.6,67.5],[-51.2,67.7],[-51,67.8],[-52.3,67.8],[-53.7,67.5],[-53.2,68.2],[-51.6,68.1],[-51.2,68.4],[-52.2,68.2],[-53.4,68.3],[-53,68.6],[-51.1,68.6],[-50.8,68.8],[-51.2,68.7],[-51.1,69.1],[-50.3,69.2],[-51.1,69.2],[-50.8,69.7],[-50.3,69.8],[-50.5,69.9],[-50.3,70],[-52.3,70.1],[-54,70.4],[-54.5,70.7],[-52.8,70.8],[-50.7,70.4],[-51.3,70.6],[-51.3,70.9],[-51.8,71],[-51,71],[-53.1,71.3],[-51.8,71.7],[-53.4,71.6],[-53.1,71.8],[-53.3,71.8],[-53.8,72.3],[-53.7,72.4],[-53.9,72.3],[-53.5,71.9],[-54,71.7],[-54,71.5],[-54.7,71.4],[-55.6,71.6],[-55.7,71.7],[-55.3,72.1],[-54.8,72.4],[-55.6,72.2],[-55.6,72.3],[-55.3,72.4],[-55.6,72.5],[-54.9,72.6],[-54.7,72.9],[-55.7,73],[-55.3,73.3],[-56.1,73.6],[-55.8,73.8],[-56.2,74.1],[-57.2,74.1],[-56.3,74.5],[-58.6,75.4],[-58.2,75.5],[-58.5,75.7],[-63.3,76.4],[-65.4,76.1],[-67.1,76.2],[-66.7,76],[-66.8,76],[-68.3,76.1],[-69.5,76.4],[-68.1,76.7],[-69.9,76.8],[-69.7,77],[-70.6,76.8],[-71.2,77.1],[-68.1,77.4],[-66.4,77.3],[-66.3,77.5],[-66.8,77.7],[-69.4,77.5],[-70.6,77.7],[-70.1,77.8],[-71.3,77.8],[-72.8,78.2],[-72.5,78.5],[-71.7,78.6],[-65.8,79.2],[-65.3,79.4],[-64.8,80],[-64.2,80.1],[-66.8,80.1],[-67.2,80.3],[-64.5,81],[-63.1,80.9],[-63.2,81.1],[-63,81.2],[-61.4,81.1],[-61.1,81.4],[-61.2,81.7],[-60.4,81.9],[-59.3,81.9],[-56.6,81.4],[-59.3,82],[-54.5,82.4],[-53.7,82.2],[-53.6,81.7],[-53,81.9],[-53,82.3],[-50.9,81.9],[-49.5,81.9],[-51,82.5],[-50,82.5],[-44.7,81.8],[-44.5,81.8],[-44.6,82.1],[-44.2,82.4],[-44.3,82.5],[-45.6,82.7],[-41.4,82.8],[-46.5,83],[-43,83.3],[-41.3,83.1],[-40.4,83.3],[-38.2,83],[-37.9,83.2],[-38.7,83.4],[-30.7,83.6],[-30,83.6]]],[[[-52.7,69.9],[-52,69.8],[-52,69.7],[-51.9,69.6],[-52.1,69.5],[-52.8,69.4],[-53.8,69.3],[-54.2,69.4],[-53.7,69.5],[-53.8,69.5],[-54.7,69.6],[-54.9,69.7],[-54.8,69.9],[-54.3,69.9],[-54.8,70.1],[-54.8,70.2],[-54.7,70.3],[-54.4,70.3],[-54,70.3],[-53.4,70.2],[-53.1,70.1],[-52.7,69.9]]],[[[-51,69.6],[-51.2,69.5],[-51.2,69.6],[-51.3,69.7],[-51.3,69.8],[-51.4,69.9],[-51.2,69.9],[-51.1,69.9],[-50.9,69.9],[-50.7,69.8],[-50.8,69.8],[-50.9,69.8],[-51,69.7],[-51,69.6]]],[[[-53.5,71],[-53.6,71],[-53.9,71.1],[-54,71.1],[-53.9,71.2],[-53.7,71.3],[-53.6,71.3],[-53.4,71.2],[-53.4,71.1],[-53.5,71.1],[-53.5,71]]],[[[-55,72.8],[-55.6,72.6],[-55.9,72.7],[-56.1,72.7],[-56.2,72.7],[-56,72.8],[-55,72.8]]],[[[-71.7,77.3],[-72,77.3],[-72.5,77.4],[-72.4,77.4],[-72.1,77.5],[-71.4,77.4],[-71.5,77.4],[-71.7,77.3]]],[[[-44.9,82.1],[-45.1,82.1],[-45.5,82.2],[-46.8,82.3],[-47.3,82.5],[-47.4,82.6],[-47.3,82.7],[-46.4,82.7],[-45.4,82.6],[-44.9,82.5],[-44.7,82.4],[-44.8,82.2],[-44.9,82.1]]],[[[-25.4,70.9],[-25.4,70.8],[-25.5,70.8],[-25.3,70.7],[-25.4,70.7],[-25.9,70.6],[-26.2,70.5],[-26.6,70.6],[-27.9,70.5],[-28,70.5],[-27.9,70.6],[-27.7,70.7],[-27.7,70.8],[-27.7,70.9],[-27.6,70.9],[-27.2,70.9],[-26.6,70.9],[-25.8,71],[-25.5,70.9],[-25.4,70.9]]],[[[-18.7,81.8],[-18.8,81.8],[-19,81.8],[-19.6,82],[-19.6,82.1],[-19.5,82.1],[-19.3,82.1],[-19.1,82],[-18.8,81.9],[-18.7,81.8]]],[[[-17.6,79.8],[-18,79.7],[-18.7,79.7],[-19,79.8],[-19.1,79.9],[-19,79.9],[-18,80.1],[-17.5,80],[-17.4,79.9],[-17.6,79.8]]],[[[-19,78],[-19.1,77.9],[-19.2,78],[-19.3,78.2],[-19.3,78.3],[-19.1,78.4],[-19,78.4],[-18.9,78.4],[-19,78.4],[-19,78.2],[-18.9,78.1],[-19,78]]],[[[-18.6,76],[-18.7,76],[-19.1,76.4],[-19.1,76.6],[-19.1,76.7],[-18.9,76.7],[-18.7,76.6],[-18.7,76.4],[-18.6,76]]],[[[-18,75.4],[-17.9,75.2],[-17.8,75.1],[-17.5,75.2],[-17.4,75],[-17.6,75],[-18.7,75],[-18.9,75.1],[-18.9,75.3],[-18.6,75.4],[-18.5,75.3],[-18.2,75.4],[-18,75.4]]],[[[-18,77.6],[-18.1,77.6],[-18.2,77.7],[-17.9,77.9],[-17.8,77.9],[-17.7,77.9],[-17.6,77.8],[-17.7,77.7],[-18,77.6]]],[[[-37,65.5],[-37.2,65.5],[-37.2,65.6],[-37.2,65.7],[-37,65.7],[-37,65.6],[-37,65.5]]],[[[-46.3,60.8],[-46.4,60.7],[-46.5,60.7],[-46.6,60.7],[-46.7,60.8],[-46.8,60.8],[-46.4,60.9],[-46.2,60.9],[-46.3,60.8]]],[[[-51.7,70.9],[-52.1,70.9],[-52.1,71],[-52,71],[-51.6,70.9],[-51.7,70.9]]]]}},{"type":"Feature","properties":{"iso3":"FRO","iso2":"FO","name":"Faeroe Is.","continent":"Europe","subregion":"Northern Europe"},"geometry":{"type":"MultiPolygon","coordinates":[[[[-6.6,61.8],[-6.7,61.8],[-6.8,61.8],[-6.9,61.9],[-6.8,61.9],[-6.7,61.9],[-6.6,61.8]]],[[[-6.7,61.4],[-6.8,61.5],[-6.9,61.5],[-6.9,61.6],[-6.7,61.6],[-6.7,61.5],[-6.7,61.4]]],[[[-7.2,62.1],[-7.1,62.1],[-7.1,62],[-7.3,62],[-7.4,62.1],[-7.2,62.2],[-7.2,62.1]]],[[[-6.6,62.2],[-6.7,62.1],[-6.8,62.1],[-6.7,62],[-6.8,62],[-7,62.1],[-7.2,62.3],[-7,62.3],[-6.8,62.3],[-6.6,62.2]]],[[[-6.4,62.3],[-6.5,62.2],[-6.6,62.2],[-6.6,62.4],[-6.5,62.3],[-6.4,62.3]]]]}},{"type":"Feature","properties":{"iso3":"DNK","iso2":"DK","name":"Denmark","continent":"Europe","subregion":"Northern Europe"},"geometry":{"type":"MultiPolygon","coordinates":[[[[12.6,55.8],[12.5,55.7],[12.3,55.6],[12.2,55.5],[12.4,55.4],[12.4,55.3],[12.1,55.2],[12.1,54.8],[11.9,54.8],[11.7,54.9],[11.7,55.2],[11.3,55.2],[11.2,55.3],[11.2,55.5],[11.1,55.6],[11,55.6],[11,55.7],[11.3,55.8],[11.5,55.9],[11.6,56],[11.7,55.9],[11.7,55.7],[11.8,55.7],[11.9,55.9],[11.9,56],[12.2,56.1],[12.6,56.1],[12.6,56],[12.5,55.9],[12.6,55.8]]],[[[9.7,54.8],[9.6,54.9],[9.3,54.8],[8.9,54.9],[8.7,54.9],[8.6,55.1],[8.7,55.2],[8.6,55.4],[8.1,55.6],[8.2,56],[8.1,56.1],[8.2,56.6],[8.6,56.6],[8.7,56.5],[8.7,56.6],[8.9,56.7],[9.1,56.8],[9.2,56.7],[9.3,57],[9.1,57],[9,57],[8.8,56.7],[8.5,56.7],[8.3,56.8],[8.6,57.1],[9.4,57.2],[10,57.6],[10.3,57.6],[10.6,57.7],[10.5,57.6],[10.4,57.6],[10.5,57.4],[10.5,57.2],[10.3,57],[10.3,56.6],[10.5,56.5],[10.8,56.5],[10.9,56.4],[10.9,56.3],[10.8,56.2],[10.5,56.2],[10.4,56.3],[10.3,56.2],[10.2,55.9],[9.9,55.8],[10,55.8],[9.6,55.5],[9.7,55.3],[9.5,55],[9.6,55],[9.7,55],[9.7,54.9],[9.7,54.8]]],[[[10.6,55.6],[10.8,55.3],[10.8,55.2],[10.8,55.1],[10.6,55.1],[10.4,55],[10,55.2],[9.9,55.2],[9.9,55.4],[9.9,55.5],[10.3,55.6],[10.4,55.6],[10.5,55.6],[10.6,55.6]]],[[[11.4,54.9],[11.5,54.8],[11.7,54.8],[11.8,54.8],[11.8,54.7],[11.7,54.7],[11.6,54.7],[11.5,54.6],[11,54.8],[11,54.9],[11.1,54.9],[11.3,55],[11.4,54.9]]],[[[10.7,54.8],[10.7,54.7],[10.6,54.9],[10.9,55.1],[10.9,55.2],[11,55.2],[10.9,55.1],[10.8,54.8],[10.7,54.8]]],[[[12.5,55],[12.4,55],[12.2,54.9],[12.1,54.9],[12.2,55],[12.3,55],[12.3,55.1],[12.3,55],[12.4,55],[12.5,55]]],[[[12.7,55.6],[12.6,55.6],[12.5,55.6],[12.6,55.7],[12.6,55.6],[12.7,55.6]]],[[[10.5,54.8],[10.4,54.8],[10.3,54.9],[10.2,55],[10.5,54.9],[10.5,54.8]]],[[[10.1,54.9],[10,54.9],[9.9,54.9],[9.8,54.9],[9.8,55.1],[10,55],[10.1,54.9]]],[[[10.6,55.8],[10.5,55.8],[10.5,55.9],[10.5,56],[10.7,55.9],[10.6,55.8]]],[[[11.1,57.3],[11,57.2],[10.9,57.3],[11.1,57.3],[11.2,57.3],[11.1,57.3]]],[[[15.1,55],[14.9,55],[14.7,55.1],[14.7,55.2],[14.8,55.3],[15.1,55.1],[15.1,55]]]]}},{"type":"Feature","properties":{"iso3":"CZE","iso2":"CZ","name":"Czechia","continent":"Europe","subregion":"Eastern Europe"},"geometry":{"type":"Polygon","coordinates":[[[18.8,49.5],[18.6,49.5],[18.2,49.3],[18.1,49.1],[17.8,48.9],[17.1,48.8],[17,48.6],[16.9,48.7],[16.5,48.8],[16.1,48.8],[15,49],[14.9,48.8],[14.8,48.7],[14.7,48.6],[14.2,48.6],[12.7,49.4],[12.4,49.7],[12.5,49.9],[12.2,50.1],[12.1,50.3],[12.3,50.2],[12.5,50.4],[12.9,50.4],[13.6,50.7],[14.4,50.9],[14.3,51],[14.5,51],[14.7,50.8],[15,50.9],[15,51],[16,50.6],[16.4,50.6],[16.4,50.5],[16.2,50.4],[16.6,50.1],[17,50.2],[16.9,50.4],[17.4,50.3],[17.7,50.3],[17.6,50.1],[17.9,50],[18,50],[18.5,49.9],[18.8,49.5]]]}},{"type":"Feature","properties":{"iso3":"CYN","iso2":"","name":"N. Cyprus","continent":"Asia","subregion":"Western Asia"},"geometry":{"type":"Polygon","coordinates":[[[34,35.1],[33.9,35.1],[33.5,35],[33.5,35.1],[33.4,35.2],[33.2,35.2],[32.9,35.1],[32.7,35.2],[32.9,35.2],[32.9,35.4],[33.6,35.4],[34.6,35.7],[33.9,35.3],[33.9,35.1],[34,35.1]]]}},{"type":"Feature","properties":{"iso3":"CYP","iso2":"CY","name":"Cyprus","continent":"Asia","subregion":"Western Asia"},"geometry":{"type":"Polygon","coordinates":[[[32.7,35.2],[32.9,35.1],[33.2,35.2],[33.4,35.2],[33.5,35.1],[33.5,35],[33.9,35.1],[34,35.1],[34.1,35],[33.7,35],[33.4,34.8],[33.1,34.7],[33,34.6],[32.9,34.6],[32.9,34.7],[32.7,34.6],[32.4,34.7],[32.3,35],[32.3,35.1],[32.4,35],[32.7,35.2]]]}},{"type":"Feature","properties":{"iso3":"CUB","iso2":"CU","name":"Cuba","continent":"North America","subregion":"Caribbean"},"geometry":{"type":"MultiPolygon","coordinates":[[[[-81.8,23.2],[-81.3,23.2],[-81.1,23.1],[-80.7,23.1],[-80.4,22.9],[-79.8,22.9],[-79.9,22.8],[-79.3,22.4],[-78.7,22.4],[-77.6,21.8],[-77.5,21.8],[-77.6,21.9],[-77.5,21.9],[-77.1,21.6],[-77.4,21.6],[-77.3,21.5],[-77.1,21.6],[-76.8,21.4],[-76.9,21.3],[-75.7,21.1],[-75.6,21],[-75.7,20.9],[-75.6,20.8],[-75.7,20.8],[-75.7,20.7],[-74.9,20.7],[-74.5,20.4],[-74.2,20.3],[-74.2,20.2],[-75.1,19.9],[-75.2,20],[-75.3,19.9],[-76.2,20],[-77.7,19.9],[-77.6,20.1],[-77.1,20.4],[-77.2,20.6],[-78.1,20.8],[-78.5,21.1],[-78.6,21.4],[-78.7,21.6],[-79.4,21.6],[-80.2,21.9],[-80.5,22.1],[-81,22.1],[-81.2,22.3],[-81.3,22.1],[-81.8,22.2],[-82.1,22.4],[-81.7,22.5],[-81.7,22.6],[-81.8,22.7],[-82.7,22.7],[-83.4,22.2],[-83.9,22.2],[-84,21.9],[-84.5,21.8],[-84.5,21.9],[-84.9,21.9],[-84.3,22.1],[-84.4,22.4],[-84,22.7],[-83.3,23],[-82.1,23.2],[-81.8,23.2]]],[[[-77.7,22],[-77.7,21.9],[-77.8,22],[-77.9,22],[-77.9,22.1],[-77.8,22.1],[-77.6,22.1],[-77.6,22],[-77.7,22]]],[[[-78,22.3],[-78.1,22.3],[-78.2,22.3],[-78.2,22.4],[-78.3,22.4],[-78.2,22.4],[-78.1,22.4],[-78.1,22.3],[-78,22.3]]],[[[-78.6,22.6],[-78.5,22.5],[-78.4,22.5],[-78.3,22.5],[-78.4,22.4],[-78.4,22.5],[-78.5,22.5],[-78.7,22.5],[-78.6,22.6]]],[[[-77.9,22.1],[-78,22.2],[-78,22.3],[-78,22.2],[-77.9,22.2],[-77.8,22.1],[-77.9,22.1]]],[[[-82.6,21.6],[-82.7,21.5],[-82.9,21.4],[-83,21.4],[-83.1,21.5],[-83.2,21.6],[-83.1,21.5],[-83,21.6],[-83.1,21.8],[-83,21.9],[-82.8,21.9],[-82.7,21.9],[-82.7,21.8],[-82.6,21.8],[-82.6,21.6]]],[[[-79.3,22.7],[-79.3,22.6],[-79.5,22.7],[-79.6,22.8],[-79.4,22.7],[-79.3,22.7]]]]}},{"type":"Feature","properties":{"iso3":"HRV","iso2":"HR","name":"Croatia","continent":"Europe","subregion":"Southern Europe"},"geometry":{"type":"MultiPolygon","coordinates":[[[[13.6,45.5],[13.9,45.4],[14,45.5],[14.4,45.5],[14.6,45.7],[14.8,45.5],[15.3,45.5],[15.3,45.7],[15.7,45.9],[15.6,46.2],[16.2,46.4],[16.3,46.5],[16.7,46.4],[17.3,46],[17.8,45.8],[18.4,45.8],[18.9,45.9],[18.8,45.8],[18.9,45.6],[19.1,45.5],[19,45.4],[19.4,45.2],[19.1,45.2],[19.1,45.1],[19.1,44.9],[18.9,44.9],[18.7,45.1],[18,45.1],[17.8,45.1],[16.9,45.3],[16.5,45.2],[16.3,45],[16,45.2],[15.8,45.2],[15.7,44.8],[16.1,44.5],[16.3,44.1],[17.3,43.4],[17.3,43.3],[17.7,43],[17.6,42.9],[16.9,43.4],[16.4,43.5],[16,43.5],[15.9,43.7],[15.2,44.2],[15.1,44.3],[15.5,44.3],[15,44.6],[14.9,45.1],[14.6,45.3],[14.3,45.3],[13.9,44.8],[13.6,45.1],[13.5,45.5],[13.6,45.5]]],[[[16.7,43],[16.8,43],[17,43],[17.1,43],[17.2,42.9],[17,42.9],[16.9,42.9],[16.7,42.9],[16.7,43]]],[[[17.2,43.1],[16.7,43.1],[16.5,43.1],[16.4,43.2],[16.5,43.2],[16.7,43.2],[17.1,43.1],[17.2,43.1]]],[[[16.8,43.3],[16.6,43.3],[16.5,43.3],[16.4,43.3],[16.4,43.4],[16.6,43.4],[16.8,43.4],[16.9,43.3],[16.8,43.3]]],[[[15.2,44.1],[15.2,44],[15.1,44.1],[15.1,44.2],[15.2,44.1]]],[[[14.8,45],[14.7,45],[14.6,45],[14.5,45],[14.4,45.1],[14.5,45.1],[14.6,45.2],[14.7,45.1],[14.8,45]]],[[[14.8,44.8],[14.9,44.7],[14.8,44.8],[14.7,44.8],[14.8,44.8]]],[[[15.2,44.3],[14.9,44.5],[14.7,44.7],[15,44.5],[15.1,44.4],[15.2,44.4],[15.2,44.3]]],[[[15.2,43.9],[15.1,43.9],[14.9,44.1],[14.9,44.2],[15,44.1],[15.2,43.9]]],[[[15.4,44],[15.4,43.9],[15.3,44],[15.4,44]]],[[[14.5,44.7],[14.5,44.6],[14.4,44.7],[14.3,44.9],[14.3,45],[14.3,45.1],[14.3,45.2],[14.4,45.2],[14.4,45.1],[14.4,45],[14.5,45],[14.5,44.9],[14.5,44.7]]],[[[17.6,42.8],[17.7,42.7],[17.3,42.8],[17.4,42.8],[17.6,42.8]]],[[[18.4,42.6],[18.5,42.4],[17.8,42.8],[17,43],[17.2,43],[17.7,42.9],[17.8,42.9],[18.3,42.6],[18.4,42.6]]]]}},{"type":"Feature","properties":{"iso3":"CIV","iso2":"CI","name":"Côte d'Ivoire","continent":"Africa","subregion":"Western Africa"},"geometry":{"type":"MultiPolygon","coordinates":[[[[-3.1,5.1],[-3.1,5.1],[-3.2,5.1],[-3.2,5.1],[-3.1,5.1]]],[[[-8,10.2],[-7.7,10.4],[-7.5,10.4],[-7.4,10.3],[-7,10.1],[-7,10.3],[-6.7,10.3],[-6.7,10.7],[-6.4,10.6],[-6.4,10.7],[-6.3,10.7],[-6.2,10.3],[-6.1,10.2],[-5.8,10.4],[-5.6,10.4],[-5.1,10.2],[-5,9.9],[-4.6,9.7],[-4.3,9.6],[-3.8,9.9],[-3.2,9.9],[-2.8,9.4],[-2.7,9.5],[-2.7,9],[-2.6,8.8],[-2.5,8.2],[-2.8,7.9],[-3.2,6.6],[-3,5.7],[-2.8,5.6],[-2.8,5.2],[-3.2,5.2],[-3.2,5.4],[-3.3,5.1],[-4.1,5.3],[-4.6,5.2],[-4,5.2],[-4.9,5.1],[-5.3,5.2],[-5.4,5.2],[-5.1,5.1],[-5.9,5],[-7.5,4.4],[-7.6,4.8],[-7.4,5.3],[-7.5,5.8],[-7.8,6],[-7.9,6.2],[-8.3,6.3],[-8.6,6.5],[-8.3,6.8],[-8.3,7],[-8.5,7.6],[-8.2,7.6],[-8,8.1],[-8.3,8.3],[-8.2,8.5],[-7.7,8.4],[-7.7,8.6],[-8,8.8],[-7.9,9],[-7.8,9.1],[-7.9,9.2],[-7.9,9.4],[-8.1,9.5],[-8.2,10],[-8,10.1],[-8,10.2]]]]}},{"type":"Feature","properties":{"iso3":"CRI","iso2":"CR","name":"Costa Rica","continent":"North America","subregion":"Central America"},"geometry":{"type":"Polygon","coordinates":[[[-82.6,9.6],[-82.6,9.5],[-82.8,9.6],[-82.9,9.4],[-82.9,9.1],[-82.8,9],[-82.7,8.9],[-82.9,8.7],[-82.9,8.6],[-82.9,8.5],[-83,8.3],[-82.9,8.2],[-82.9,8.1],[-83.1,8.4],[-83.2,8.6],[-83.3,8.7],[-83.5,8.7],[-83.3,8.5],[-83.3,8.4],[-83.6,8.5],[-83.7,8.6],[-83.6,8.8],[-83.6,9],[-83.7,9.2],[-84.2,9.5],[-84.6,9.6],[-84.7,9.6],[-84.6,9.8],[-84.7,9.9],[-85,10.1],[-85.3,10.3],[-85.2,10.1],[-85.2,10],[-85,9.9],[-84.9,9.8],[-85.1,9.6],[-85.3,9.8],[-85.6,9.9],[-85.8,10.1],[-85.8,10.3],[-85.8,10.4],[-85.7,10.6],[-85.7,10.7],[-85.9,10.9],[-85.8,11],[-85.7,11.1],[-85.6,11.2],[-84.9,10.9],[-84.7,11.1],[-84.3,11],[-84.2,10.8],[-83.9,10.7],[-83.7,10.8],[-83.6,10.9],[-83.3,10.3],[-82.8,9.7],[-82.6,9.6]]]}},{"type":"Feature","properties":{"iso3":"COD","iso2":"CD","name":"Dem. Rep. Congo","continent":"Africa","subregion":"Middle Africa"},"geometry":{"type":"Polygon","coordinates":[[[30.8,-8.2],[28.9,-8.5],[28.9,-8.8],[28.4,-9.2],[28.6,-9.8],[28.6,-10.7],[28.4,-11.5],[28.5,-11.8],[29.1,-12.3],[29.5,-12.4],[29.5,-12.2],[29.8,-12.2],[29.8,-13.4],[29.7,-13.4],[29.6,-13.2],[29.1,-13.4],[28.9,-13.3],[28.7,-12.9],[28.6,-12.8],[28.4,-12.5],[27.5,-12.2],[27.2,-11.6],[27,-11.6],[26.9,-11.9],[26.8,-12],[26,-11.9],[25.5,-11.8],[25.3,-11.6],[25.3,-11.2],[24.4,-11.4],[24.4,-11.1],[24,-10.9],[23.8,-11],[22.6,-11.1],[22.3,-11.2],[22.2,-10.9],[22.3,-10.7],[22.3,-10.3],[21.8,-9.5],[21.9,-8.7],[21.8,-7.3],[20.6,-7.3],[20.5,-7.2],[20.6,-6.9],[19.9,-7],[19.5,-7.1],[19.3,-8],[18.6,-7.9],[18,-8.1],[17.6,-8.1],[17,-7.3],[16.7,-6.6],[16.7,-6.2],[16.4,-5.9],[13,-5.8],[12.5,-6],[12.2,-5.8],[12.5,-5.7],[12.5,-5.1],[12.8,-4.7],[13.1,-4.6],[13.4,-4.8],[13.7,-4.7],[13.7,-4.5],[13.9,-4.5],[14.4,-4.3],[14.4,-4.4],[14.4,-4.6],[14.4,-4.8],[14.7,-4.9],[15.3,-4.3],[15.6,-4],[15.9,-3.9],[16,-3.8],[16.1,-3.5],[16.2,-3],[16.2,-2.2],[16.5,-1.8],[16.9,-1.2],[17.3,-1],[17.8,-0.5],[17.7,-0.3],[17.9,0.2],[17.9,1.1],[18.1,1.5],[18.1,2],[18.6,3.3],[18.6,4.3],[19.1,4.9],[19.3,5.1],[19.7,5.1],[20.2,4.8],[20.6,4.5],[22.4,4.1],[22.9,4.7],[23.4,4.7],[24.3,5],[25.1,5],[25.2,5],[25.5,5.3],[26.8,5.1],[27.1,5.2],[27.4,5.1],[27.8,4.6],[28.2,4.4],[28.4,4.3],[28.7,4.5],[29.2,4.4],[29.5,4.6],[29.7,4.6],[30.2,4],[30.5,3.8],[30.6,3.6],[30.8,3.6],[30.9,3.5],[30.8,3],[30.9,2.9],[30.7,2.5],[31,2.4],[31.3,2.1],[30.9,1.7],[29.9,0.8],[29.9,0.5],[29.7,0.1],[29.6,-1.4],[29.2,-1.7],[29.1,-2.2],[28.9,-2.4],[28.9,-2.7],[29.2,-3.1],[29.2,-3.8],[29.4,-4.4],[29.3,-4.9],[29.6,-5.7],[29.5,-6],[29.5,-6.3],[29.7,-6.6],[30.2,-7],[30.7,-8.1],[30.8,-8.2]]]}},{"type":"Feature","properties":{"iso3":"COG","iso2":"CG","name":"Congo","continent":"Africa","subregion":"Middle Africa"},"geometry":{"type":"Polygon","coordinates":[[[11.1,-3.9],[11.2,-3.7],[11.5,-3.5],[11.7,-3.7],[11.9,-3.7],[11.8,-3.5],[11.9,-3.3],[11.7,-3.2],[11.8,-3],[11.5,-2.8],[11.6,-2.3],[12.1,-2.4],[12.4,-2.3],[12.4,-1.9],[12.6,-1.8],[12.8,-1.9],[13,-2.3],[13.5,-2.4],[13.7,-2.1],[13.9,-2.5],[14,-2.5],[14.2,-2.4],[14.2,-2.2],[14.4,-1.9],[14.5,-0.6],[13.9,-0.2],[13.9,0.4],[14.1,0.5],[14.3,0.6],[14.4,0.9],[14.2,1.4],[13.9,1.4],[13.2,1.2],[13.2,1.8],[13.3,2.2],[14.6,2.2],[14.9,2],[15.7,1.9],[16.1,1.7],[16.1,2.1],[16.5,2.8],[16.5,3.2],[16.6,3.5],[17.4,3.7],[18.2,3.5],[18.5,3.6],[18.6,3.3],[18.1,2],[18.1,1.5],[17.9,1.1],[17.9,0.2],[17.7,-0.3],[17.8,-0.5],[17.3,-1],[16.9,-1.2],[16.5,-1.8],[16.2,-2.2],[16.1,-3.5],[15.9,-3.9],[15.5,-4.1],[14.7,-4.9],[14.4,-4.8],[14.4,-4.6],[14.4,-4.4],[14.4,-4.3],[13.9,-4.5],[13.7,-4.5],[13.7,-4.7],[13.4,-4.8],[12.8,-4.4],[12.4,-4.6],[12,-5],[11.8,-4.6],[11.4,-4.1],[11.1,-3.9]]]}},{"type":"Feature","properties":{"iso3":"COM","iso2":"KM","name":"Comoros","continent":"Africa","subregion":"Eastern Africa"},"geometry":{"type":"MultiPolygon","coordinates":[[[[44.5,-12.1],[44.5,-12.2],[44.5,-12.3],[44.5,-12.4],[44.5,-12.3],[44.4,-12.3],[44.2,-12.2],[44.4,-12.2],[44.4,-12.1],[44.5,-12.1]]],[[[43.8,-12.3],[43.9,-12.4],[43.7,-12.3],[43.6,-12.3],[43.6,-12.2],[43.7,-12.3],[43.8,-12.3]]],[[[43.5,-11.9],[43.4,-11.9],[43.3,-11.8],[43.2,-11.8],[43.3,-11.4],[43.4,-11.4],[43.4,-11.6],[43.5,-11.9]]]]}},{"type":"Feature","properties":{"iso3":"COL","iso2":"CO","name":"Colombia","continent":"South America","subregion":"South America"},"geometry":{"type":"MultiPolygon","coordinates":[[[[-71.3,11.9],[-72,11.7],[-72.2,11.2],[-72.4,11.1],[-72.7,10.8],[-72.9,10.5],[-73,9.8],[-73.4,9.2],[-73.1,9.3],[-72.8,9.1],[-72.7,8.6],[-72.4,8.3],[-72.5,7.5],[-72.2,7.4],[-72,7],[-71.1,7],[-70.7,7.1],[-70.1,7],[-69.4,6.1],[-68.5,6.2],[-67.9,6.3],[-67.5,6.2],[-67.5,5.9],[-67.8,5.3],[-67.9,4.5],[-67.7,3.9],[-67.3,3.4],[-67.9,2.8],[-67.6,2.8],[-67.2,2.4],[-66.9,1.4],[-66.9,1.2],[-67.1,1.2],[-67.1,1.7],[-67.4,2.1],[-67.9,1.7],[-68.2,2],[-68.3,1.8],[-68.2,1.7],[-69.5,1.8],[-69.8,1.7],[-69.9,1.1],[-69.3,1.1],[-69.2,0.9],[-69.2,0.7],[-69.5,0.7],[-70.1,0.6],[-70.1,-0.1],[-69.6,-0.5],[-69.6,-0.8],[-69.4,-1.2],[-70,-4.2],[-70.3,-3.8],[-70.5,-3.9],[-70.7,-3.8],[-70.1,-2.8],[-70.1,-2.7],[-71,-2.2],[-71.4,-2.3],[-71.8,-2.2],[-72.2,-2.4],[-72.9,-2.4],[-73.2,-2.3],[-73.2,-1.8],[-73.5,-1.7],[-73.5,-1.4],[-73.7,-1.2],[-74.2,-1],[-74.4,-0.6],[-74.8,-0.2],[-75.8,0.1],[-76.3,0.4],[-76.5,0.2],[-77.4,0.4],[-77.5,0.6],[-77.7,0.8],[-78.3,1],[-79,1.6],[-78.8,1.8],[-78.6,1.8],[-78.6,2.4],[-78.4,2.5],[-78.1,2.5],[-77.8,2.7],[-77.7,2.9],[-77.7,3],[-77.6,3.1],[-77.4,3.3],[-77.1,3.9],[-77.3,3.9],[-77.3,4.1],[-77.4,3.9],[-77.4,4.2],[-77.5,4.2],[-77.4,4.4],[-77.3,4.7],[-77.4,5.3],[-77.5,5.5],[-77.2,5.8],[-77.5,6.2],[-77.4,6.6],[-77.9,7.2],[-77.7,7.5],[-77.8,7.7],[-77.5,7.6],[-77.2,8],[-77.5,8.5],[-77.4,8.6],[-76.9,8.1],[-76.9,7.9],[-76.8,7.9],[-76.8,8.3],[-76.9,8.6],[-76.3,9],[-76,9.4],[-75.6,9.5],[-75.7,9.7],[-75.5,10.2],[-75.7,10.1],[-75.4,10.6],[-74.8,11.1],[-74.3,11],[-74.5,10.9],[-74.4,10.8],[-74.1,11.3],[-73.3,11.3],[-72.7,11.7],[-72.3,11.9],[-72.1,12.2],[-71.7,12.4],[-71.3,12.3],[-71.1,12],[-71.3,11.9]]],[[[-78.1,2.5],[-78.2,2.6],[-78.1,2.6],[-78.1,2.5]]]]}},{"type":"Feature","properties":{"iso3":"CHN","iso2":"CN","name":"China","continent":"Asia","subregion":"Eastern Asia"},"geometry":{"type":"MultiPolygon","coordinates":[[[[118.2,24.5],[118.1,24.4],[118.1,24.5],[118.1,24.6],[118.2,24.5]]],[[[121.9,31.5],[121.8,31.5],[121.5,31.5],[121.3,31.6],[121.2,31.8],[121.3,31.8],[121.5,31.8],[121.5,31.7],[121.6,31.6],[121.8,31.6],[121.8,31.5],[121.9,31.5]]],[[[122.3,30],[122.3,29.9],[122.2,30],[122,30],[122,30.1],[122.1,30.1],[122.3,30.1],[122.3,30]]],[[[122.2,29.7],[122.1,29.7],[122,29.7],[122.1,29.8],[122.2,29.7]]],[[[122.4,29.9],[122.4,29.8],[122.4,29.9],[122.3,29.9],[122.4,30],[122.4,29.9]]],[[[119.8,25.5],[119.7,25.4],[119.7,25.5],[119.7,25.6],[119.8,25.7],[119.8,25.6],[119.8,25.5]]],[[[110.4,21.1],[110.5,21.1],[110.5,21],[110.4,21],[110.3,21],[110.3,21.1],[110.4,21.1]]],[[[121.3,28.1],[121.1,28.1],[121.2,28.2],[121.3,28.1]]],[[[113.6,22.8],[113.5,22.8],[113.4,22.9],[113.5,22.9],[113.6,22.8]]],[[[112.8,21.6],[112.7,21.7],[112.8,21.7],[112.8,21.8],[112.9,21.8],[112.8,21.7],[112.8,21.6]]],[[[112.6,21.6],[112.5,21.6],[112.6,21.7],[112.6,21.6]]],[[[108,21.5],[106.7,22],[106.6,22.5],[106.8,22.8],[105.8,22.9],[105.3,23.3],[104.7,22.8],[104.1,22.8],[103.9,22.5],[103.6,22.8],[103.5,22.6],[103.3,22.8],[103,22.4],[102.5,22.8],[102.1,22.4],[101.7,22.5],[101.5,22.3],[101.7,21.8],[101.7,21.2],[101.2,21.2],[101.1,21.8],[100.6,21.5],[100.1,21.5],[99.9,22],[99.2,22.2],[99.5,23],[98.9,23.2],[98.7,23.9],[98.8,24.1],[97.6,23.9],[97.7,24.2],[97.5,24.6],[97.8,25.3],[98.7,25.9],[98.7,27.6],[98.3,27.6],[98.1,28.1],[97.7,28.5],[97.3,28.2],[96.3,28.4],[96.6,28.8],[96.4,29.1],[96.1,28.9],[96.4,29.2],[96,29.4],[95.4,29],[94.6,29.3],[93.8,28.7],[93.3,28.6],[92.7,27.9],[92,27.7],[91.6,27.8],[91.6,27.9],[91.3,28.1],[91,28],[89.9,28.3],[89.5,28.1],[88.9,27.3],[88.8,28],[88.6,28.1],[87.6,27.8],[86.6,28.1],[86.4,27.9],[86.1,28.1],[86,27.9],[85.7,28.3],[85.1,28.3],[85.2,28.6],[84.8,28.6],[84.2,28.9],[84.1,29.2],[83.6,29.2],[82,30.3],[81.4,30.3],[81.1,30],[80.2,30.6],[80.1,30.8],[79.4,31.1],[79.1,31.4],[78.8,31.3],[78.7,32],[78.4,32.5],[78.7,32.6],[78.9,32.4],[79.2,32.5],[79.1,33.2],[78.8,33.5],[78.7,34],[79,34.3],[78.3,34.7],[78,35.5],[77.1,35.6],[76.6,35.9],[76.2,35.8],[75.9,36],[75.8,36.6],[74.4,37.1],[75.1,37.4],[74.9,37.6],[74.8,38.4],[74.3,38.7],[73.8,38.6],[73.6,39.4],[73.9,39.6],[74,40],[74.8,40.3],[74.8,40.5],[75.6,40.6],[75.7,40.3],[76.3,40.4],[76.9,41],[78.1,41.1],[78.7,41.6],[80.2,42],[80.2,42.7],[80.5,42.9],[80.4,43],[80.8,43.2],[80.4,44.1],[80.5,44.7],[79.9,44.9],[81.7,45.3],[82.5,45.1],[82.6,45.4],[82.3,45.6],[83,47.2],[84.8,46.8],[85.5,47.1],[85.7,47.3],[85.5,47.9],[85.7,48.3],[86.5,48.5],[86.9,49.1],[87.8,49.2],[87.7,48.9],[88.1,48.7],[88,48.6],[89,48],[89.5,48],[90.3,47.7],[91,46.6],[91,46],[90.7,45.5],[90.9,45.2],[93.5,44.9],[94.7,44.4],[95.4,44.3],[95.3,44],[96.4,42.7],[101.5,42.5],[102.2,42.2],[103.7,41.8],[104.5,41.9],[104.5,41.7],[105,41.6],[106.8,42.3],[109.3,42.4],[110.4,42.8],[111,43.3],[111.9,43.7],[111.4,44.4],[111.9,45.1],[113.6,44.7],[114.6,45.4],[115.7,45.5],[116.2,45.7],[116.6,46.3],[117.3,46.4],[117.4,46.6],[118.8,46.8],[119.9,46.7],[119.7,47.2],[118.5,48],[117.8,48],[117.4,47.7],[116.8,47.9],[115.9,47.7],[115.5,48.1],[115.8,48.2],[115.8,48.6],[116.7,49.8],[117.9,49.5],[119.3,50.1],[119.3,50.3],[119.2,50.4],[120.1,51.6],[120.7,52.1],[120.7,52.6],[120,52.7],[121,53.3],[123.6,53.5],[125.6,53],[126.3,52.4],[126.9,51.1],[127.3,50.7],[127.3,50.4],[127.6,50.2],[127.6,49.8],[128,49.6],[129.5,49.4],[130.2,48.9],[130.6,48.9],[130.8,48.3],[130.7,48],[131,47.7],[132.5,47.7],[133.1,48.1],[134.3,48.4],[134.7,48.3],[134.6,48],[134.8,47.7],[134.2,47.3],[133.9,46.2],[133.2,45.5],[133.1,45.1],[132.9,45],[131.9,45.3],[131,44.8],[131.3,44.1],[131.3,43.4],[131.1,42.9],[130.4,42.7],[130.5,42.5],[129.9,43],[129.7,42.4],[129.3,42.4],[128.9,42],[128,42],[128.3,41.6],[128.1,41.4],[126.7,41.7],[126,40.9],[124.9,40.5],[124.3,39.9],[122.8,39.6],[121.2,38.7],[121.1,38.9],[121.7,39.1],[121.8,39.4],[121.3,39.4],[121.3,39.5],[122.3,40.5],[121.8,41],[121.2,40.9],[120.5,40.2],[119.4,39.8],[119,39.2],[117.8,39.1],[117.6,38.7],[117.7,38.4],[118,38.2],[118.9,38],[119.1,37.7],[119,37.3],[119.3,37.1],[119.8,37.2],[120.3,37.7],[120.8,37.8],[121.6,37.5],[122.7,37.4],[122.3,36.8],[121.9,37],[120.8,36.6],[120.9,36.4],[120.7,36.4],[120.6,36.1],[120.2,36.2],[120.3,36],[119.4,35.3],[119.2,34.8],[120.3,34.3],[120.9,33],[120.9,32.7],[121.8,31.9],[121.8,31.7],[120.5,32.1],[120,31.9],[120.7,32],[121.8,31.1],[121.9,30.9],[120.9,30.4],[120.2,30.2],[120.5,30.3],[120.6,30.1],[121.3,30.3],[122.1,29.9],[121.5,29.5],[121.9,29.6],[122,29.5],[121.9,29.1],[121.7,29.3],[121.4,29.1],[121.7,29],[121.5,28.6],[121.6,28.3],[121.1,28.3],[120.7,28],[120.6,27.4],[120,26.6],[119.9,26.6],[119.8,26.8],[119.6,26.8],[119.9,26.3],[119.5,26.1],[119.1,26.1],[119.3,25.9],[119.6,26],[119.6,25.4],[119.2,25.4],[119.3,25.2],[119,25.2],[118.9,24.9],[118.6,24.8],[118.7,24.6],[117.8,24.5],[118.1,24.2],[117.4,23.6],[116.9,23.6],[116.5,22.9],[115.5,22.7],[115.2,22.8],[114.9,22.6],[114.7,22.8],[114.6,22.5],[114,22.5],[113.5,23.1],[113.3,22.9],[113.5,22.2],[113.1,22.1],[113.1,22.2],[113,21.9],[112.6,21.8],[112.4,22],[112.3,21.7],[111.9,21.8],[111.6,21.6],[111,21.5],[110.6,21.2],[110.4,21.3],[110.2,20.9],[110.5,20.5],[110.3,20.3],[109.9,20.4],[109.7,20.9],[109.9,21.5],[109.6,21.7],[109.1,21.4],[108.5,21.9],[108.5,21.6],[108.1,21.5],[108,21.5]]],[[[110.9,20],[111,19.9],[111,19.7],[110.8,19.6],[110.6,19.3],[110.5,18.7],[110,18.5],[110.1,18.4],[109.8,18.4],[109.7,18.3],[109.5,18.2],[109,18.4],[108.7,18.5],[108.6,18.9],[108.7,19.3],[109.3,19.8],[109.2,19.8],[109.3,19.9],[109.5,19.9],[109.7,20],[110.1,20],[110.2,20.1],[110.3,20],[110.4,20],[110.4,20.1],[110.6,20],[110.6,20.1],[110.7,20.1],[110.8,20],[110.9,20]]]]}},{"type":"Feature","properties":{"iso3":"MAC","iso2":"MO","name":"Macao","continent":"Asia","subregion":"Eastern Asia"},"geometry":{"type":"Polygon","coordinates":[[[113.5,22.2],[113.5,22.2],[113.5,22.2],[113.5,22.2],[113.5,22.2],[113.5,22.2],[113.5,22.2],[113.5,22.2],[113.5,22.2]]]}},{"type":"Feature","properties":{"iso3":"HKG","iso2":"HK","name":"Hong Kong","continent":"Asia","subregion":"Eastern Asia"},"geometry":{"type":"MultiPolygon","coordinates":[[[[114,22.5],[114.1,22.5],[114.1,22.6],[114.2,22.6],[114.3,22.5],[114.3,22.4],[114.3,22.3],[114,22.4],[113.9,22.4],[114,22.5]]],[[[114.2,22.2],[114.1,22.3],[114.2,22.3],[114.2,22.2]]],[[[114,22.2],[113.9,22.2],[113.8,22.2],[113.9,22.3],[114,22.3],[114,22.2]]]]}},{"type":"Feature","properties":{"iso3":"CHL","iso2":"CL","name":"Chile","continent":"South America","subregion":"South America"},"geometry":{"type":"MultiPolygon","coordinates":[[[[-109.3,-27.1],[-109.4,-27.2],[-109.4,-27.1],[-109.2,-27.1],[-109.3,-27.1]]],[[[-78.8,-33.6],[-79,-33.7],[-78.9,-33.6],[-78.8,-33.6]]],[[[-70.4,-18.3],[-69.9,-18.2],[-69.9,-17.7],[-69.5,-17.5],[-69.1,-18.1],[-69,-19],[-68.5,-19.4],[-68.7,-19.7],[-68.6,-20],[-68.8,-20.1],[-68.8,-20.4],[-68.2,-21.3],[-67.9,-22.8],[-67.2,-22.8],[-67,-23],[-67.4,-24],[-68.3,-24.4],[-68.6,-24.7],[-68.4,-25.1],[-68.6,-25.4],[-68.4,-26.2],[-68.6,-26.5],[-68.3,-27],[-68.8,-27.2],[-69.2,-27.9],[-69.7,-28.4],[-70,-29.3],[-69.8,-30.2],[-70.2,-30.4],[-70.3,-31],[-70.5,-31.1],[-70.6,-31.6],[-70.3,-32],[-70.4,-32.1],[-70,-32.9],[-70.1,-33.2],[-69.8,-33.3],[-69.9,-34.2],[-70.1,-34.3],[-70.6,-35.2],[-70.4,-36.1],[-71.1,-36.5],[-71.2,-36.8],[-71.2,-37.8],[-70.8,-38.5],[-71.4,-38.9],[-71.5,-39.6],[-71.7,-39.6],[-71.7,-40.3],[-71.9,-40.8],[-71.7,-42],[-72.1,-42.3],[-72.1,-42.6],[-72.1,-43.1],[-71.8,-43.2],[-71.9,-43.3],[-71.7,-43.9],[-71.8,-44.4],[-71.2,-44.6],[-71.3,-44.8],[-72.1,-44.8],[-71.4,-45.2],[-71.7,-45.6],[-71.6,-46],[-71.9,-46.2],[-71.7,-46.7],[-71.9,-46.8],[-71.9,-47.2],[-72.3,-47.5],[-72.5,-47.9],[-72.3,-48.2],[-72.6,-48.5],[-72.6,-48.8],[-73,-49],[-73.1,-49.3],[-73.5,-49.3],[-73.6,-49.6],[-73.2,-50.7],[-72.3,-50.7],[-72.4,-51.5],[-72,-52],[-70,-52],[-68.5,-52.3],[-69.2,-52.2],[-70.8,-52.8],[-71,-53.8],[-71.3,-53.9],[-72.2,-53.6],[-72.4,-53.4],[-71.9,-53.2],[-71.8,-53.5],[-71.7,-53.2],[-71.3,-53],[-71.2,-52.8],[-72.3,-53.1],[-72.5,-53.5],[-73.1,-53.2],[-72.7,-52.8],[-71.5,-52.6],[-72.7,-52.5],[-73.1,-53.1],[-73.6,-52.8],[-73.1,-52.5],[-74,-52.6],[-74.3,-52.1],[-73.8,-52.2],[-72.8,-51.9],[-72.6,-52.2],[-72.7,-52.4],[-72.5,-52.3],[-72.5,-51.7],[-73.2,-51.5],[-72.6,-51.8],[-73.5,-52],[-74.2,-51.7],[-73.9,-51.6],[-73.9,-51.3],[-74.8,-51.1],[-75.1,-50.7],[-74.7,-50.7],[-74.6,-50.4],[-73.8,-50.9],[-73.7,-50.5],[-74,-50.8],[-74.2,-50.6],[-74,-50.5],[-74.6,-50.2],[-74.3,-50],[-74,-50],[-74.3,-49.8],[-74.3,-49.6],[-73.8,-49.6],[-74.1,-49.4],[-73.9,-49],[-74.2,-49.5],[-74.4,-49.4],[-74.3,-48.6],[-74,-48.5],[-74.5,-48.5],[-74.6,-48],[-73.4,-48.1],[-73.7,-47.7],[-74.2,-48],[-74.7,-47.7],[-74.1,-47.6],[-74.5,-47.4],[-74.2,-47.2],[-74.3,-46.8],[-75,-46.7],[-75,-46.5],[-75.5,-46.7],[-75.4,-46.9],[-75.7,-46.7],[-74.9,-46.2],[-75.1,-45.9],[-74.2,-45.8],[-74,-45.4],[-73.8,-45.4],[-74,-46.1],[-74.4,-46.2],[-74,-46.2],[-73.7,-45.8],[-73.8,-46.6],[-73.6,-45.9],[-73.7,-45.5],[-72.9,-45.5],[-73.4,-45.2],[-73.4,-45.1],[-72.7,-44.6],[-72.7,-44.4],[-73.3,-44.2],[-73,-43.6],[-73.1,-43.3],[-72.8,-43],[-72.8,-42.7],[-72.6,-42.5],[-72.8,-42.3],[-72.4,-42.4],[-72.5,-42],[-72.8,-41.9],[-72.3,-41.5],[-72.5,-41.7],[-73,-41.5],[-73.2,-41.8],[-73.6,-41.8],[-74,-41.1],[-73.7,-40],[-73.4,-39.8],[-73.2,-39.2],[-73.5,-38.5],[-73.7,-37.3],[-73.6,-37.2],[-73.2,-37.2],[-72.6,-35.6],[-72.2,-35.1],[-72,-34.2],[-71.7,-33.7],[-71.7,-33.1],[-71.5,-32.7],[-71.7,-30.6],[-71.3,-29.6],[-71.5,-28.9],[-71.2,-28.4],[-70.6,-26.3],[-70.4,-23.6],[-70.6,-23.3],[-70.3,-22.8],[-70.1,-21.5],[-70.4,-18.4],[-70.4,-18.3]]],[[[-68.6,-52.7],[-68.7,-54.9],[-69.1,-54.9],[-69.5,-54.9],[-69.7,-54.7],[-70,-54.8],[-70.1,-54.8],[-70.3,-54.8],[-70.5,-54.8],[-71.2,-54.7],[-71.4,-54.6],[-71.9,-54.6],[-71.9,-54.5],[-71.8,-54.4],[-71.6,-54.5],[-71.4,-54.4],[-71.1,-54.4],[-70.8,-54.3],[-70.7,-54.3],[-70.7,-54.5],[-70.3,-54.5],[-70.5,-54.3],[-70.8,-54.2],[-70.9,-54.1],[-70.9,-53.9],[-70.6,-53.8],[-70.7,-53.7],[-70.5,-53.6],[-70.4,-54],[-70.6,-54],[-70.5,-54.1],[-70.4,-54.2],[-70.2,-54.4],[-69.9,-54.4],[-69.7,-54.3],[-69.4,-54.4],[-69.3,-54.5],[-69.3,-54.6],[-69,-54.4],[-70,-54.1],[-70.2,-53.9],[-70.1,-53.8],[-70.1,-53.7],[-69.4,-53.5],[-69.4,-53.4],[-69.6,-53.3],[-70.1,-53.4],[-70.3,-53.4],[-70.5,-53.2],[-70.4,-53.1],[-70.4,-53],[-70.1,-52.9],[-70.4,-52.8],[-70.2,-52.7],[-69.9,-52.8],[-69.8,-52.7],[-69.5,-52.5],[-69.4,-52.5],[-69.2,-52.7],[-68.8,-52.6],[-68.7,-52.6],[-68.6,-52.7]]],[[[-67.1,-55.2],[-67.2,-55.2],[-67.3,-55.3],[-67.5,-55.2],[-67.8,-55.3],[-68.1,-55.2],[-68.3,-55],[-68.1,-54.9],[-67.2,-55],[-67.1,-55.1],[-67.1,-55.2]]],[[[-73.8,-43.3],[-74.1,-43.4],[-74.4,-43.2],[-74.2,-42.9],[-74.2,-42.6],[-74.2,-42.5],[-74.2,-42.3],[-74.1,-42.1],[-74,-41.8],[-73.5,-41.9],[-73.4,-42.2],[-73.4,-42.3],[-73.5,-42.3],[-73.5,-42.5],[-73.8,-42.6],[-73.6,-42.8],[-73.4,-42.9],[-73.5,-43.1],[-73.7,-43.2],[-73.7,-43.3],[-73.8,-43.3]]],[[[-74.5,-49.1],[-74.5,-49.6],[-74.5,-49.7],[-74.5,-49.9],[-74.6,-50],[-74.8,-50],[-74.9,-49.7],[-74.7,-49.4],[-75,-49.5],[-75,-49.8],[-75.1,-49.9],[-75.3,-49.8],[-75.5,-49.8],[-75.6,-49.7],[-75.5,-49.6],[-75.3,-49.6],[-75.3,-49.5],[-75.5,-49.4],[-75.3,-49.3],[-75.1,-49.3],[-75.1,-49.2],[-75.2,-49.1],[-74.9,-49],[-75,-48.8],[-74.8,-48.7],[-74.6,-48.8],[-74.5,-48.8],[-74.5,-49.1]]],[[[-75.5,-48.8],[-75.6,-48.8],[-75.7,-48.6],[-75.5,-48.3],[-75.5,-48.2],[-75.6,-48.2],[-75.6,-48.1],[-75.4,-48],[-75.3,-48.1],[-75.3,-48.2],[-75.2,-48.4],[-75.2,-48.6],[-75.2,-48.7],[-75.4,-48.7],[-75.5,-48.8]]],[[[-74.4,-52.9],[-73.7,-53.1],[-73.5,-53.1],[-73.1,-53.4],[-73.6,-53.3],[-73.6,-53.2],[-73.9,-53.1],[-74.3,-53.1],[-74.6,-52.9],[-74.7,-52.7],[-74.4,-52.9]]],[[[-74.6,-48.6],[-74.7,-48.6],[-74.9,-48.6],[-75,-48.5],[-75.1,-48.4],[-75.2,-48.1],[-75.2,-48],[-75,-47.9],[-74.9,-47.8],[-74.8,-47.9],[-74.8,-48],[-74.8,-48.1],[-74.7,-48.1],[-74.7,-48.3],[-74.6,-48.4],[-74.6,-48.6]]],[[[-72.9,-53.5],[-72.9,-53.6],[-72.5,-53.6],[-72.2,-53.8],[-72.3,-53.9],[-72.4,-54],[-72.9,-54.1],[-73,-54.1],[-72.8,-54],[-72.8,-53.9],[-73,-53.8],[-73.1,-54],[-73.2,-54],[-73.3,-53.9],[-73.3,-53.7],[-73.5,-53.7],[-73.6,-53.6],[-73.8,-53.5],[-73.7,-53.4],[-73.4,-53.4],[-73.4,-53.5],[-73.1,-53.5],[-73.1,-53.4],[-72.9,-53.4],[-72.9,-53.5]]],[[[-74.8,-51.6],[-74.8,-51.8],[-74.7,-51.9],[-74.6,-51.9],[-74.5,-52],[-74.7,-52.2],[-74.7,-52.3],[-74.9,-52.3],[-74.9,-52.2],[-75,-52],[-75.1,-51.9],[-75.1,-51.8],[-75,-51.7],[-74.9,-51.7],[-74.9,-51.6],[-74.8,-51.6]]],[[[-69.7,-54.9],[-68.9,-55],[-68.5,-55],[-68.4,-55],[-68.6,-55.2],[-68.4,-55.2],[-68.3,-55.3],[-68.1,-55.5],[-68,-55.6],[-68.2,-55.6],[-68.3,-55.5],[-68.9,-55.5],[-68.9,-55.4],[-68.9,-55.2],[-69,-55.3],[-69.2,-55.2],[-69.3,-55.2],[-69.4,-55.3],[-69.2,-55.5],[-69.4,-55.4],[-69.6,-55.3],[-69.7,-55.2],[-69.8,-55.2],[-70,-55.1],[-69.9,-54.9],[-69.7,-54.9]]],[[[-71.4,-54],[-71.2,-54.1],[-71,-54.1],[-71,-54.2],[-71.1,-54.4],[-71.5,-54.2],[-71.8,-54.2],[-71.9,-54.3],[-72,-54.2],[-72.2,-54],[-72.1,-53.9],[-72,-53.9],[-71.6,-54],[-71.4,-54]]],[[[-73.7,-44.4],[-74,-44.5],[-74,-44.6],[-73.9,-44.7],[-73.8,-44.8],[-73.7,-45.1],[-73.8,-45.3],[-74.1,-45.3],[-74.1,-45.2],[-74.2,-45.1],[-74.3,-44.9],[-74.6,-44.6],[-74.5,-44.6],[-74.5,-44.5],[-74.3,-44.4],[-74.2,-44.4],[-74.1,-44.4],[-74.1,-44.2],[-74,-44.1],[-73.9,-44.1],[-73.8,-44.2],[-73.7,-44.3],[-73.7,-44.4]]],[[[-73,-44.8],[-73.2,-44.9],[-73.3,-44.8],[-73.4,-44.8],[-73.4,-44.6],[-73.3,-44.5],[-73.3,-44.4],[-73.2,-44.3],[-73,-44.4],[-72.8,-44.5],[-72.9,-44.7],[-73,-44.8]]],[[[-75,-44.9],[-75.1,-44.9],[-75.1,-44.8],[-75,-44.8],[-75,-44.9]]],[[[-75.3,-50.7],[-75.3,-50.8],[-75.4,-50.8],[-75.4,-50.7],[-75.5,-50.7],[-75.4,-50.5],[-75.1,-50.5],[-75.2,-50.6],[-75.3,-50.6],[-75.3,-50.7]]],[[[-75.1,-48.8],[-75.1,-48.9],[-75.3,-49.1],[-75.4,-49.2],[-75.5,-49.2],[-75.6,-49.2],[-75.5,-49.1],[-75.5,-49],[-75.6,-48.9],[-75.5,-48.8],[-75.5,-48.9],[-75.3,-48.8],[-75.2,-48.8],[-75.1,-48.8]]],[[[-75.1,-47.8],[-75.2,-47.9],[-75.2,-47.8],[-75.3,-47.8],[-75.2,-47.7],[-75.1,-47.7],[-75,-47.7],[-74.9,-47.7],[-74.9,-47.8],[-75.1,-47.8]]],[[[-74.7,-43.6],[-74.8,-43.6],[-74.8,-43.5],[-74.7,-43.5],[-74.7,-43.6]]],[[[-73.6,-44.8],[-73.7,-44.8],[-73.8,-44.7],[-73.8,-44.6],[-73.7,-44.5],[-73.6,-44.6],[-73.6,-44.8]]],[[[-74.6,-51.3],[-74.6,-51.4],[-74.7,-51.4],[-74.9,-51.4],[-75,-51.4],[-75.1,-51.5],[-75.3,-51.6],[-75.2,-51.3],[-75,-51.3],[-74.9,-51.3],[-74.7,-51.2],[-74.6,-51.2],[-74.6,-51.3]]],[[[-75.1,-50.3],[-75.3,-50.4],[-75.3,-50.3],[-75.4,-50.3],[-75.3,-50],[-74.9,-50.1],[-74.8,-50.2],[-75,-50.2],[-75.1,-50.3]]],[[[-73.8,-43.8],[-73.8,-43.9],[-73.9,-43.9],[-74,-43.9],[-74.1,-43.9],[-74.1,-43.8],[-74,-43.8],[-73.8,-43.8]]],[[[-74.1,-51.9],[-74.2,-51.9],[-74.3,-51.9],[-74.4,-51.8],[-74.5,-51.7],[-74.4,-51.8],[-74.3,-51.8],[-74.1,-51.9]]],[[[-74.3,-45.7],[-74.4,-45.7],[-74.5,-45.8],[-74.6,-45.7],[-74.7,-45.7],[-74.6,-45.6],[-74.6,-45.5],[-74.5,-45.4],[-74.5,-45.3],[-74.4,-45.3],[-74.4,-45.2],[-74.3,-45.2],[-74.3,-45.3],[-74.3,-45.5],[-74.2,-45.6],[-74.2,-45.7],[-74.3,-45.7]]],[[[-67.6,-55.9],[-67.8,-55.9],[-67.8,-55.8],[-67.5,-55.8],[-67.5,-55.9],[-67.6,-55.9]]],[[[-66.5,-55.2],[-66.6,-55.3],[-66.6,-55.2],[-66.5,-55.2],[-66.4,-55.2],[-66.5,-55.2]]],[[[-71,-54.9],[-70.9,-54.9],[-70.8,-55],[-70.4,-54.9],[-70.3,-55.1],[-70.5,-55.2],[-70.6,-55.1],[-70.7,-55.1],[-70.9,-55.1],[-71,-55],[-71.2,-54.9],[-71.4,-54.9],[-71.4,-54.8],[-71.1,-54.9],[-71,-54.9]]],[[[-67.3,-55.8],[-67.4,-55.8],[-67.6,-55.7],[-67.5,-55.7],[-67.4,-55.6],[-67.3,-55.7],[-67.3,-55.8]]]]}},{"type":"Feature","properties":{"iso3":"TCD","iso2":"TD","name":"Chad","continent":"Africa","subregion":"Middle Africa"},"geometry":{"type":"Polygon","coordinates":[[[24,19.5],[24,15.7],[23.1,15.7],[22.9,15.5],[22.9,15.2],[22.8,15],[22.7,14.7],[22.4,14.6],[22.5,14.2],[22.1,13.8],[22.2,13.3],[22,13.1],[21.8,12.8],[21.9,12.7],[22.4,12.7],[22.5,12.1],[22.6,12],[22.6,11.6],[22.9,11.3],[22.9,10.9],[22.5,11],[21.8,10.6],[21.7,10.3],[21.3,10],[20.8,9.4],[20.3,9.1],[19,8.9],[18.9,8.8],[19.1,8.7],[18.6,8],[17.6,8],[16.8,7.6],[16.5,7.9],[16.4,7.7],[16,7.5],[15.5,7.5],[15.5,7.8],[15.4,7.9],[15.1,8.6],[14.3,9.2],[14,9.7],[14.2,10],[15.7,10],[15.3,10.4],[15.1,10.6],[15,11.1],[15.1,11.5],[15.1,11.8],[14.8,12.5],[14.5,13],[14.1,13.1],[13.6,13.7],[13.4,14.4],[14.4,15.8],[15.5,16.9],[15.7,19.9],[16,20.3],[15.6,20.7],[15.6,21],[15.2,21.5],[15,23],[16,23.4],[23.5,19.7],[24,19.5]]]}},{"type":"Feature","properties":{"iso3":"CAF","iso2":"CF","name":"Central African Rep.","continent":"Africa","subregion":"Middle Africa"},"geometry":{"type":"Polygon","coordinates":[[[24.1,8.7],[24.3,8.3],[24.9,8.1],[25.2,7.8],[25.2,7.6],[25.3,7.4],[25.9,7.1],[26.4,6.6],[26.3,6.5],[26.5,6.1],[27.1,5.7],[27.3,5.3],[27.4,5.1],[27.1,5.2],[26.8,5.1],[25.5,5.3],[25.2,5],[25.1,5],[24.3,5],[23.4,4.7],[22.9,4.7],[22.4,4.1],[20.6,4.5],[20.2,4.8],[19.8,5.1],[19.5,5.1],[19.1,4.9],[18.8,4.5],[18.6,4.3],[18.6,3.5],[18.5,3.6],[18.2,3.5],[17.5,3.7],[16.6,3.5],[16.5,3.2],[16.5,2.8],[16.2,2.3],[16.1,2.9],[15.1,3.8],[15,4],[15.1,4],[15.1,4.3],[14.7,4.6],[14.6,5.3],[14.6,5.9],[14.4,6.1],[14.7,6.3],[15.2,7.2],[15.5,7.5],[16,7.5],[16.4,7.7],[16.5,7.9],[16.8,7.6],[17.6,8],[18.6,8],[19.1,8.7],[18.9,8.9],[19.1,9],[20.3,9.1],[20.6,9.3],[21.7,10.3],[21.7,10.6],[22,10.8],[22.5,11],[22.9,10.9],[23.6,9.8],[23.6,9.3],[23.5,9.1],[23.5,8.8],[24,8.7],[24.1,8.7]]]}},{"type":"Feature","properties":{"iso3":"CPV","iso2":"CV","name":"Cabo Verde","continent":"Africa","subregion":"Western Africa"},"geometry":{"type":"MultiPolygon","coordinates":[[[[-25.2,16.9],[-25.3,16.9],[-25.3,17.1],[-25.1,17.2],[-25,17.2],[-25,17.1],[-25,17],[-25.2,16.9]]],[[[-23.4,15],[-23.5,14.9],[-23.6,14.9],[-23.7,15],[-23.8,15.1],[-23.8,15.2],[-23.7,15.3],[-23.6,15.2],[-23.5,15.1],[-23.4,15]]],[[[-24.9,16.8],[-25,16.8],[-25.1,16.8],[-25.1,16.9],[-25,16.9],[-24.9,16.9],[-24.9,16.8]]],[[[-22.9,16.2],[-22.8,16.2],[-22.7,16.2],[-22.7,16.1],[-22.7,16],[-22.8,16],[-22.9,16],[-23,16],[-22.9,16.1],[-22.9,16.2]]],[[[-24.3,14.9],[-24.4,14.8],[-24.5,14.9],[-24.5,15],[-24.4,15],[-24.3,15],[-24.3,14.9]]],[[[-24.1,16.6],[-24,16.6],[-24.1,16.6],[-24.2,16.6],[-24.3,16.6],[-24.3,16.5],[-24.4,16.6],[-24.4,16.7],[-24.3,16.6],[-24.1,16.6]]],[[[-22.9,16.7],[-22.9,16.6],[-23,16.7],[-23,16.8],[-22.9,16.8],[-22.9,16.7]]],[[[-23.2,15.1],[-23.3,15.2],[-23.2,15.3],[-23.1,15.3],[-23.1,15.2],[-23.2,15.1]]]]}},{"type":"Feature","properties":{"iso3":"CAN","iso2":"CA","name":"Canada","continent":"North America","subregion":"Northern America"},"geometry":{"type":"MultiPolygon","coordinates":[[[[-132.7,54.1],[-132.6,54.1],[-132.3,54.1],[-132.2,54],[-132.2,53.8],[-132.6,53.7],[-132.5,53.7],[-132.2,53.7],[-132.1,53.9],[-132.1,54],[-131.9,54],[-131.7,54.1],[-131.7,54],[-131.9,53.7],[-131.9,53.4],[-132,53.3],[-132.5,53.2],[-132.7,53.3],[-132.7,53.4],[-132.4,53.3],[-132.8,53.5],[-133.1,53.8],[-133.1,53.9],[-133.1,54.1],[-132.9,54.1],[-132.7,54.1]]],[[[-131.8,53.2],[-131.7,53.1],[-131.6,52.9],[-132,52.9],[-131.7,52.8],[-131.5,52.7],[-131.6,52.6],[-131.4,52.4],[-131.3,52.4],[-131.3,52.3],[-131.1,52.3],[-131.1,52.2],[-131.2,52.2],[-131.4,52.2],[-131.6,52.4],[-132.2,52.8],[-132.3,52.9],[-132.1,53],[-132.5,53.1],[-131.9,53.2],[-131.8,53.2]]],[[[-127.2,50.6],[-125.5,50.3],[-124.8,49.5],[-124,49.2],[-123.5,48.6],[-123.4,48.7],[-123.3,48.5],[-123.6,48.3],[-125.1,48.8],[-124.8,49],[-124.8,49.2],[-124.9,49],[-125.5,48.9],[-125.8,49.1],[-125.6,49.2],[-126,49.2],[-125.9,49.4],[-126.5,49.4],[-126.5,49.6],[-126.1,49.7],[-126.5,49.7],[-126.9,49.9],[-127.1,49.9],[-127.2,50.1],[-127.3,50.1],[-127.5,50.2],[-127.9,50.1],[-127.8,50.3],[-128,50.3],[-127.9,50.4],[-127.5,50.4],[-127.5,50.6],[-127.8,50.6],[-127.7,50.5],[-128.1,50.5],[-128.3,50.7],[-128.1,50.9],[-127.7,50.8],[-127.2,50.6]]],[[[-130,55.9],[-130.1,56.1],[-131.8,56.6],[-132.1,56.9],[-132,57],[-132.3,57.1],[-132.2,57.2],[-133.4,58.4],[-134.9,59.3],[-135.1,59.6],[-135.5,59.8],[-136.3,59.6],[-136.6,59.2],[-137.4,58.9],[-137.6,59.2],[-139.2,60.1],[-139.1,60.3],[-140,60.2],[-141,60.3],[-141,69.7],[-139.2,69.5],[-137.9,69.1],[-135.3,68.7],[-135.9,68.9],[-135.6,69],[-135.9,69.1],[-135.1,69.5],[-134.5,69.5],[-134.4,69.7],[-133.9,69.5],[-134.2,69.3],[-130.7,70.1],[-129.5,70.1],[-132.7,69.3],[-133.4,68.8],[-133.2,68.7],[-133.3,68.8],[-132.6,68.8],[-132.7,69.1],[-131.8,69.4],[-131.1,69.5],[-131,69.2],[-130.1,69.7],[-128.9,70],[-129.2,69.8],[-128.9,69.8],[-127.7,70.3],[-128.2,70.4],[-128,70.6],[-125.7,69.4],[-125.2,69.4],[-125.3,69.7],[-124.8,70],[-125,70],[-124.6,70.2],[-124.4,69.8],[-124.1,69.7],[-124.5,69.4],[-124.3,69.4],[-123.5,69.4],[-123,69.8],[-121.7,69.8],[-117.2,68.9],[-115.4,68.9],[-114,68.4],[-114.8,68.3],[-115.4,67.9],[-115.1,67.8],[-112.5,67.7],[-110.1,68],[-109.6,67.7],[-109,67.7],[-108.9,67.4],[-108.6,67.6],[-108,67.3],[-108,67.1],[-108.5,67.1],[-107.3,66.4],[-107.7,67],[-107.2,66.9],[-108,67.8],[-107.8,68],[-106.4,68.2],[-105.8,68.6],[-107.6,68.3],[-107.7,68.2],[-108.7,68.3],[-108.3,68.6],[-106.2,68.9],[-105.7,68.8],[-105.4,68.4],[-104.5,68.1],[-103.5,68.1],[-102.3,67.7],[-98.4,67.8],[-98.7,68],[-98.6,68.1],[-97.5,67.6],[-97.1,67.8],[-98.2,67.9],[-98.7,68.4],[-97.4,68.5],[-97,68.3],[-96.4,68.3],[-96.7,68],[-96,68.2],[-96.4,67.5],[-96.1,67.3],[-95.7,67.3],[-95.8,67.2],[-95.4,67.2],[-95.4,67],[-96.4,67.1],[-95.8,66.6],[-96,66.9],[-95.4,66.9],[-95.3,67.3],[-95.7,67.7],[-95.5,68],[-94.7,68.1],[-93.4,68.6],[-93.6,68.6],[-93.9,69],[-94.1,68.8],[-94.6,68.8],[-94.1,69.1],[-94.3,69.3],[-93.6,69.4],[-93.7,69.2],[-93.4,69.4],[-93.5,69.5],[-94.3,69.5],[-96,69.8],[-96.6,70.2],[-96.3,70.5],[-95.9,70.5],[-95.9,70.7],[-96.5,70.8],[-96.4,71.2],[-96.1,71.4],[-95.6,71.3],[-95.4,71.5],[-95.9,71.6],[-94.6,72],[-93,71.3],[-92.9,71.1],[-93,70.9],[-91.6,70.2],[-92.3,70.2],[-92.5,70.1],[-92,70],[-92.9,69.7],[-91.9,69.5],[-91.2,69.6],[-91.4,69.5],[-90.4,69.5],[-91.2,69.3],[-90.5,68.9],[-90.6,68.5],[-90.2,68.3],[-89.3,69.3],[-88,68.8],[-87.8,68.3],[-88.3,68.3],[-88.3,68],[-87.4,67.2],[-86.6,67.5],[-86,68.1],[-85.7,68.7],[-84.9,68.8],[-85.1,68.8],[-84.9,69.1],[-85.4,69.2],[-85.5,69.8],[-82.4,69.6],[-82.8,69.5],[-82.2,69.2],[-81.4,69.2],[-82,68.9],[-81.3,68.7],[-81.9,68.5],[-82.6,68.4],[-82.2,68.1],[-82,68.2],[-82.1,67.9],[-81.3,67.5],[-81.5,67.1],[-83.4,66.4],[-84.5,67],[-85.1,66.9],[-84.2,66.7],[-83.9,66.2],[-84.6,66.2],[-85.6,66.6],[-86.7,66.5],[-86.7,66.4],[-86,66.1],[-87.5,65.3],[-88,65.3],[-89.7,65.9],[-91.4,65.9],[-89.9,65.8],[-89,65.3],[-87,65.2],[-88.1,64.2],[-88.8,64],[-89.2,64.1],[-89.1,64],[-90,64.1],[-89.9,64],[-90.2,64],[-90,63.8],[-90.2,63.7],[-90.8,63.6],[-93.7,64.1],[-93.6,63.9],[-92.2,63.7],[-92.5,63.6],[-91.8,63.7],[-90.7,63.3],[-90.8,63],[-92.4,62.8],[-91.9,62.6],[-92.6,62.5],[-92.8,62.4],[-92.5,62.2],[-93.2,62.4],[-92.9,62.2],[-93.6,61.9],[-93.3,61.8],[-93.9,61.5],[-94.5,60.6],[-94.8,60.5],[-94.8,59.3],[-95,59.1],[-94.3,58.7],[-94.3,58.3],[-94.1,58.7],[-93.2,58.7],[-92.4,57.3],[-92.8,56.9],[-90.6,57.2],[-88.8,56.8],[-87.5,56],[-85.7,55.6],[-85.2,55.3],[-85.4,55.1],[-85.1,55.3],[-83.9,55.3],[-82.4,55.1],[-82.2,54.8],[-82.4,54.2],[-82.1,53.8],[-82.3,53],[-81.6,52.4],[-81.8,52.2],[-80.7,51.8],[-80.4,51.4],[-80.9,51.1],[-80.1,51.3],[-79.3,50.8],[-79.7,51.1],[-79.7,51.3],[-79.3,51.6],[-78.9,51.2],[-78.7,51.5],[-79,51.8],[-78.4,52.3],[-79.1,53.7],[-79,54],[-79.7,54.7],[-77.8,55.3],[-76.8,56],[-76.5,56.5],[-76.6,57.2],[-76.9,57.8],[-78.5,58.6],[-78.4,58.9],[-77.8,59.4],[-77.7,59.7],[-77.3,59.6],[-77.5,59.7],[-77.3,60],[-77.6,60.1],[-77.5,60.1],[-77.7,60.4],[-77.5,60.5],[-77.8,60.6],[-77.6,60.8],[-78.2,60.8],[-77.5,61.6],[-78,61.8],[-78.1,62.3],[-77.4,62.6],[-75.7,62.2],[-75.8,62.2],[-75.3,62.3],[-74.6,62.1],[-73.7,62.5],[-72.7,62.1],[-72.8,61.8],[-72.2,61.8],[-72,61.7],[-72.2,61.6],[-71.6,61.6],[-71.9,61.4],[-71.4,61.2],[-70.3,61.1],[-70,60.9],[-69.5,61],[-69.4,60.8],[-69.8,60.5],[-69.7,60.1],[-70.7,60],[-69.7,59.9],[-69.6,59.7],[-69.7,59.3],[-69.3,59.3],[-69.5,58.9],[-69.8,59],[-70.2,58.8],[-68.7,58.9],[-68.4,58.7],[-68.2,58.5],[-68.4,58.2],[-69,57.9],[-68.4,58.1],[-68,58.5],[-67.9,58.3],[-68.1,58.1],[-67.8,58.4],[-67.7,58],[-67.6,58.2],[-66.4,58.8],[-66,58.4],[-66,58.8],[-65.4,59.1],[-65.7,59.2],[-65.4,59.3],[-65.5,59.5],[-65,59.4],[-65.4,59.5],[-65.4,59.8],[-65,59.8],[-65.2,59.9],[-64.8,60.3],[-64.5,60.3],[-64.4,60.2],[-64.8,60],[-64.3,60.1],[-64.2,59.7],[-64.1,59.8],[-63.8,59.5],[-63.9,59.4],[-63.4,59.2],[-64,59.1],[-63.2,59.1],[-63.3,58.9],[-62.9,58.7],[-63.5,58.3],[-62.6,58.5],[-63.3,58],[-62.5,58.2],[-62,57.9],[-62,57.6],[-62.5,57.5],[-61.9,57.4],[-62,57.2],[-61.3,57],[-61.4,56.7],[-62.5,56.8],[-61.7,56.5],[-61.9,56.4],[-61.4,56.4],[-61.7,56.2],[-61.4,56.2],[-61.4,56],[-60.3,55.8],[-60.2,55.5],[-60.6,55.1],[-59.8,55.3],[-59.4,55.2],[-59.8,54.8],[-59.3,55.2],[-58.8,54.8],[-58,54.9],[-57.4,54.6],[-58.6,54],[-60.4,53.7],[-60.1,53.5],[-60.3,53.3],[-57.9,54.1],[-58.3,54.2],[-57.4,54.2],[-57.1,53.8],[-57.5,53.6],[-57.3,53.5],[-56.5,53.8],[-56,53.5],[-55.8,52.6],[-56.3,52.5],[-55.7,52.5],[-56,52.4],[-55.7,52.2],[-57,51.5],[-58.5,51.3],[-60.1,50.3],[-61.7,50.1],[-62.7,50.3],[-66.5,50.2],[-66.9,50],[-67.4,49.3],[-68.3,49.2],[-69.7,48.2],[-71,48.5],[-69.8,48.1],[-70,47.7],[-71.3,46.8],[-72.2,46.6],[-73,46.2],[-73.5,45.7],[-74.3,45.5],[-74,45.3],[-75.4,44.8],[-76.8,43.6],[-78.8,43.6],[-79.2,43.5],[-78.9,42.9],[-79,42.8],[-82.7,41.7],[-83,41.8],[-83.1,42.1],[-82.5,42.6],[-82.1,43.6],[-82.6,45.3],[-83.6,45.8],[-83.5,46],[-83.6,46.1],[-84,46.1],[-84.1,46.5],[-84.6,46.5],[-84.9,46.9],[-88.4,48.3],[-89.5,48],[-90.9,48.2],[-91.5,48.1],[-93,48.6],[-93.7,48.5],[-94.6,48.7],[-94.9,49.3],[-95.2,49.4],[-95.2,49],[-123.1,49],[-123.2,49.3],[-122.9,49.4],[-123.3,49.3],[-123.2,49.7],[-123.5,49.4],[-124,49.6],[-124,49.7],[-123.8,49.6],[-123.6,49.7],[-123.9,49.7],[-123.8,50.1],[-124.3,49.8],[-124.8,50],[-125.1,50.4],[-124.9,50.9],[-125.1,50.5],[-125.5,50.5],[-125.5,50.6],[-125.6,50.5],[-126.1,50.5],[-126.4,50.6],[-125.9,50.7],[-126.5,50.7],[-126.4,50.8],[-126.5,51.1],[-127.1,50.9],[-127.7,51.2],[-127.4,51.6],[-126.7,51.7],[-127.3,51.7],[-127.7,51.5],[-127.9,51.8],[-127.8,52.2],[-127.2,52.4],[-126.7,52.1],[-127.2,52.5],[-127,52.8],[-127.1,52.7],[-127.8,52.3],[-128.1,51.8],[-128.4,52.2],[-127.9,52.5],[-128.3,52.4],[-128.1,52.9],[-128.4,52.8],[-128.5,53.1],[-129.2,53.5],[-128.9,53.7],[-128.9,53.6],[-127.9,53.3],[-128.7,53.6],[-128.8,53.7],[-128.5,53.9],[-129,53.8],[-129.6,53.3],[-130.3,53.7],[-130,54.1],[-129.6,54.2],[-130.1,54.2],[-130.4,54.4],[-129.6,55.5],[-129.8,55.6],[-130,55.1],[-130,55.9]]],[[[-109.8,78.7],[-109.5,78.6],[-109.4,78.5],[-109.4,78.4],[-109.5,78.3],[-110.4,78.3],[-111.2,78.4],[-111.5,78.3],[-112.1,78.4],[-113.2,78.3],[-113.3,78.3],[-112.9,78.5],[-111.7,78.6],[-110.9,78.7],[-110.4,78.8],[-109.9,78.7],[-109.8,78.7]]],[[[-110.5,78.1],[-109.6,78.1],[-109.8,78],[-110.9,77.8],[-110.7,77.8],[-110.2,77.8],[-110.1,77.6],[-110.2,77.5],[-112,77.3],[-112.4,77.4],[-113.2,77.5],[-113.2,77.6],[-113.1,77.6],[-113.3,77.8],[-113.2,77.9],[-110.7,78.1],[-110.5,78.1]]],[[[-115.6,77.4],[-115.5,77.3],[-116.3,77.1],[-115.8,76.9],[-116.3,76.9],[-115.9,76.7],[-117,76.5],[-117,76.4],[-117.2,76.3],[-118,76.4],[-117.8,76.8],[-117.9,76.8],[-118.3,76.7],[-118.5,76.5],[-118.8,76.5],[-118.6,76.4],[-119,76.1],[-119.2,76.1],[-119.6,76.3],[-119.7,76.1],[-119.5,76],[-119.9,75.9],[-120.4,75.8],[-120.8,76.2],[-121,76],[-121.2,76],[-121.9,76],[-122.4,75.9],[-122.6,76],[-122.5,76.1],[-122.6,76.2],[-122.9,76.1],[-122.4,76.4],[-121.6,76.5],[-119.1,77.3],[-116.8,77.3],[-116.7,77.4],[-117,77.5],[-116.5,77.5],[-116,77.5],[-115.6,77.4]]],[[[-108.3,76.1],[-107.7,76],[-108,75.8],[-107.2,75.9],[-106.9,75.7],[-106.9,75.8],[-106.7,75.8],[-106.9,75.9],[-106.7,76],[-105.9,76],[-105.6,75.9],[-105.5,75.7],[-105.9,75.2],[-106.1,75.1],[-107.2,74.9],[-107.8,75],[-108.5,74.9],[-108.8,75.1],[-109.5,74.9],[-110.4,74.8],[-110.9,74.6],[-112.5,74.4],[-113.5,74.4],[-114.4,74.7],[-112.8,75],[-111.7,75],[-111,75.2],[-112.2,75.1],[-112.6,75.2],[-113.7,75.1],[-113.8,75.1],[-113.9,75.3],[-113.5,75.4],[-114,75.4],[-114.2,75.2],[-114.5,75.3],[-114.4,75.2],[-114.5,75.1],[-115,75],[-115.4,75.1],[-115.7,75],[-116.5,75.2],[-117,75.2],[-117.6,75.3],[-117.3,75.5],[-116.1,75.5],[-115.1,75.7],[-116.4,75.6],[-117.2,75.6],[-116.8,75.8],[-115,75.9],[-116.3,75.9],[-116.7,76],[-116.5,76],[-116.6,76.1],[-116.2,76.2],[-114.8,76.2],[-115.8,76.3],[-115.6,76.4],[-115,76.5],[-114.2,76.5],[-113.8,76.2],[-112.7,76.2],[-111.9,75.9],[-112.1,75.8],[-111.5,75.8],[-111.1,75.5],[-109.1,75.5],[-108.9,75.6],[-108.9,75.7],[-109.9,75.9],[-109.5,76],[-109.4,76.1],[-110.2,76.3],[-110.3,76.4],[-109.3,76.8],[-108.8,76.8],[-108.5,76.7],[-108.6,76.6],[-108.1,76.2],[-108.4,76.1],[-108.3,76.1]]],[[[-114.5,72.6],[-113.6,72.7],[-113.4,72.9],[-113.1,73],[-111.3,72.7],[-111.4,72.6],[-111.9,72.4],[-111.7,72.3],[-111.3,72.5],[-111.3,72.4],[-111.1,72.4],[-110.2,72.7],[-110.2,72.8],[-110.6,72.9],[-110.7,72.9],[-110.7,73],[-110,73],[-108.8,72.6],[-108.2,71.7],[-107.8,71.6],[-107.3,71.9],[-107.7,72.1],[-108.2,73.1],[-107.9,73.2],[-108.1,73.3],[-108,73.3],[-107.1,73.2],[-107,73.3],[-106.5,73.2],[-105.8,73],[-105.4,72.8],[-104.9,72],[-104.4,71.6],[-104.4,71.4],[-104.6,71.1],[-104.5,71.1],[-103.6,70.6],[-103.1,70.5],[-103,70.5],[-103,70.7],[-102,70.3],[-101.7,70.3],[-101.6,70.1],[-101.1,70.1],[-100.9,69.8],[-101,69.7],[-101.3,69.7],[-101.5,69.9],[-101.6,69.7],[-102.2,69.8],[-102.6,69.7],[-102.5,69.6],[-102.6,69.6],[-103.4,69.7],[-103,69.5],[-103.1,69.2],[-102.4,69.5],[-102.2,69.5],[-102,69.4],[-102,69.3],[-101.8,69.2],[-101.9,69],[-102.9,68.8],[-105.1,68.9],[-105.2,69],[-105,69.1],[-106.1,69.2],[-106.3,69.2],[-106.4,69.4],[-106.7,69.4],[-107.4,69],[-108.4,68.9],[-109.5,68.7],[-113,68.5],[-113.6,68.8],[-113.7,69.2],[-115.6,69.3],[-116.5,69.4],[-117.1,69.8],[-117.2,70.1],[-114.6,70.3],[-112.6,70.2],[-111.6,70.3],[-113.8,70.7],[-116,70.6],[-117.6,70.6],[-118.4,71],[-117.8,71.2],[-115.9,71.4],[-116,71.4],[-116,71.5],[-115.3,71.5],[-115.6,71.5],[-117.9,71.4],[-118.2,71.5],[-117.7,71.7],[-118.6,71.6],[-119,71.8],[-118.9,72],[-118.2,72.3],[-118.5,72.4],[-118.4,72.5],[-116.6,73.1],[-114.6,73.4],[-114.2,73.3],[-114.1,73.1],[-114.1,72.9],[-114.5,72.6]]],[[[-119.7,74.1],[-119.2,74.2],[-119.1,74],[-118.5,74.2],[-117.5,74.2],[-115.6,73.7],[-115.4,73.5],[-119,72.7],[-119.5,72.3],[-120.2,72.2],[-120.4,71.6],[-120.6,71.5],[-121.5,71.4],[-121.7,71.4],[-122.8,71.1],[-123.3,71.2],[-124,71.7],[-125.3,72],[-125.8,72],[-125.8,72.1],[-125.6,72.2],[-125.6,72.3],[-125,72.6],[-125,72.8],[-124.6,72.9],[-124.8,73.1],[-123.8,73.8],[-124.2,73.9],[-124.7,74.3],[-121.5,74.5],[-119.6,74.2],[-119.7,74.1]]],[[[-69.5,83],[-66.4,82.9],[-68.5,82.7],[-64.9,82.9],[-63.5,82.8],[-63.6,82.7],[-63.1,82.6],[-63.2,82.5],[-61.7,82.5],[-61.2,82.3],[-62.2,82],[-68.7,81.3],[-64.8,81.5],[-69.6,80.4],[-70.7,80.5],[-70.3,80.2],[-72.1,80.1],[-70.6,80.1],[-71.4,79.9],[-71.1,79.8],[-71.4,79.8],[-74.4,79.9],[-74.7,79.8],[-73.2,79.6],[-75.5,79.4],[-76.9,79.5],[-75.6,79.2],[-74.5,79.2],[-74.5,79.1],[-78.6,79.1],[-76.3,79],[-74.4,78.7],[-74.9,78.5],[-76.4,78.5],[-75.2,78.3],[-76,78],[-78,77.9],[-78.1,77.5],[-78.5,77.4],[-80.6,77.3],[-81.7,77.5],[-81.3,77.4],[-82.1,77.3],[-79.5,77.2],[-79.2,76.9],[-78,76.9],[-78.3,76.6],[-80.8,76.2],[-81,76.2],[-80.8,76.4],[-81,76.5],[-82.5,76.7],[-82.2,76.5],[-83.9,76.5],[-84.2,76.7],[-84.3,76.4],[-85.3,76.3],[-86.5,76.6],[-86.7,76.4],[-87.5,76.6],[-87.5,76.4],[-88.4,76.4],[-88.5,76.8],[-88.5,76.4],[-89.6,76.5],[-89.5,76.8],[-88.6,77.1],[-86.8,77.2],[-87.7,77.4],[-88,77.8],[-86.8,77.9],[-85.6,77.5],[-84.5,77.4],[-83.6,77.4],[-82.6,78],[-83.8,77.5],[-84.9,77.5],[-85.3,77.6],[-85.5,77.9],[-84.2,78.2],[-84.9,78.2],[-84.8,78.5],[-85.6,78.1],[-86.2,78.1],[-85.9,78.3],[-87.6,78.2],[-87.5,78.4],[-86.8,78.8],[-85,78.9],[-83.3,78.8],[-81.8,79],[-84.4,79],[-84.6,79.1],[-83.6,79.1],[-85.3,79.7],[-86.4,79.8],[-86.6,80.1],[-86.5,80.3],[-83.7,80.2],[-81.7,79.7],[-80.5,79.6],[-80.1,79.7],[-81,79.7],[-83,80.3],[-76.9,80.9],[-78.7,81],[-76.9,81.4],[-79.2,81.1],[-79.8,80.8],[-81,80.7],[-82.9,80.6],[-82.2,80.8],[-85.1,80.5],[-86.6,80.6],[-85.2,81],[-83.3,81.1],[-85.8,81],[-87.7,80.7],[-89.3,80.9],[-84.9,81.3],[-89.6,81],[-90,81.1],[-89.2,81.3],[-89.7,81.3],[-89.4,81.4],[-87.6,81.5],[-90.3,81.4],[-90.6,81.4],[-89.8,81.6],[-91.7,81.6],[-88.1,82.1],[-85,82],[-86.6,82.2],[-84.9,82.4],[-82.6,82.1],[-82.3,82.1],[-82.7,82.2],[-82.5,82.2],[-79.4,81.9],[-82.4,82.4],[-81.7,82.5],[-82.1,82.6],[-80.8,82.6],[-81.2,82.7],[-81,82.8],[-78.7,82.7],[-80.2,82.9],[-79.9,82.9],[-77.5,82.9],[-76,82.5],[-75.6,82.6],[-77.1,83],[-74.4,83],[-72.7,82.7],[-73.4,82.9],[-72.1,83.1],[-70.9,82.9],[-71.4,83],[-69.6,83],[-69.5,83]]],[[[-95.5,77.8],[-95.2,77.8],[-93.6,77.8],[-93.3,77.7],[-93.1,77.7],[-93.3,77.6],[-93.5,77.5],[-93.8,77.5],[-96,77.5],[-96.3,77.6],[-96.1,77.7],[-95.7,77.8],[-95.5,77.8]]],[[[-93.5,75],[-93.5,74.9],[-93.6,74.7],[-94.5,74.6],[-94.8,74.7],[-95.3,74.8],[-95.9,74.8],[-96.1,74.9],[-96.3,74.9],[-96.4,75],[-96.6,75],[-96.4,75.2],[-96.2,75.2],[-96.1,75.3],[-96.1,75.4],[-96,75.4],[-95.7,75.5],[-94.9,75.6],[-94.4,75.6],[-93.9,75.4],[-93.5,75.1],[-93.6,75.1],[-93.5,75]]],[[[-100,73.9],[-99.2,73.7],[-97.7,73.9],[-97.1,73.8],[-97,73.7],[-97.6,73.5],[-97.4,73.5],[-97.3,73.4],[-97.8,73.3],[-98.4,73],[-97.6,73],[-97.1,72.8],[-97.1,72.6],[-96.5,72.7],[-96.5,72.4],[-96.8,72.3],[-96.6,72.2],[-96.8,72],[-96.6,72],[-96.6,71.8],[-97.6,71.6],[-98.2,71.7],[-98.3,71.9],[-98.5,71.8],[-98.2,71.4],[-98.7,71.3],[-99.2,71.4],[-99.7,71.8],[-100.6,72.2],[-101.2,72.3],[-101.7,72.3],[-102.7,72.8],[-102.6,73],[-102.2,73.1],[-101.9,73.1],[-101.3,72.7],[-100.5,72.8],[-100.4,73],[-100.1,72.9],[-100.2,73.1],[-100.5,73.2],[-100.3,73.3],[-99.8,73.2],[-100.4,73.4],[-100.9,73.3],[-101.5,73.5],[-101,73.6],[-100.5,73.4],[-101,73.8],[-99.9,73.8],[-100.2,73.9],[-100.1,73.9],[-100,73.9]]],[[[-84.9,65.3],[-84.5,65.5],[-84.1,65.2],[-83.5,65.1],[-83.2,65],[-82,64.6],[-81.7,64.2],[-81.9,64],[-80.8,64.1],[-80.6,63.9],[-80.7,63.9],[-80.3,63.8],[-81,63.5],[-82.4,63.7],[-82.5,63.9],[-83,64],[-83.1,64.2],[-83.3,64.1],[-83.6,64.1],[-83.7,63.8],[-84.3,63.6],[-84.6,63.3],[-85.4,63.1],[-85.5,63.1],[-85.8,63.7],[-87.2,63.6],[-86.9,63.9],[-86.3,64.1],[-86.4,64.6],[-86,65.7],[-85.5,65.9],[-85.2,65.7],[-85.1,65.6],[-85.2,65.5],[-85.1,65.4],[-84.9,65.3]]],[[[-97.7,76.5],[-97.7,76.3],[-97.5,76.1],[-97.6,76],[-97.6,75.9],[-97.9,75.8],[-97.4,75.7],[-97.3,75.4],[-97.7,75.5],[-97.9,75.4],[-97.9,75.3],[-97.7,75.2],[-98.1,75.2],[-98,75],[-100.2,75],[-100.5,75.2],[-100.1,75.2],[-100.7,75.3],[-99.8,75.6],[-99.2,75.7],[-102.5,75.5],[-102.8,75.6],[-102.1,75.9],[-101,75.8],[-101.3,75.8],[-101.5,75.9],[-101.4,76],[-101.9,76.1],[-101.6,76.2],[-102.1,76.3],[-101.9,76.4],[-101.3,76.4],[-101.1,76.2],[-99.9,75.9],[-99.7,76],[-100.1,76.1],[-99.5,76.1],[-100.4,76.2],[-100,76.3],[-100.9,76.5],[-100.1,76.6],[-98.9,76.5],[-99,76.6],[-98.7,76.7],[-97.7,76.5]]],[[[-103.4,79.3],[-102.9,79.2],[-102.7,79.1],[-102.7,79],[-102.6,78.9],[-102.4,79],[-101.7,79.1],[-101,78.9],[-101.1,78.8],[-100.4,78.8],[-100,78.7],[-99.6,78.6],[-99.8,78.4],[-99.8,78.3],[-99.1,78.1],[-99,78],[-99.2,77.9],[-100,77.8],[-100.6,77.9],[-101.1,78.2],[-102.6,78.2],[-102.8,78.3],[-102.7,78.4],[-104.5,78.3],[-105,78.5],[-103.6,78.5],[-103.5,78.6],[-104,78.6],[-103.4,78.7],[-104.2,78.8],[-103.9,78.9],[-104.2,79],[-104.9,78.8],[-105,78.9],[-104.7,79],[-105.5,79],[-105.6,79.1],[-105.4,79.3],[-103.7,79.4],[-103.4,79.3]]],[[[-91.9,81.1],[-90.7,80.7],[-90.6,80.6],[-89.2,80.5],[-89.1,80.4],[-89.2,80.3],[-88.9,80.2],[-88.2,80.1],[-88.6,80.3],[-88.6,80.4],[-88.5,80.4],[-87.7,80.4],[-87.6,80.2],[-87.9,80.1],[-87.2,80],[-87,79.9],[-87.3,79.6],[-86.3,79.6],[-86,79.5],[-85.6,79.6],[-85,79.3],[-87,79],[-87.6,78.7],[-87.9,78.8],[-88,78.9],[-87.8,79],[-88,79],[-88.2,78.9],[-88.3,78.7],[-88,78.6],[-88,78.5],[-88.1,78.5],[-88.7,78.6],[-88.6,78.4],[-88.8,78.2],[-89.1,78.2],[-90,78.6],[-90.1,78.5],[-89.5,78.2],[-90.5,78.3],[-90.7,78.3],[-90.3,78.2],[-91.4,78.2],[-92.8,78.5],[-91.9,78.5],[-93.3,78.6],[-93.6,78.8],[-93.2,78.8],[-94.2,79],[-92.7,79.2],[-92.5,79.3],[-91.3,79.4],[-92.8,79.4],[-93.9,79.3],[-94.1,79.3],[-93.9,79.4],[-94.1,79.4],[-95.1,79.3],[-95.7,79.4],[-95.7,79.5],[-94.4,79.7],[-95.9,79.7],[-96.5,79.8],[-96.8,80.1],[-94.6,80],[-94.6,80.1],[-94.3,80.2],[-95.4,80.1],[-96.4,80.3],[-95.5,80.4],[-96.2,80.6],[-96.1,80.7],[-95.9,80.7],[-95.2,80.7],[-94.9,80.6],[-93.9,80.6],[-95.5,80.8],[-95.3,81],[-93.2,81.1],[-94.2,81.2],[-94.2,81.3],[-93,81.3],[-92,81.2],[-91.9,81.1]]],[[[-94.3,76.9],[-93.8,76.9],[-93.2,76.8],[-93.2,76.7],[-93.5,76.4],[-93,76.6],[-91.3,76.7],[-90.5,76.5],[-91.4,76.5],[-89.3,76.3],[-89.2,76.2],[-89.4,76.2],[-91.4,76.2],[-90.3,76.1],[-89.3,75.8],[-89.2,75.7],[-89.6,75.6],[-88.9,75.5],[-88.8,75.5],[-88.9,75.6],[-88.6,75.7],[-88.2,75.5],[-87.7,75.6],[-87.5,75.5],[-87.3,75.6],[-86,75.4],[-85.9,75.4],[-86.1,75.5],[-84.6,75.7],[-83.9,75.8],[-83.2,75.8],[-82.2,75.8],[-81.3,75.8],[-81,75.6],[-80.3,75.6],[-80.1,75.6],[-80.3,75.5],[-79.7,75.4],[-79.5,75.3],[-80.4,75],[-79.7,75],[-79.4,74.9],[-79.9,74.8],[-80.3,74.9],[-80.1,74.8],[-80.3,74.6],[-81.9,74.5],[-82.9,74.6],[-83.1,74.7],[-83.1,74.8],[-83.5,74.9],[-83.3,74.8],[-83.5,74.6],[-84.4,74.5],[-85.1,74.6],[-85.1,74.5],[-85.4,74.6],[-85.8,74.5],[-88.4,74.5],[-88.6,74.6],[-88.3,74.8],[-88.5,74.8],[-88.9,74.7],[-88.9,74.8],[-89.2,74.7],[-89.2,74.6],[-89.6,74.6],[-90.6,74.6],[-91,74.7],[-90.9,74.8],[-91.1,74.7],[-91.1,74.6],[-91.5,74.7],[-92,74.8],[-92.2,75.1],[-92.1,75.1],[-92.4,75.3],[-92.4,75.4],[-92.1,75.7],[-92.2,75.8],[-93.1,76.4],[-95.3,76.3],[-96,76.5],[-95.7,76.6],[-96.9,76.8],[-96.4,76.8],[-96.8,76.9],[-96.8,77],[-96.1,77.1],[-94.6,77],[-94.3,76.9]]],[[[-96.2,78.5],[-95.6,78.5],[-94.9,78.4],[-94.9,78.3],[-95.3,78.2],[-95,78.1],[-94.9,78.1],[-95.2,78],[-97,77.8],[-97.1,77.9],[-97,77.9],[-97.4,78],[-97.7,78.1],[-96.9,78.2],[-97.8,78.2],[-98,78.3],[-98.1,78.4],[-98.3,78.5],[-98.1,78.6],[-98.3,78.8],[-98.2,78.8],[-97.4,78.8],[-96.5,78.7],[-96.3,78.6],[-96.2,78.5]]],[[[-93.2,74.2],[-92.2,74],[-91.1,74],[-90.4,73.9],[-91.2,73.3],[-91.6,73.2],[-91.4,73.2],[-92.1,72.8],[-94.2,72.8],[-93.8,72.7],[-93.6,72.6],[-93.5,72.4],[-94.1,72],[-95.2,72],[-95.3,72.5],[-95.6,72.9],[-95.6,73.7],[-95.4,73.8],[-94.7,73.7],[-95.1,73.8],[-95.1,74],[-94.7,74.1],[-93.4,74.2],[-93.2,74.2]]],[[[-97.4,69.6],[-97.2,69.7],[-96.9,69.5],[-96.3,69.3],[-95.8,68.9],[-95.6,68.8],[-95.4,68.9],[-95.3,68.8],[-95.5,68.7],[-95.7,68.7],[-96.4,68.5],[-96.6,68.5],[-97,68.5],[-97.5,68.5],[-98.2,68.7],[-98.3,68.8],[-98.5,68.8],[-98.8,68.8],[-98.9,68.9],[-99.1,68.9],[-99.3,68.9],[-99.4,68.9],[-99.6,69],[-99.5,69.1],[-98.9,69.2],[-98.5,69.3],[-98.5,69.4],[-98.6,69.5],[-98.4,69.5],[-98.5,69.6],[-98,69.5],[-98.3,69.6],[-98.3,69.7],[-98.2,69.8],[-97.8,69.9],[-97.4,69.7],[-97.5,69.7],[-97.4,69.6]]],[[[-61.1,45.9],[-60.9,46],[-61,45.9],[-61,45.8],[-61.1,45.7],[-60.7,45.8],[-60.5,46],[-60.7,46],[-60.6,46.1],[-60.5,46.2],[-60.3,46.3],[-60.2,46.2],[-59.9,46.2],[-59.8,46.1],[-59.9,46],[-59.8,46],[-60.4,45.7],[-60.7,45.6],[-61.3,45.6],[-61.4,45.7],[-61.5,45.9],[-61.4,46.2],[-61.2,46.3],[-60.9,46.8],[-60.6,47],[-60.5,47],[-60.4,47],[-60.4,46.9],[-60.3,46.8],[-60.5,46.4],[-60.5,46.3],[-60.6,46.2],[-60.9,46],[-61.1,45.9]]],[[[-67.1,45.2],[-67.4,45.2],[-67.5,45.3],[-67.4,45.6],[-67.8,45.7],[-67.8,47.1],[-68.2,47.3],[-68.9,47.2],[-69,47.3],[-69.1,47.4],[-69.2,47.5],[-70,46.7],[-70.1,46.4],[-70.2,46.3],[-70.3,45.9],[-70.7,45.6],[-70.7,45.4],[-70.9,45.3],[-71,45.3],[-71.3,45.3],[-71.5,45],[-74.7,45],[-73.6,45.4],[-73.2,46],[-72.1,46.6],[-70.5,47],[-69.5,48],[-68.8,48.4],[-66.6,49.1],[-65.5,49.3],[-64.6,49.1],[-64.2,48.9],[-64.2,48.8],[-64.5,48.8],[-64.2,48.7],[-64.3,48.6],[-64.3,48.4],[-65.3,48],[-65.9,48.2],[-66.7,48],[-66.4,48.1],[-65.8,47.9],[-65.6,47.7],[-65,47.8],[-64.7,47.7],[-64.9,47.4],[-65.3,47.1],[-64.8,47.1],[-64.9,46.9],[-64.5,46.2],[-63.9,46.2],[-63.8,46.1],[-64.1,46],[-63.3,45.8],[-62.7,45.7],[-62.8,45.6],[-62.5,45.6],[-62,45.9],[-61.8,45.7],[-61.5,45.7],[-61.4,45.6],[-61.3,45.4],[-61.5,45.4],[-61,45.3],[-63.3,44.6],[-63.6,44.7],[-63.5,44.5],[-63.6,44.5],[-64,44.6],[-64.1,44.5],[-64.2,44.6],[-64.3,44.6],[-64.3,44.3],[-65.5,43.5],[-65.7,43.6],[-65.9,43.8],[-66,43.7],[-66.1,43.8],[-66.2,44.1],[-66.1,44.4],[-65.9,44.6],[-66.1,44.4],[-66.1,44.5],[-65.6,44.7],[-65.5,44.8],[-65.7,44.7],[-64.9,45.1],[-64.4,45.3],[-64.3,45.3],[-64.4,45.1],[-64.1,45],[-64.2,45.1],[-64.1,45.2],[-63.4,45.4],[-64.9,45.4],[-64.8,45.5],[-64.3,45.8],[-64.5,45.8],[-64.6,45.9],[-64.6,45.8],[-64.8,45.6],[-65.9,45.2],[-66.1,45.3],[-66,45.4],[-66.2,45.3],[-66.1,45.2],[-66.4,45.1],[-66.9,45.1],[-67.1,45.1],[-67.1,45.2]]],[[[-55.5,51.5],[-55.6,51.4],[-56,51.3],[-56,51.2],[-55.8,51.2],[-55.8,51],[-56.7,50],[-56.8,49.6],[-56.2,50.1],[-56.2,49.9],[-55.9,50],[-55.5,50],[-56.1,49.6],[-55.9,49.7],[-56.1,49.5],[-55.4,49.5],[-55.3,49.4],[-55.2,49.5],[-55.4,49.1],[-55.2,49.2],[-54.5,49.5],[-54.4,49.3],[-54.3,49.4],[-54,49.4],[-53.6,49.3],[-53.6,49.1],[-54.2,48.8],[-53.9,48.8],[-54,48.7],[-53.7,48.7],[-53.8,48.5],[-54.1,48.4],[-53,48.6],[-53.1,48.4],[-53.6,48.2],[-53.6,48.1],[-53.9,48],[-53.6,48],[-53.9,47.8],[-53.7,47.6],[-53.3,48],[-52.9,48.1],[-53.2,47.7],[-53.2,47.5],[-53.1,47.5],[-52.9,47.6],[-52.8,47.8],[-52.7,47.5],[-53.1,46.7],[-53.6,46.6],[-53.6,47.1],[-54,46.8],[-54.2,46.9],[-53.8,47.4],[-54,47.8],[-54.2,47.9],[-54.5,47.4],[-54.6,47.4],[-54.5,47.5],[-54.9,47.4],[-55.3,46.9],[-55.8,46.9],[-55.9,46.9],[-55.9,47],[-55.5,47.2],[-55.2,47.4],[-54.8,47.7],[-55.4,47.7],[-55.4,47.5],[-55.6,47.5],[-56.1,47.5],[-55.9,47.6],[-55.9,47.8],[-56.8,47.6],[-58.3,47.7],[-58.9,47.6],[-59.3,47.6],[-59.3,47.9],[-58.3,48.5],[-59.2,48.6],[-58.8,48.7],[-58.9,48.7],[-58.7,48.6],[-58.4,49.1],[-58,49],[-58.1,49.1],[-58,49.2],[-58.2,49.3],[-58.2,49.4],[-58,49.5],[-57.8,49.5],[-57.9,49.7],[-57.4,50.5],[-57.2,50.6],[-57.3,50.7],[-57.1,50.9],[-57,51],[-56.5,51.4],[-56,51.6],[-55.7,51.5],[-55.7,51.6],[-55.5,51.6],[-55.5,51.5]]],[[[-86.6,71],[-85.6,71.2],[-84.8,71],[-84.7,71.6],[-85.9,72],[-85.3,72.2],[-84.3,72],[-84.8,72.3],[-84.6,72.4],[-85.3,72.4],[-85.6,72.7],[-85.3,73],[-84.3,72.8],[-85.5,73.1],[-83.4,73.6],[-81.6,73.7],[-80.3,72.8],[-81.2,72.3],[-80.6,72.5],[-80.9,72.2],[-80.7,72.1],[-80.9,72.1],[-80.9,71.9],[-79.9,72.2],[-80.1,72.3],[-79.8,72.4],[-79,72.3],[-79,72],[-78.6,71.9],[-78.9,72.1],[-78.7,72.4],[-77.5,72.2],[-78.3,72.4],[-78.4,72.6],[-76.9,72.7],[-75.1,72.3],[-75.9,71.7],[-75.1,72.1],[-74.3,72],[-74.3,71.8],[-75.2,71.7],[-74.7,71.7],[-75,71.2],[-74.5,71.6],[-73.9,71.8],[-73.7,71.7],[-74.2,71.4],[-73.7,71.6],[-73.2,71.3],[-73.3,71.5],[-72.9,71.7],[-71.6,71.5],[-71.2,71.3],[-72.6,70.8],[-70.7,71.1],[-70.8,70.8],[-71.9,70.4],[-71.3,70.5],[-71.4,70.1],[-71,70.6],[-70.1,70.8],[-68.5,70.6],[-68.4,70.5],[-68.5,70.4],[-70.1,70],[-68.8,70.2],[-69,70],[-68.7,69.9],[-68.1,70.3],[-67.9,70.3],[-67.2,69.8],[-69.3,69.5],[-67.4,69.5],[-66.7,69.3],[-69,69.1],[-67.8,69],[-67.9,68.8],[-69.3,68.9],[-66.7,68.4],[-67,68.3],[-66.8,68.2],[-66.9,68.1],[-66.2,68.3],[-66.5,67.9],[-65.9,68.1],[-65.9,67.9],[-65.5,68],[-65.4,67.7],[-65.4,67.9],[-65,68],[-64.8,68],[-65,67.8],[-64.6,67.8],[-63.9,67.6],[-64.1,67.5],[-64,67.3],[-64.6,67.3],[-63,67.2],[-63.7,66.8],[-62.1,67],[-61.3,66.6],[-62.1,66.6],[-61.6,66.4],[-61.9,66.3],[-62.6,66.4],[-62.4,66.3],[-62.5,66.2],[-62,66],[-62.6,66],[-62.4,65.8],[-62.7,65.6],[-63.5,65.9],[-63.4,65.7],[-63.7,65.7],[-63.3,65.6],[-63.4,65.2],[-63.6,64.9],[-64.3,65.2],[-64.3,65.4],[-64.6,65.1],[-65.4,65.8],[-64.4,66.3],[-65.8,66],[-65.7,66.2],[-66.1,66.1],[-67,66.6],[-67.3,66.6],[-67.2,66.3],[-67.9,66.5],[-67.2,66],[-67.4,65.9],[-68.7,66.2],[-68.2,66.1],[-68.2,65.9],[-67.9,65.8],[-67.9,65.6],[-67.6,65.6],[-67.1,65.4],[-67.3,65.3],[-66.7,64.8],[-66.6,65],[-66.2,64.7],[-65.9,64.9],[-65.4,64.7],[-65.3,64.6],[-65.5,64.5],[-65.1,64.4],[-65.6,64.3],[-65.2,64],[-64.7,64],[-64.8,63.9],[-64.4,63.7],[-64.6,63.7],[-64.5,63.3],[-64.7,63.2],[-65.2,63.8],[-65.1,63.3],[-64.7,62.9],[-65.2,62.9],[-65.1,62.6],[-66.2,63.1],[-66.4,63],[-66.7,63.3],[-66.7,63.1],[-67.9,63.7],[-67.7,63.4],[-68.9,63.8],[-68.1,63.2],[-66,62.2],[-66.1,62.1],[-66.1,61.9],[-66.3,61.9],[-68.5,62.3],[-69.6,62.8],[-70.2,62.8],[-71.1,63],[-70.9,63.1],[-71.5,63.1],[-72,63.4],[-71.4,63.6],[-72.3,63.7],[-72.2,63.9],[-72.5,63.8],[-73.5,64.4],[-73.3,64.6],[-73.9,64.6],[-74.1,64.4],[-74.7,64.8],[-74.9,64.8],[-74.7,64.5],[-75.7,64.5],[-76.9,64.2],[-77.8,64.4],[-78.2,64.6],[-78.1,65],[-77.4,65.2],[-77.3,65.5],[-75.8,65.2],[-75.5,64.8],[-75.4,65],[-75.8,65.3],[-73.6,65.5],[-74.4,66.2],[-72.2,67.3],[-73.3,68.4],[-73.8,68.4],[-73.9,68.7],[-74.1,68.7],[-74,68.5],[-74.4,68.6],[-74.9,68.8],[-74.7,68.9],[-75,69],[-74.7,69],[-74.9,69.1],[-76.6,68.7],[-76.6,69],[-75.6,69.2],[-76.5,69.5],[-76.2,69.7],[-77.1,69.6],[-76.9,69.8],[-77.6,69.8],[-77.8,70.2],[-78.3,70.2],[-79.1,70.6],[-79.4,70.4],[-78.8,70.2],[-79.1,69.9],[-81.7,70.1],[-80.9,69.7],[-81.6,69.9],[-82.3,69.8],[-83.1,70],[-85.8,70],[-86.3,70.1],[-86.5,70.4],[-86.4,70.5],[-87.9,70.3],[-88.8,70.5],[-89.5,71.1],[-87.1,71],[-89.7,71.4],[-90,71.9],[-89.7,72.2],[-89.9,72.2],[-89.8,72.5],[-88.7,73.4],[-86.8,73.8],[-85,73.8],[-86.1,73.3],[-86.7,72.8],[-86.3,72.5],[-86.2,71.9],[-85,71.4],[-86.5,71],[-86.6,71]]],[[[-61.8,49.1],[-62.2,49.1],[-63,49.2],[-63.6,49.4],[-63.8,49.6],[-64.4,49.8],[-64.5,49.9],[-64.1,49.9],[-63.1,49.8],[-61.8,49.3],[-61.7,49.1],[-61.8,49.1]]],[[[-63.8,46.5],[-63.7,46.5],[-63.7,46.6],[-63.1,46.4],[-62.2,46.5],[-62,46.4],[-62.5,46.2],[-62.5,46],[-62.8,46],[-62.9,46],[-62.9,46.1],[-63,46.1],[-62.9,46.1],[-63,46.2],[-63.1,46.2],[-63,46.3],[-63.3,46.2],[-63.2,46.2],[-63.6,46.2],[-63.7,46.3],[-63.8,46.4],[-64.1,46.4],[-64.1,46.6],[-64.4,46.6],[-64.4,46.7],[-64.2,46.9],[-64,47.1],[-64,46.9],[-64.1,46.8],[-63.9,46.6],[-63.9,46.5],[-63.8,46.5]]],[[[-82,63],[-82,62.9],[-82,62.8],[-82.1,62.7],[-83,62.2],[-83.4,62.2],[-83.7,62.2],[-83.8,62.3],[-83.9,62.4],[-83.4,62.9],[-83,62.9],[-82.7,62.9],[-82,63]]],[[[-79.5,62.4],[-79.3,62.3],[-79.3,62.2],[-79.3,62],[-79.7,61.6],[-79.8,61.6],[-80.3,61.8],[-80.3,62.1],[-80.2,62.2],[-79.9,62.4],[-79.6,62.4],[-79.5,62.4]]],[[[-75.7,68.3],[-75.2,68.2],[-75.1,68.2],[-75.1,68.1],[-75.1,68],[-75.1,67.6],[-75.2,67.5],[-75.4,67.4],[-75.8,67.3],[-76.7,67.2],[-77,67.3],[-77.2,67.5],[-77.3,67.7],[-77.2,67.9],[-76.7,68.2],[-76.4,68.3],[-75.9,68.3],[-75.7,68.3]]],[[[-79.5,73.7],[-78.3,73.7],[-77.2,73.5],[-77,73.4],[-76.8,73.3],[-76.6,73.2],[-76.3,73.1],[-76.3,73],[-76.1,72.9],[-76.4,72.8],[-77.8,72.9],[-78.3,72.9],[-79.5,72.8],[-79.9,72.9],[-80.1,73],[-80.2,73.2],[-80.6,73.3],[-80.8,73.4],[-80.8,73.5],[-80.7,73.5],[-80.9,73.6],[-80.8,73.7],[-80.4,73.8],[-79.9,73.7],[-79.5,73.7]]],[[[-80.7,52.7],[-81.1,52.8],[-81.8,53],[-82,53],[-81.8,53.2],[-81.1,53.2],[-80.8,52.9],[-80.7,52.8],[-80.7,52.7]]],[[[-78.8,56.1],[-78.9,56.1],[-78.9,56.2],[-78.8,56.3],[-78.8,56.4],[-78.7,56.4],[-78.7,56.3],[-78.8,56.2],[-78.8,56.1]]],[[[-78.9,56.3],[-79.2,55.9],[-79.3,55.9],[-79.1,56.1],[-79.2,56.2],[-79.5,55.9],[-79.8,55.8],[-79.5,56.1],[-79.9,55.9],[-80,55.9],[-79.5,56.3],[-79.5,56.5],[-79.4,56.4],[-79.5,56.2],[-79.4,56.3],[-79.3,56.6],[-79,56.4],[-78.9,56.3]]],[[[-80,56.2],[-80.1,56.2],[-80.1,56.3],[-79.9,56.4],[-79.7,56.4],[-79.6,56.5],[-79.7,56.3],[-80,56.2]]],[[[-89.8,77.3],[-90.2,77.2],[-91,77.3],[-91.1,77.4],[-91.2,77.6],[-91.1,77.6],[-90.8,77.7],[-90.2,77.6],[-89.7,77.4],[-89.7,77.3],[-89.8,77.3]]],[[[-104.6,77.1],[-105.2,77.2],[-105.6,77.4],[-106.1,77.7],[-105.6,77.7],[-105.3,77.6],[-105,77.5],[-105,77.4],[-104.8,77.4],[-104.5,77.3],[-104.5,77.2],[-104.6,77.1]]],[[[-98.8,80],[-98.8,79.8],[-98.9,79.7],[-99.3,79.8],[-99.5,79.9],[-100,79.9],[-100.1,79.9],[-100.1,80],[-100.1,80.1],[-99.7,80.1],[-99,80.1],[-98.8,80]]],[[[-105.3,72.9],[-105.4,72.9],[-106.1,73.2],[-106.2,73.3],[-106.9,73.5],[-106.6,73.7],[-105.5,73.8],[-105.1,73.7],[-104.6,73.6],[-104.6,73.5],[-104.6,73.3],[-104.8,73.2],[-105.2,72.9],[-105.3,72.9]]],[[[-102.2,76],[-102,75.9],[-102.4,75.9],[-102.6,75.8],[-103.3,75.8],[-103,75.9],[-103.2,76],[-103.8,75.9],[-104,75.9],[-103.8,76],[-104.2,76],[-104.4,76.1],[-104.4,76.2],[-103.1,76.3],[-102.6,76.3],[-102.5,76.1],[-102.4,76.1],[-102.2,76]]],[[[-104,76.6],[-103.7,76.6],[-103,76.4],[-103.5,76.3],[-104.4,76.3],[-104.6,76.6],[-104.2,76.7],[-104,76.7],[-104,76.6]]],[[[-118.3,75.6],[-118.6,75.5],[-118.8,75.5],[-119.4,75.6],[-118.6,75.9],[-117.8,76.1],[-117.5,76.1],[-117.6,76],[-118.2,75.6],[-118.3,75.6]]],[[[-113.8,77.8],[-114.3,77.7],[-114.6,77.8],[-115,78],[-114.3,78.1],[-114.3,78],[-113.8,77.9],[-113.6,77.8],[-113.7,77.8],[-113.8,77.8]]],[[[-130.9,54.5],[-131,54.5],[-130.9,54.6],[-130.8,54.6],[-130.8,54.5],[-130.9,54.5]]],[[[-131,52],[-131.1,52],[-131.1,52.1],[-131.1,52.2],[-131,52.1],[-131,52]]],[[[-130.2,54],[-130.3,53.9],[-130.4,53.8],[-130.5,53.9],[-130.6,53.9],[-130.6,53.8],[-130.7,53.9],[-130.7,54],[-130.5,54.1],[-130.4,54.1],[-130.3,54],[-130.2,54]]],[[[-129.8,53.2],[-129.9,53.2],[-130.2,53.3],[-130.3,53.4],[-130.4,53.5],[-130.5,53.5],[-130.5,53.6],[-130.2,53.5],[-130,53.5],[-129.9,53.4],[-129.8,53.2]]],[[[-130.6,54.8],[-130.2,55],[-130.2,54.9],[-130.3,54.8],[-130.5,54.7],[-130.6,54.8]]],[[[-128.6,52.9],[-128.5,52.6],[-128.5,52.5],[-128.6,52.5],[-128.6,52.3],[-128.7,52.3],[-128.7,52.4],[-128.7,52.5],[-128.8,52.6],[-128.7,52.8],[-128.8,52.7],[-128.9,52.7],[-129,52.8],[-129.1,52.8],[-129.1,52.9],[-129.2,53],[-129.1,53.1],[-129.1,53.2],[-129,53.3],[-128.9,53.2],[-128.6,53.1],[-128.6,52.9]]],[[[-126.1,49.4],[-126.1,49.3],[-126.2,49.3],[-126.2,49.4],[-126.1,49.4]]],[[[-124.2,49.5],[-124.1,49.5],[-124.4,49.6],[-124.6,49.8],[-124.5,49.8],[-124.4,49.7],[-124.3,49.7],[-124.2,49.5]]],[[[-126.6,49.6],[-126.7,49.6],[-126.9,49.7],[-127,49.7],[-126.9,49.8],[-126.8,49.9],[-126.7,49.8],[-126.6,49.7],[-126.6,49.6]]],[[[-125.2,50.1],[-125.2,50],[-125.3,50.1],[-125.4,50.3],[-125.3,50.4],[-125.2,50.4],[-125.1,50.3],[-125.1,50.2],[-125.2,50.1]]],[[[-128.9,52.5],[-129,52.5],[-129.2,52.6],[-129.3,52.7],[-129.3,52.8],[-129.2,52.8],[-129,52.7],[-128.9,52.6],[-128.9,52.5]]],[[[-127.9,51.5],[-128,51.5],[-128.1,51.5],[-128.1,51.6],[-128,51.7],[-127.9,51.6],[-127.9,51.5]]],[[[-128.4,52.4],[-128.4,52.5],[-128.4,52.6],[-128.4,52.7],[-128.4,52.8],[-128.2,52.8],[-128.3,52.5],[-128.3,52.4],[-128.4,52.4]]],[[[-129.3,53],[-129.4,53],[-129.5,53.1],[-129.5,53.2],[-129.3,53.1],[-129.3,53]]],[[[-129.2,53.1],[-129.3,53.1],[-129.3,53.2],[-129.3,53.3],[-129.2,53.3],[-129.2,53.1]]],[[[-123.4,48.8],[-123.5,48.7],[-123.5,48.8],[-123.6,48.9],[-123.5,48.9],[-123.5,48.8],[-123.4,48.8]]],[[[-59.8,43.9],[-59.9,43.9],[-60,43.9],[-60.1,43.9],[-60.1,44],[-59.9,43.9],[-59.7,44],[-59.8,43.9]]],[[[-61,45.5],[-61.1,45.5],[-61.1,45.6],[-61,45.6],[-60.9,45.6],[-61,45.5]]],[[[-61.9,47.3],[-61.8,47.3],[-61.8,47.2],[-62,47.2],[-61.9,47.4],[-61.5,47.6],[-61.4,47.6],[-61.5,47.6],[-61.6,47.6],[-61.9,47.3]]],[[[-64.5,47.9],[-64.5,47.8],[-64.6,47.8],[-64.7,47.8],[-64.7,47.9],[-64.6,47.9],[-64.5,47.9]]],[[[-64.5,48],[-64.6,47.9],[-64.5,48],[-64.5,48],[-64.5,48],[-64.5,48],[-64.5,48]]],[[[-66.3,44.3],[-66.3,44.4],[-66.2,44.4],[-66.3,44.3]]],[[[-66.8,44.7],[-66.9,44.6],[-66.8,44.8],[-66.7,44.8],[-66.8,44.7]]],[[[-73.6,45.5],[-73.6,45.4],[-73.8,45.5],[-74,45.4],[-73.9,45.5],[-73.7,45.6],[-73.5,45.7],[-73.6,45.5]]],[[[-73.7,45.6],[-73.8,45.6],[-73.9,45.6],[-73.7,45.7],[-73.6,45.7],[-73.7,45.6]]],[[[-71,46.9],[-71.1,46.9],[-71,47],[-70.9,47],[-70.8,47],[-70.9,46.9],[-71,46.9]]],[[[-55.5,50.7],[-55.6,50.7],[-55.6,50.8],[-55.5,50.8],[-55.5,50.7]]],[[[-54.6,49.6],[-54.8,49.5],[-54.9,49.6],[-54.8,49.6],[-54.7,49.6],[-54.6,49.6],[-54.5,49.6],[-54.6,49.6]]],[[[-55.4,51.9],[-55.3,52],[-55.3,51.9],[-55.4,51.9]]],[[[-54.1,49.7],[-54,49.7],[-54.2,49.6],[-54.3,49.6],[-54.3,49.7],[-54.2,49.7],[-54.1,49.8],[-54.1,49.7]]],[[[-54.2,47.4],[-54.3,47.4],[-54.2,47.5],[-54.2,47.6],[-54.1,47.6],[-54.2,47.4]]],[[[-64.8,62.6],[-64.5,62.6],[-64.5,62.5],[-64.4,62.5],[-64.5,62.4],[-64.7,62.4],[-64.9,62.4],[-65,62.5],[-64.9,62.5],[-64.8,62.5],[-64.8,62.6]]],[[[-68.2,60.2],[-68.3,60.2],[-68.4,60.3],[-68.1,60.6],[-68,60.6],[-67.9,60.5],[-67.8,60.4],[-67.9,60.3],[-68,60.3],[-68.2,60.2]]],[[[-70.3,62.5],[-70.5,62.6],[-70.8,62.6],[-70.9,62.7],[-71,62.8],[-71.1,62.8],[-71.2,62.9],[-71.1,62.9],[-70.8,62.8],[-70.7,62.8],[-70.4,62.7],[-70.3,62.6],[-70.3,62.5]]],[[[-64.8,61.4],[-64.9,61.4],[-65,61.4],[-65.1,61.4],[-65.4,61.6],[-65.1,61.7],[-65,61.7],[-64.8,61.7],[-64.7,61.6],[-64.7,61.5],[-64.8,61.4]]],[[[-65,61.9],[-64.9,61.8],[-64.8,61.8],[-64.9,61.7],[-65.2,61.8],[-65.2,61.9],[-65.1,61.9],[-65,61.9]]],[[[-69.2,59],[-69.3,59],[-69.4,59],[-69.3,59],[-69.3,59.1],[-69.2,59.1],[-69.2,59]]],[[[-64.4,60.4],[-64.4,60.3],[-64.7,60.4],[-64.8,60.4],[-64.8,60.5],[-64.6,60.5],[-64.5,60.4],[-64.4,60.4]]],[[[-61,56],[-61.1,56],[-61.2,56],[-61.2,56.1],[-61.1,56.1],[-61,56.1],[-61,56]]],[[[-61.7,57.6],[-61.7,57.5],[-61.6,57.4],[-61.8,57.4],[-62,57.5],[-62,57.6],[-61.9,57.6],[-61.8,57.6],[-61.7,57.6]]],[[[-67.9,69.5],[-68.2,69.6],[-68,69.7],[-67.9,69.7],[-67.8,69.7],[-67.8,69.6],[-67.9,69.5]]],[[[-62.7,67.1],[-62.8,67],[-62.9,67.1],[-62.8,67.1],[-62.6,67.2],[-62.5,67.2],[-62.4,67.2],[-62.5,67.1],[-62.7,67.1]]],[[[-79.1,75.9],[-79.4,75.8],[-79.5,75.8],[-79.6,75.8],[-79.7,75.9],[-79.6,76],[-79,76.1],[-78.8,76.1],[-78.9,76],[-79.1,76],[-79.1,75.9]]],[[[-79.9,56.8],[-79.9,56.9],[-79.8,56.8],[-79.9,56.8]]],[[[-79.7,57.5],[-79.8,57.5],[-79.8,57.4],[-79.8,57.5],[-79.8,57.6],[-79.7,57.6],[-79.7,57.5]]],[[[-79.5,56.7],[-79.6,56.6],[-79.6,56.7],[-79.6,56.8],[-79.5,56.8],[-79.5,56.7]]],[[[-79.9,53.3],[-80,53.3],[-80.1,53.3],[-80,53.4],[-79.9,53.3]]],[[[-79.4,52],[-79.5,52],[-79.6,52],[-79.3,52.1],[-79.4,52]]],[[[-123.4,48.9],[-123.5,48.9],[-123.7,49.1],[-123.5,49],[-123.4,48.9]]],[[[-125,50],[-125,50.1],[-125,50.2],[-124.9,50.1],[-125,50]]],[[[-73.6,67.8],[-74.5,67.8],[-74.7,67.9],[-74.7,68],[-74.7,68.1],[-74.4,68.1],[-73.5,68],[-73.4,68],[-73.4,67.8],[-73.6,67.8]]],[[[-77.9,63.5],[-77.7,63.4],[-77.5,63.3],[-77.5,63.2],[-77.7,63.2],[-77.9,63.1],[-78.3,63.2],[-78.5,63.4],[-78.2,63.5],[-77.9,63.5]]],[[[-94.5,75.7],[-94.8,75.8],[-94.9,75.9],[-94.8,76],[-94.5,76],[-94.4,75.9],[-94.3,75.8],[-94.5,75.7]]],[[[-80.3,59.6],[-80.3,59.7],[-80.2,59.7],[-80.2,59.6],[-80.3,59.6]]],[[[-80.1,59.8],[-80.2,59.8],[-80.1,59.8],[-80,59.9],[-79.9,59.9],[-79.9,59.8],[-80.1,59.8]]],[[[-96.8,72.9],[-96.9,72.9],[-97.1,73],[-97.1,73.1],[-97,73.2],[-96.9,73.2],[-96.8,73.2],[-96.7,73.1],[-96.6,73.1],[-96.6,73],[-96.7,72.9],[-96.8,72.9]]],[[[-97.4,74.5],[-97.7,74.5],[-97.5,74.6],[-97.4,74.6],[-97.3,74.6],[-97.4,74.5]]],[[[-98.3,73.9],[-99,73.8],[-99.4,73.9],[-98.8,74],[-98.1,74.1],[-97.7,74.1],[-98.1,73.9],[-98.3,73.9]]],[[[-90.2,69.4],[-90.3,69.3],[-90.4,69.3],[-90.5,69.3],[-90.5,69.4],[-90.4,69.4],[-90.3,69.4],[-90.2,69.4]]],[[[-90.5,69.2],[-90.6,69.2],[-90.6,69.3],[-90.7,69.3],[-90.8,69.3],[-90.7,69.4],[-90.6,69.4],[-90.5,69.3],[-90.5,69.2]]],[[[-74,62.6],[-74.3,62.6],[-74.5,62.7],[-74.6,62.7],[-74.4,62.7],[-74.1,62.7],[-74,62.7],[-74,62.6]]],[[[-74.9,68.3],[-75,68.3],[-75.1,68.4],[-75.3,68.5],[-75.4,68.5],[-75.4,68.6],[-75.3,68.7],[-75.1,68.7],[-75,68.6],[-74.8,68.5],[-74.8,68.4],[-74.9,68.3]]],[[[-78.5,60.7],[-78.7,60.7],[-78.6,60.8],[-78.2,60.8],[-78.3,60.8],[-78.4,60.8],[-78.5,60.7]]],[[[-79,68.2],[-79.1,68.2],[-79.2,68.2],[-79.2,68.3],[-79,68.4],[-78.9,68.3],[-78.8,68.3],[-79,68.2]]],[[[-76.7,63.4],[-76.8,63.4],[-76.9,63.4],[-77.1,63.4],[-77.4,63.6],[-77.1,63.7],[-76.8,63.6],[-76.7,63.5],[-76.7,63.4]]],[[[-79.4,69.8],[-79.4,69.7],[-79.6,69.6],[-80,69.6],[-80,69.5],[-80.4,69.6],[-80.8,69.7],[-80.7,69.7],[-80.5,69.7],[-80.4,69.8],[-80.2,69.8],[-80.1,69.7],[-80,69.7],[-79.6,69.8],[-79.4,69.8]]],[[[-78,69.7],[-78,69.6],[-78.5,69.5],[-78.6,69.5],[-78.7,69.5],[-78.8,69.5],[-78.6,69.6],[-78.4,69.7],[-78.3,69.7],[-78.2,69.7],[-78.1,69.7],[-78,69.7]]],[[[-77.6,64],[-77.7,63.9],[-77.9,64],[-78,64],[-77.9,64],[-77.7,64],[-77.6,64]]],[[[-83.1,66.3],[-82.9,66.3],[-83,66.2],[-83.1,66.2],[-83.2,66.3],[-83.1,66.3]]],[[[-79.2,68.8],[-79.4,68.9],[-79.2,69],[-78.9,69.1],[-78.8,69.3],[-78.7,69.3],[-78.7,69.4],[-78.3,69.4],[-78.2,69.3],[-78.8,69],[-79.1,68.9],[-79.2,68.8]]],[[[-77,69.1],[-77.2,69.1],[-77.3,69.2],[-77.4,69.3],[-77.3,69.4],[-77.2,69.4],[-77.1,69.4],[-77,69.4],[-76.7,69.4],[-76.7,69.3],[-76.8,69.3],[-76.9,69.2],[-77,69.1]]],[[[-86.9,70.1],[-86.6,70.1],[-86.5,70],[-86.6,70],[-86.7,70],[-87,70],[-87.2,70],[-87.3,70.1],[-87.1,70.1],[-86.9,70.1]]],[[[-83.7,65.8],[-83.2,65.7],[-83.4,65.6],[-83.6,65.7],[-83.8,65.7],[-83.7,65.8],[-83.8,65.8],[-84.1,65.8],[-84.1,65.9],[-84.5,66.1],[-84.4,66.1],[-84,66],[-83.7,65.9],[-83.8,65.8],[-83.7,65.8]]],[[[-86.6,67.7],[-86.7,67.8],[-86.9,67.8],[-86.9,67.9],[-86.8,68],[-86.9,68.1],[-87,68.1],[-86.9,68.2],[-86.7,68.3],[-86.6,68.3],[-86.5,68.2],[-86.4,68.2],[-86.4,68.1],[-86.4,67.9],[-86.4,67.8],[-86.5,67.8],[-86.6,67.7]]],[[[-84.7,65.6],[-84.8,65.6],[-84.9,65.7],[-85.1,65.8],[-85.1,65.9],[-85.2,65.9],[-85.2,66],[-85.1,66],[-85,66],[-84.9,66],[-84.7,65.8],[-84.6,65.7],[-84.6,65.6],[-84.7,65.6]]],[[[-93,61.8],[-93.1,61.8],[-93.2,61.9],[-93.1,61.9],[-93,61.9],[-93,61.8]]],[[[-101.2,76.6],[-101.6,76.6],[-100.9,76.7],[-100.3,76.7],[-100.7,76.6],[-101.2,76.6]]],[[[-103,78.1],[-103.1,78.1],[-103.3,78.1],[-103.3,78.2],[-103.1,78.2],[-103,78.3],[-102.9,78.3],[-102.8,78.3],[-102.8,78.2],[-103,78.1]]],[[[-101.7,77.7],[-102.4,77.7],[-102.5,77.8],[-102.5,77.9],[-101.6,77.9],[-101.2,77.8],[-101,77.7],[-101.6,77.7],[-101.7,77.7]]],[[[-89.7,76.5],[-90,76.5],[-90.2,76.5],[-90.4,76.7],[-90.6,76.7],[-90.6,76.8],[-90.5,76.8],[-90.4,76.8],[-90.1,76.8],[-89.9,76.8],[-89.8,76.8],[-89.7,76.7],[-89.8,76.6],[-89.7,76.5]]],[[[-96.1,75.5],[-96.5,75.5],[-96.9,75.4],[-97,75.5],[-96.4,75.7],[-96,75.5],[-96.1,75.5]]],[[[-95.3,74.5],[-95.4,74.5],[-95.8,74.6],[-95.9,74.6],[-95.7,74.6],[-95.5,74.6],[-95.4,74.6],[-95.3,74.5]]],[[[-121.1,75.7],[-121.2,75.8],[-121,75.8],[-121,75.9],[-120.9,75.9],[-120.9,75.8],[-121,75.8],[-121.1,75.7]]],[[[-113.6,76.7],[-113.7,76.7],[-114.8,76.8],[-114.4,76.9],[-113.9,76.9],[-113.6,76.8],[-113.5,76.8],[-113.6,76.7]]],[[[-104.1,75],[-104.6,75.1],[-104.9,75.1],[-104.6,75.3],[-104.5,75.4],[-104.1,75.4],[-103.8,75.3],[-103.6,75.2],[-103.8,75.1],[-104.1,75]]],[[[-100.2,68.8],[-100.4,68.7],[-100.5,68.8],[-100.6,68.8],[-100.6,68.9],[-100.6,69],[-100.4,69],[-100.3,69],[-100.2,68.9],[-100.2,68.8]]],[[[-100,69],[-100.1,69],[-100.2,69],[-100.2,69.1],[-100.1,69.1],[-100,69]]],[[[-100.3,70.5],[-100.6,70.5],[-100.6,70.6],[-100.7,70.6],[-100.6,70.7],[-100.5,70.7],[-100.3,70.6],[-100.3,70.5]]],[[[-95.5,69.6],[-95.4,69.5],[-95.4,69.4],[-95.5,69.4],[-95.6,69.3],[-95.7,69.3],[-95.7,69.4],[-95.7,69.5],[-95.8,69.6],[-95.8,69.5],[-95.8,69.4],[-95.9,69.4],[-96,69.4],[-96,69.5],[-95.9,69.6],[-95.8,69.6],[-95.6,69.6],[-95.5,69.6]]],[[[-101.2,69.4],[-101.3,69.4],[-101.2,69.5],[-101.3,69.5],[-101.4,69.5],[-101.4,69.6],[-101.3,69.6],[-101.2,69.6],[-101.1,69.5],[-101,69.5],[-101.1,69.4],[-101.2,69.4]]],[[[-101.8,68.6],[-102.3,68.7],[-102.1,68.8],[-102,68.8],[-101.8,68.8],[-101.7,68.8],[-101.7,68.7],[-101.8,68.6]]],[[[-104.5,68.4],[-104.6,68.4],[-104.9,68.5],[-105,68.5],[-105.1,68.6],[-104.9,68.6],[-104.6,68.6],[-104.5,68.5],[-104.4,68.5],[-104.4,68.4],[-104.5,68.4]]],[[[-107.9,67.4],[-108,67.3],[-108,67.4],[-108.2,67.4],[-108.2,67.5],[-108.1,67.6],[-108,67.7],[-108,67.6],[-108,67.5],[-107.9,67.5],[-107.9,67.4]]],[[[-109.2,68],[-109,68],[-108.9,67.9],[-109.1,67.9],[-109.2,68]]],[[[-108.1,67],[-107.8,67],[-107.8,66.9],[-107.9,66.9],[-108.1,66.9],[-108.1,67]]],[[[-109.3,68],[-109.4,68],[-109.5,68],[-109.5,68.1],[-109.3,68]]],[[[-139,69.6],[-139.1,69.5],[-139.3,69.6],[-139.1,69.6],[-138.9,69.6],[-139,69.6]]]]}},{"type":"Feature","properties":{"iso3":"CMR","iso2":"CM","name":"Cameroon","continent":"Africa","subregion":"Middle Africa"},"geometry":{"type":"Polygon","coordinates":[[[8.6,4.8],[8.8,5.2],[9,5.9],[9.7,6.5],[9.8,6.8],[10.1,7],[10.2,6.9],[10.5,6.9],[10.6,7.1],[11,6.7],[11.1,6.5],[11.2,6.5],[11.5,6.6],[11.6,6.9],[11.9,7.1],[11.8,7.3],[12,7.6],[12.2,8.3],[12.4,8.6],[12.6,8.6],[12.8,8.8],[12.9,9.4],[13.2,9.6],[13.3,10],[13.4,10.2],[13.7,10.9],[14,11.2],[14.6,11.5],[14.6,12.2],[14.5,12.3],[14.2,12.4],[14.1,13.1],[14.5,13],[14.8,12.5],[15.1,11.8],[15.1,11.5],[15,11.1],[15.1,10.6],[15.3,10.4],[15.7,10],[14.2,10],[14,9.7],[14.3,9.2],[15.1,8.6],[15.6,7.7],[14.8,6.3],[14.4,6],[14.6,5.9],[14.6,5.3],[14.7,4.7],[15.1,4.3],[15.1,4.1],[15.1,3.9],[16.1,2.9],[16.2,2.3],[16.1,2],[16.1,1.7],[15.6,2],[14.9,2],[14.6,2.2],[13.3,2.2],[13.2,2.3],[11.6,2.3],[11.3,2.3],[11.3,2.2],[10,2.2],[9.8,2.3],[9.9,3.2],[9.7,3.5],[9.8,3.6],[9.6,3.6],[9.6,3.8],[9.7,3.9],[9.6,4],[9.7,4.1],[9.5,4.1],[9.4,3.9],[9,4.1],[8.9,4.6],[8.7,4.7],[8.7,4.6],[8.6,4.5],[8.6,4.8]]]}},{"type":"Feature","properties":{"iso3":"KHM","iso2":"KH","name":"Cambodia","continent":"Asia","subregion":"South-Eastern Asia"},"geometry":{"type":"MultiPolygon","coordinates":[[[[103,11.3],[103,11.3],[103,11.3],[103,11.3],[103,11.3],[103,11.4],[103,11.4],[103,11.3]]],[[[103.3,10.7],[103.3,10.7],[103.2,10.8],[103.2,10.8],[103.3,10.7]]],[[[107.5,14.7],[107.3,14.1],[107.6,13.4],[107.5,13],[107.5,12.4],[107.4,12.3],[107.2,12.3],[106.9,12.1],[106.4,11.9],[106.4,11.7],[106,11.8],[105.9,11.6],[105.9,11.3],[106.2,11],[106.2,10.8],[105.9,10.9],[105.8,11],[105.4,11],[105.3,10.8],[105,10.9],[105,10.7],[104.9,10.5],[104.6,10.5],[104.4,10.4],[103.9,10.7],[103.7,10.5],[103.6,10.6],[103.5,10.7],[103.7,10.9],[103.5,11.1],[103.4,10.9],[103.2,10.9],[103.1,11.5],[102.7,12.1],[102.8,12.4],[102.5,12.7],[102.3,13.5],[102.5,13.6],[103,14.3],[103.5,14.4],[104,14.4],[104.8,14.4],[105,14.4],[105,14.2],[105.2,14.3],[105.4,14.1],[105.5,14.2],[105.9,13.9],[106.1,13.9],[106.1,14],[106,14.3],[106.2,14.4],[106.2,14.5],[106.4,14.5],[106.5,14.6],[106.8,14.3],[106.9,14.3],[107.5,14.7]]]]}},{"type":"Feature","properties":{"iso3":"MMR","iso2":"MM","name":"Myanmar","continent":"Asia","subregion":"South-Eastern Asia"},"geometry":{"type":"MultiPolygon","coordinates":[[[[100.1,20.3],[99.9,20.4],[99.7,20.3],[99.5,20.4],[99.5,20.1],[99.1,20.1],[98.9,19.8],[98.4,19.7],[98,19.7],[97.8,19.5],[97.7,18.9],[97.7,18.6],[97.4,18.5],[97.5,18.4],[97.6,18.3],[97.7,17.8],[98.4,17],[98.7,16.3],[98.8,16.4],[98.9,16.4],[98.8,16.2],[98.6,16.1],[98.6,15.4],[98.2,15.2],[98.2,15],[98.6,14.4],[98.9,14],[99.1,13.7],[99.1,13],[99.2,12.7],[99.4,12.5],[99.6,11.8],[99.2,11.1],[98.8,10.7],[98.7,10.2],[98.6,10],[98.5,10.7],[98.7,11],[98.7,11.6],[98.9,11.7],[98.6,11.7],[98.7,12.2],[98.6,12.2],[98.7,12.3],[98.6,13.2],[98.2,13.7],[98.2,14],[98.1,13.6],[98.1,13.7],[98.1,14.2],[97.9,14.7],[98,14.7],[97.8,14.9],[97.7,15.9],[97.6,16],[97.6,16.5],[97.7,16.6],[97.4,16.5],[97.2,17.1],[96.9,17.4],[96.9,17],[96.8,16.7],[96.4,16.5],[96.2,16.8],[96.3,16.4],[95.8,16.2],[95.4,15.7],[95.3,15.8],[95.3,16.1],[95.2,15.8],[94.9,15.8],[94.9,16.2],[94.8,16],[94.7,15.9],[94.7,16.5],[94.7,16.3],[94.4,16.1],[94.2,16],[94.3,16.5],[94.6,17.6],[94.4,18.2],[94.2,18.7],[94.1,18.9],[94,19.3],[93.9,18.9],[93.7,19],[93.5,19.4],[93.6,19.4],[93.8,19.2],[94,19.4],[93.6,19.8],[93.7,19.9],[93.3,20.1],[93.2,20],[93.2,19.9],[93.1,19.9],[93,20.1],[93.1,20.2],[93,20.2],[93.1,20.4],[92.9,20.2],[92.8,20.2],[92.9,20.4],[92.7,20.6],[92.7,20.3],[92.4,20.7],[92.2,21.3],[92.3,21.4],[92.6,21.3],[92.6,22],[92.7,22.1],[93,22],[93.2,22.2],[93.1,22.7],[93.2,23],[93.3,23.1],[93.4,23.3],[93.3,24.1],[94.1,23.9],[94.7,25],[94.6,25.2],[94.6,25.3],[95.1,26],[95.1,26.3],[95.1,26.6],[96.2,27.3],[96.7,27.3],[97.1,27.1],[96.9,27.6],[97.3,27.9],[97.3,28.2],[97.5,28.5],[97.9,28.4],[98.1,28.1],[98.3,27.6],[98.5,27.7],[98.7,27.6],[98.7,26.7],[98.7,26.2],[98.6,26.1],[98.7,25.9],[98.5,25.8],[98.3,25.6],[98.1,25.6],[98,25.3],[97.8,25.3],[97.7,24.9],[97.6,24.8],[97.5,24.5],[97.7,24.2],[97.6,23.9],[98.2,24.1],[98.8,24.1],[98.7,23.9],[98.8,23.6],[98.9,23.2],[99.4,23.1],[99.5,23],[99.4,22.8],[99.2,22.1],[99.9,22],[99.9,21.8],[100.2,21.5],[100.6,21.5],[100.8,21.7],[101.1,21.7],[101.1,21.5],[100.7,21.3],[100.5,21],[100.6,20.9],[100.2,20.7],[100.1,20.4],[100.1,20.3]]],[[[98.2,11],[98.3,10.8],[98.3,10.7],[98.2,10.8],[98.2,10.9],[98.1,10.9],[98.2,11]]],[[[98.2,9.9],[98.1,9.9],[98.1,10],[98.2,10],[98.3,10.1],[98.3,10],[98.2,10],[98.2,9.9]]],[[[98.2,11.5],[98.2,11.6],[98.3,11.8],[98.3,11.7],[98.3,11.5],[98.2,11.5]]],[[[98.5,11.9],[98.5,12.1],[98.5,12],[98.6,12],[98.6,11.9],[98.5,11.9]]],[[[98.6,11.7],[98.5,11.5],[98.4,11.6],[98.4,11.8],[98.5,11.8],[98.6,11.7]]],[[[98.4,12.6],[98.5,12.6],[98.5,12.5],[98.4,12.4],[98.3,12.3],[98.3,12.5],[98.3,12.6],[98.3,12.7],[98.4,12.6]]],[[[98.1,12.2],[98,12.2],[98.1,12.3],[98.1,12.2]]],[[[94.5,15.9],[94.4,15.8],[94.4,16],[94.5,16.1],[94.6,16.2],[94.6,16.1],[94.6,16],[94.5,15.9]]],[[[97.6,16.3],[97.5,16.2],[97.5,16.3],[97.5,16.5],[97.6,16.5],[97.6,16.4],[97.6,16.3]]],[[[93.7,18.7],[93.6,18.8],[93.5,18.9],[93.6,18.9],[93.7,18.9],[93.7,18.8],[93.7,18.7]]],[[[93.5,19.9],[93.5,19.8],[93.4,19.8],[93.4,20],[93.5,19.9]]],[[[93.7,19.6],[93.8,19.5],[93.9,19.5],[93.9,19.4],[93.9,19.3],[93.8,19.3],[93.7,19.4],[93.7,19.5],[93.6,19.5],[93.7,19.5],[93.7,19.6]]],[[[98.5,11],[98.5,11],[98.5,11],[98.5,11],[98.5,11.1],[98.5,11]]],[[[98.1,11.7],[98.1,11.6],[98,11.7],[98,11.9],[98.1,11.7]]],[[[98.1,12.4],[98,12.3],[97.9,12.3],[98,12.4],[98.1,12.4]]],[[[98.3,13.1],[98.3,12.9],[98.3,13],[98.3,13.1],[98.3,13.2],[98.3,13.1]]],[[[94.8,15.8],[94.7,15.8],[94.8,15.9],[94.8,15.8]]],[[[93,19.9],[93,19.8],[93,19.9],[92.9,20],[92.9,20.1],[93,20],[93,19.9]]]]}},{"type":"Feature","properties":{"iso3":"BDI","iso2":"BI","name":"Burundi","continent":"Africa","subregion":"Eastern Africa"},"geometry":{"type":"Polygon","coordinates":[[[30.6,-2.4],[30.4,-2.6],[30.5,-2.7],[30.4,-2.9],[30.8,-3],[30.8,-3.3],[30.6,-3.3],[30.6,-3.4],[30.4,-3.6],[30.1,-4.1],[29.9,-4.3],[29.7,-4.5],[29.4,-4.4],[29.3,-4.1],[29.2,-3.8],[29.2,-3.1],[29,-2.8],[29,-2.7],[29.1,-2.6],[29.3,-2.7],[29.4,-2.8],[29.7,-2.8],[29.9,-2.7],[29.9,-2.3],[30.1,-2.4],[30.4,-2.3],[30.5,-2.4],[30.6,-2.4]]]}},{"type":"Feature","properties":{"iso3":"BFA","iso2":"BF","name":"Burkina Faso","continent":"Africa","subregion":"Western Africa"},"geometry":{"type":"Polygon","coordinates":[[[0.9,11],[0.5,11],[-0.3,11.2],[-0.6,10.9],[-1,11],[-2.8,11],[-2.9,10.6],[-2.8,10.4],[-2.7,9.5],[-2.8,9.4],[-3.2,9.9],[-3.8,9.9],[-4.3,9.6],[-4.6,9.7],[-5,9.9],[-5.1,10.2],[-5.5,10.4],[-5.5,11],[-5.3,11.1],[-5.3,11.4],[-5.3,11.8],[-4.7,12.1],[-4.4,12.3],[-4.5,12.7],[-4.2,12.8],[-4.3,13.1],[-4.2,13.3],[-3.9,13.4],[-3.5,13.2],[-3.3,13.3],[-3.2,13.7],[-3,13.6],[-2.9,14],[-2.6,14.2],[-2.5,14.3],[-2.1,14.2],[-2,14.5],[-1.7,14.5],[-0.7,15.1],[-0.2,15.1],[0.2,14.9],[0.2,14.5],[0.4,14.2],[0.4,14],[0.6,13.7],[0.9,13.6],[1.2,13.4],[1,13.4],[1,13],[1.6,12.6],[2.1,12.7],[2.2,12.5],[2.2,12.4],[2.1,12.4],[2.4,11.9],[2.3,11.7],[2,11.4],[1.4,11.4],[0.9,11]]]}},{"type":"Feature","properties":{"iso3":"BGR","iso2":"BG","name":"Bulgaria","continent":"Europe","subregion":"Eastern Europe"},"geometry":{"type":"Polygon","coordinates":[[[28,42],[27.5,41.9],[27.2,42.1],[26.6,42],[26.3,41.7],[26.1,41.7],[26.1,41.4],[25.9,41.3],[25.3,41.2],[24.8,41.4],[24.5,41.6],[22.9,41.3],[23,41.7],[22.8,42],[22.3,42.3],[22.5,42.4],[22.4,42.6],[22.5,42.8],[22.7,42.9],[23,43.2],[22.5,43.5],[22.4,43.8],[22.4,44],[22.7,44.2],[23,44.1],[22.9,43.9],[22.9,43.8],[25.5,43.7],[26.2,44],[26.8,44.1],[27.9,44],[28.1,43.8],[28.6,43.7],[28.5,43.4],[28.1,43.4],[27.9,43.2],[27.9,42.7],[27.5,42.5],[28,42]]]}},{"type":"Feature","properties":{"iso3":"BRN","iso2":"BN","name":"Brunei","continent":"Asia","subregion":"South-Eastern Asia"},"geometry":{"type":"MultiPolygon","coordinates":[[[[115.1,4.9],[115.2,4.8],[115.3,4.6],[115.3,4.5],[115.3,4.4],[115.2,4.3],[115.1,4.4],[115,4.7],[115,4.9],[115.1,4.9]]],[[[115,4.9],[114.8,4.8],[114.7,4.7],[114.8,4.5],[114.8,4.4],[114.8,4.3],[114.8,4.2],[114.7,4.1],[114.7,4],[114.6,4],[114.4,4.3],[114.3,4.3],[114.3,4.4],[114.2,4.5],[114.1,4.6],[114.3,4.6],[114.4,4.7],[114.5,4.7],[114.8,4.9],[115,5],[115,4.9]]]]}},{"type":"Feature","properties":{"iso3":"BRA","iso2":"BR","name":"Brazil","continent":"South America","subregion":"South America"},"geometry":{"type":"MultiPolygon","coordinates":[[[[-66.9,1.2],[-66.3,0.8],[-65.7,1],[-65.5,0.7],[-65.1,1.1],[-64.2,1.5],[-64,1.9],[-63.4,2.2],[-63.4,2.4],[-64,2.5],[-64.2,3.6],[-64.8,4.3],[-64,3.9],[-63.3,3.9],[-62.9,3.6],[-62.7,4],[-61,4.5],[-60.6,4.9],[-60.7,5.2],[-60.1,5.2],[-60,5.1],[-60.1,4.5],[-59.7,4.4],[-59.6,3.9],[-59.9,3.6],[-60,2.7],[-59.7,1.7],[-58.9,1.2],[-58.5,1.3],[-58.3,1.6],[-58,1.5],[-57.1,2],[-56,1.9],[-56.1,2.3],[-56,2.5],[-55.7,2.4],[-55,2.6],[-54.1,2.1],[-53.8,2.4],[-53,2.2],[-51.5,4.3],[-51.2,4.1],[-50.7,2.1],[-50.5,1.8],[-50,1.7],[-49.9,1.2],[-50.8,0.2],[-51.3,-0.1],[-52,-1.4],[-52.7,-1.6],[-51.9,-1.6],[-50.9,-0.9],[-50.7,-1.8],[-50.4,-2],[-49.3,-1.7],[-49.6,-2.7],[-49.2,-1.9],[-48.7,-1.5],[-48.5,-1.6],[-48.3,-1.5],[-48.4,-1.1],[-48.1,-0.7],[-47.3,-0.6],[-45.5,-1.4],[-45.3,-1.7],[-45.1,-1.5],[-44.7,-1.7],[-44.5,-2.1],[-44.8,-2.3],[-44.7,-2.4],[-44.4,-2.2],[-44.4,-2.4],[-44.7,-3.2],[-44.2,-2.5],[-44.1,-2.5],[-44.2,-2.8],[-43.4,-2.4],[-41.5,-2.9],[-40,-2.9],[-38.5,-3.7],[-37.2,-4.9],[-35.5,-5.1],[-35.2,-5.6],[-34.8,-7.3],[-35,-8.4],[-35.6,-9.5],[-37.4,-11.4],[-37.4,-11.3],[-37.7,-12.1],[-38.2,-12.8],[-38.5,-13],[-38.7,-12.6],[-38.9,-12.8],[-39.1,-13.6],[-38.9,-15.9],[-39.2,-17.2],[-39.2,-17.7],[-39.7,-18.3],[-39.8,-19.6],[-41,-21.2],[-41,-22],[-41.7,-22.3],[-42,-22.9],[-43,-23],[-43.2,-22.7],[-43.2,-23],[-44.6,-23.1],[-44.6,-23.3],[-45.5,-23.8],[-46,-23.8],[-46.9,-24.2],[-48,-25],[-48.2,-25.4],[-48.4,-25.3],[-48.5,-25.4],[-48.7,-25.4],[-48.4,-25.6],[-48.7,-25.8],[-48.7,-26.3],[-48.6,-27.2],[-48.8,-28.6],[-49.7,-29.4],[-50.9,-31.3],[-52,-32.1],[-52.1,-31.8],[-51.3,-31.5],[-50.6,-30.4],[-50.6,-30.3],[-51,-30.4],[-51.3,-30],[-51.2,-30.4],[-51.3,-30.8],[-52,-31.4],[-52.1,-32.2],[-52.7,-33.1],[-53.4,-33.7],[-53.5,-33.7],[-53.5,-33.2],[-53.1,-32.7],[-53.8,-32.1],[-55.2,-31.3],[-55.6,-30.9],[-56,-31.1],[-56,-30.8],[-56.8,-30.1],[-57.2,-30.3],[-57.6,-30.2],[-55.9,-28.4],[-55.7,-28.4],[-55.7,-28.2],[-54.8,-27.6],[-53.8,-27.1],[-53.7,-26.2],[-54,-25.6],[-54.6,-25.6],[-54.2,-24],[-54.6,-23.8],[-55.4,-24],[-55.8,-22.4],[-56.4,-22.1],[-56.9,-22.3],[-58,-22],[-57.8,-21],[-58.2,-20.2],[-57.9,-20],[-58.1,-19.7],[-57.5,-18.2],[-57.8,-17.5],[-58.4,-17.2],[-58.3,-16.3],[-60.2,-16.3],[-60.2,-15.5],[-60.6,-15.1],[-60.3,-15.1],[-60.5,-13.8],[-61.1,-13.5],[-61.8,-13.5],[-62.1,-13.2],[-62.8,-13],[-63.1,-12.7],[-64.4,-12.4],[-65,-12],[-65.4,-11.2],[-65.4,-9.7],[-66.6,-9.9],[-68.6,-11.1],[-69.2,-11],[-70.6,-11],[-70.5,-9.4],[-71.2,-10],[-72.2,-10],[-72.4,-9.5],[-73.2,-9.4],[-73,-9],[-74,-7.6],[-73.7,-7.3],[-73.8,-6.9],[-73.1,-6.5],[-73.2,-6.1],[-72.9,-5.1],[-71.8,-4.5],[-70.8,-4.2],[-70,-4.3],[-69.4,-1.2],[-69.6,-0.5],[-70.1,-0.1],[-70.1,0.6],[-69.2,0.7],[-69.3,1.1],[-69.9,1.1],[-69.8,1.7],[-68.2,1.7],[-68.2,2],[-67.9,1.7],[-67.4,2.1],[-67.1,1.7],[-67.1,1.2],[-66.9,1.2]]],[[[-49.6,-0.2],[-49.1,-0.2],[-48.5,-0.2],[-48.4,-0.3],[-48.4,-0.4],[-48.5,-0.7],[-48.6,-0.7],[-48.6,-0.9],[-48.7,-1.1],[-48.8,-1.2],[-48.8,-1.3],[-48.9,-1.5],[-49.1,-1.5],[-49.2,-1.4],[-49.2,-1.6],[-49.5,-1.5],[-49.6,-1.7],[-49.8,-1.8],[-50.1,-1.7],[-50.4,-1.8],[-50.6,-1.7],[-50.7,-1.4],[-50.8,-1.2],[-50.7,-1.1],[-50.6,-1.1],[-50.7,-1.1],[-50.8,-1],[-50.8,-0.7],[-50.6,-0.3],[-50.5,-0.2],[-50.2,-0.1],[-49.6,-0.2]]],[[[-44.1,-23.1],[-44.1,-23.2],[-44.2,-23.2],[-44.3,-23.2],[-44.4,-23.2],[-44.3,-23.1],[-44.2,-23.1],[-44.1,-23.1]]],[[[-48.6,-26.4],[-48.7,-26.3],[-48.5,-26.2],[-48.6,-26.4]]],[[[-45.3,-23.9],[-45.4,-23.9],[-45.5,-23.9],[-45.3,-23.7],[-45.2,-23.8],[-45.3,-23.9]]],[[[-44.5,-2.9],[-44.6,-3],[-44.6,-2.9],[-44.6,-2.8],[-44.5,-2.7],[-44.5,-2.8],[-44.5,-2.9]]],[[[-38.7,-13.1],[-38.8,-13.1],[-38.7,-13],[-38.7,-12.9],[-38.6,-12.9],[-38.6,-13],[-38.7,-13.1]]],[[[-38.9,-13.5],[-39,-13.5],[-39,-13.4],[-38.9,-13.4],[-38.9,-13.5]]],[[[-44.9,-1.3],[-45,-1.4],[-45,-1.3],[-44.9,-1.3]]],[[[-49.7,0.3],[-49.7,0.2],[-49.8,0],[-49.9,0],[-50,0],[-50.1,0],[-50.3,0],[-50.3,0.1],[-50.3,0.2],[-50.1,0.2],[-49.9,0.3],[-49.7,0.3]]],[[[-50.3,1.9],[-50.4,1.9],[-50.5,1.9],[-50.5,2],[-50.5,2.1],[-50.4,2.2],[-50.3,2.1],[-50.3,2],[-50.3,1.9]]],[[[-50.7,-0.1],[-50.9,-0.3],[-51,-0.3],[-51,-0.2],[-51,-0.1],[-50.8,-0.1],[-50.8,0],[-50.7,-0.1]]],[[[-49.4,-0.1],[-49.7,-0.1],[-49.8,-0.1],[-49.7,0],[-49.6,0.1],[-49.5,0.1],[-49.4,0.1],[-49.4,0],[-49.4,-0.1]]],[[[-50.4,0.1],[-50.4,0],[-50.6,0.1],[-50.6,0.2],[-50.5,0.2],[-50.5,0.3],[-50.4,0.4],[-50.4,0.6],[-50.3,0.3],[-50.4,0.1]]],[[[-50.2,0.4],[-50.3,0.4],[-50.3,0.5],[-50.3,0.6],[-50.1,0.6],[-50,0.6],[-50,0.5],[-50.2,0.4]]],[[[-51.8,-1.4],[-51.9,-1.5],[-51.8,-1.2],[-51.7,-1.1],[-51.7,-0.9],[-51.5,-0.6],[-51.4,-0.6],[-51.3,-0.5],[-51.2,-0.7],[-51.3,-1],[-51.5,-1.2],[-51.6,-1.3],[-51.8,-1.4]]],[[[-48.5,-27.8],[-48.6,-27.8],[-48.5,-27.6],[-48.5,-27.4],[-48.4,-27.4],[-48.4,-27.5],[-48.4,-27.6],[-48.5,-27.7],[-48.5,-27.8]]]]}},{"type":"Feature","properties":{"iso3":"BWA","iso2":"BW","name":"Botswana","continent":"Africa","subregion":"Southern Africa"},"geometry":{"type":"Polygon","coordinates":[[[25.3,-17.8],[25.2,-18],[25.9,-18.9],[26.2,-19.5],[26.7,-19.9],[27.2,-20.1],[27.3,-20.5],[27.7,-20.5],[27.7,-21.1],[28,-21.6],[29,-21.8],[29,-22],[29.4,-22.2],[29.1,-22.2],[28.8,-22.5],[28.2,-22.7],[27.8,-23.2],[27.1,-23.6],[26.8,-24.2],[26.4,-24.6],[25.9,-24.7],[25.6,-25.6],[25.4,-25.7],[24.7,-25.8],[24.3,-25.7],[24.2,-25.6],[23.9,-25.6],[23.4,-25.3],[23.1,-25.3],[22.9,-25.5],[22.6,-26.1],[21.7,-26.8],[20.7,-26.8],[20.6,-26.4],[20.8,-26.2],[20.8,-25.9],[20.4,-25.1],[20,-24.8],[20,-22],[21,-22],[21,-18.3],[23.2,-18],[23.6,-18.5],[24.2,-18],[24.5,-18.1],[24.8,-17.9],[25.2,-17.8],[25.3,-17.8]]]}},{"type":"Feature","properties":{"iso3":"BIH","iso2":"BA","name":"Bosnia and Herz.","continent":"Europe","subregion":"Southern Europe"},"geometry":{"type":"Polygon","coordinates":[[[19.3,44.9],[19.3,44.7],[19.2,44.5],[19.1,44.4],[19.6,44],[19.5,44],[19.2,44],[19.5,43.7],[19.5,43.6],[19,43.5],[19,43.3],[18.9,43.3],[18.7,43.2],[18.6,43],[18.4,43],[18.5,42.8],[18.5,42.6],[18.4,42.6],[18.1,42.7],[17.8,42.9],[17.6,42.9],[17.7,43],[17.3,43.3],[17.3,43.4],[17.1,43.5],[16.3,44.1],[16.2,44.2],[16.1,44.5],[15.7,44.8],[15.8,45.2],[16,45.2],[16.3,45],[16.5,45.2],[16.8,45.2],[16.9,45.3],[17.1,45.2],[17.5,45.1],[17.7,45.2],[17.8,45.1],[18,45.1],[18.7,45.1],[18.7,45],[18.8,44.9],[18.9,44.9],[19.3,44.9]]]}},{"type":"Feature","properties":{"iso3":"BOL","iso2":"BO","name":"Bolivia","continent":"South America","subregion":"South America"},"geometry":{"type":"Polygon","coordinates":[[[-69.5,-17.5],[-69.6,-17.2],[-69,-16.6],[-69,-16.5],[-68.8,-16.3],[-69.2,-16.1],[-69.4,-15.6],[-69.2,-15.2],[-69.4,-15],[-69.4,-14.8],[-68.9,-14.2],[-69.1,-13.7],[-69,-13.5],[-69,-12.9],[-68.7,-12.5],[-69.6,-11],[-68.8,-11],[-68.6,-11.1],[-68.3,-11],[-68.1,-10.7],[-67.7,-10.7],[-67.4,-10.4],[-66.6,-9.9],[-65.4,-9.7],[-65.3,-10.1],[-65.4,-10.5],[-65.3,-11],[-65.4,-11.2],[-65.2,-11.7],[-65.1,-11.7],[-65,-12],[-64.5,-12.3],[-64.4,-12.4],[-63.9,-12.5],[-63.7,-12.5],[-63.3,-12.7],[-63.1,-12.7],[-62.8,-13],[-62.1,-13.2],[-61.8,-13.5],[-61.1,-13.5],[-60.5,-13.8],[-60.3,-15.1],[-60.6,-15.1],[-60.2,-15.5],[-60.2,-16.3],[-58.3,-16.3],[-58.5,-16.7],[-58.4,-17.2],[-58,-17.5],[-57.8,-17.5],[-57.5,-18.2],[-57.8,-18.9],[-57.7,-19],[-58.1,-19.7],[-57.9,-20],[-58.1,-20.2],[-58.2,-20.2],[-58.2,-19.8],[-59.1,-19.3],[-60,-19.3],[-61.8,-19.6],[-61.9,-20.1],[-62.3,-20.6],[-62.3,-21.1],[-62.7,-22.2],[-62.8,-22],[-63.9,-22],[-64.3,-22.8],[-64.6,-22.2],[-65,-22.1],[-65.8,-22.1],[-66.2,-21.8],[-66.4,-22.1],[-66.7,-22.2],[-67.2,-22.8],[-67.7,-22.9],[-67.9,-22.8],[-67.9,-22.5],[-68.2,-21.6],[-68.2,-21.3],[-68.6,-20.9],[-68.5,-20.6],[-68.8,-20.4],[-68.7,-20.3],[-68.8,-20.1],[-68.6,-20],[-68.7,-19.7],[-68.5,-19.4],[-69,-19],[-69.1,-18.1],[-69.3,-17.9],[-69.5,-17.6],[-69.5,-17.5]]]}},{"type":"Feature","properties":{"iso3":"BTN","iso2":"BT","name":"Bhutan","continent":"Asia","subregion":"Southern Asia"},"geometry":{"type":"Polygon","coordinates":[[[91.6,27.8],[91.6,27.6],[91.7,27.4],[92,27.5],[92.1,27.3],[92,27.1],[92.1,27],[92,26.9],[91.7,26.8],[91.5,26.8],[91.4,26.9],[91.3,26.8],[90.7,26.8],[90.3,26.9],[90.2,26.8],[90.1,26.8],[89.8,26.7],[89.6,26.7],[89.6,26.8],[89.3,26.8],[89.1,26.8],[89,26.9],[88.9,27],[88.8,27.1],[88.7,27.2],[88.9,27.3],[88.9,27.5],[89.5,28.1],[89.9,28.3],[90.1,28.3],[90.3,28.2],[90.4,28.1],[90.7,28.1],[91,28],[91.3,28.1],[91.6,28],[91.6,27.9],[91.6,27.8]]]}},{"type":"Feature","properties":{"iso3":"BEN","iso2":"BJ","name":"Benin","continent":"Africa","subregion":"Western Africa"},"geometry":{"type":"Polygon","coordinates":[[[1.6,6.2],[1.8,6.3],[1.6,6.6],[1.5,7],[1.6,7],[1.6,9.1],[1.4,9.4],[1.3,10],[0.8,10.4],[0.8,10.7],[0.9,11],[1.4,11.4],[2,11.4],[2.4,11.8],[2.4,12.2],[2.8,12.4],[3.6,11.7],[3.5,11.4],[3.7,11.1],[3.8,10.6],[3.8,10.4],[3.6,10.4],[3.6,10.3],[3.6,10.2],[3.6,9.9],[3.4,9.8],[3.1,9.5],[3,9.1],[2.8,9],[2.7,6.4],[1.8,6.3],[1.6,6.2]]]}},{"type":"Feature","properties":{"iso3":"BLZ","iso2":"BZ","name":"Belize","continent":"North America","subregion":"Central America"},"geometry":{"type":"MultiPolygon","coordinates":[[[[-89.2,17.8],[-89.1,18],[-88.9,17.9],[-88.8,18],[-88.5,18.4],[-88.3,18.5],[-88.3,18.4],[-88.1,18.4],[-88.1,18.1],[-88.3,17.6],[-88.2,17.5],[-88.3,17.3],[-88.3,17],[-88.3,16.6],[-88.6,16.3],[-88.7,16.2],[-88.9,16],[-88.9,15.9],[-89.2,15.9],[-89.2,17.6],[-89.2,17.8]]],[[[-88,17.9],[-88,18],[-87.9,18.2],[-87.8,18.1],[-88,17.9]]],[[[-87.9,17.4],[-87.9,17.3],[-87.9,17.4],[-87.8,17.5],[-87.9,17.4]]]]}},{"type":"Feature","properties":{"iso3":"BEL","iso2":"BE","name":"Belgium","continent":"Europe","subregion":"Western Europe"},"geometry":{"type":"Polygon","coordinates":[[[4.2,51.4],[4.4,51.4],[4.5,51.5],[4.6,51.4],[4.8,51.5],[4.8,51.4],[5,51.5],[5.1,51.3],[5.2,51.3],[5.5,51.3],[5.8,51.1],[5.8,51],[5.6,50.8],[5.7,50.8],[6,50.8],[6.2,50.6],[6.2,50.5],[6.3,50.5],[6.4,50.3],[6.2,50.2],[6.1,50.1],[6,50.2],[5.7,49.9],[5.7,49.8],[5.9,49.6],[5.8,49.6],[5.5,49.5],[5.3,49.7],[4.9,49.8],[4.8,50],[4.9,50.1],[4.8,50.2],[4.5,50],[4.1,50],[4.2,50.1],[4.1,50.1],[4.2,50.2],[3.9,50.3],[3.7,50.3],[3.6,50.5],[3.3,50.5],[3.2,50.7],[3.1,50.8],[2.8,50.7],[2.8,50.8],[2.6,50.9],[2.5,51.1],[3.4,51.4],[3.4,51.2],[3.6,51.3],[3.9,51.2],[4.2,51.3],[4.2,51.4]]]}},{"type":"Feature","properties":{"iso3":"BLR","iso2":"BY","name":"Belarus","continent":"Europe","subregion":"Eastern Europe"},"geometry":{"type":"Polygon","coordinates":[[[31.8,52.1],[31.1,52.1],[30.8,51.9],[30.5,51.6],[30.6,51.4],[30.5,51.3],[30.2,51.5],[29.3,51.4],[29.1,51.6],[28.7,51.4],[28.6,51.5],[28.2,51.6],[27.9,51.6],[27.7,51.5],[27.7,51.6],[27.3,51.6],[27.1,51.8],[25.8,51.9],[24.4,51.9],[24,51.6],[23.7,51.6],[23.6,51.5],[23.5,51.7],[23.7,52],[23.2,52.3],[23.4,52.5],[23.8,52.7],[23.9,52.8],[23.9,53.1],[23.5,53.9],[24.3,53.9],[24.8,54],[24.9,54.1],[25.5,54.3],[25.5,54.2],[25.7,54.2],[25.7,54.3],[25.5,54.3],[25.9,54.9],[26.2,55],[26.3,55.1],[26.6,55.1],[26.8,55.3],[26.5,55.3],[26.6,55.7],[27.1,55.8],[27.6,55.8],[27.9,56.1],[28.1,56.1],[28.3,56.1],[28.6,56.1],[28.8,55.9],[29,56],[29.4,55.9],[29.4,55.8],[29.5,55.7],[29.9,55.8],[30.2,55.8],[30.9,55.6],[30.8,55.3],[31,55.1],[30.8,54.8],[31.2,54.6],[31.1,54.5],[31.4,54.2],[31.8,54],[31.8,53.8],[32.5,53.7],[32.5,53.5],[32.7,53.4],[32.7,53.3],[32.1,53.1],[31.4,53.2],[31.3,53],[31.6,52.8],[31.6,52.3],[31.8,52.1]]]}},{"type":"Feature","properties":{"iso3":"BRB","iso2":"BB","name":"Barbados","continent":"North America","subregion":"Caribbean"},"geometry":{"type":"Polygon","coordinates":[[[-59.5,13.1],[-59.6,13.1],[-59.6,13.2],[-59.6,13.3],[-59.5,13.2],[-59.4,13.2],[-59.5,13.1]]]}},{"type":"Feature","properties":{"iso3":"BGD","iso2":"BD","name":"Bangladesh","continent":"Asia","subregion":"Southern Asia"},"geometry":{"type":"MultiPolygon","coordinates":[[[[89.1,22.1],[88.9,23],[88.9,23.2],[88.7,23.3],[88.7,23.4],[88.6,23.7],[88.7,24.3],[88.1,24.5],[88,24.6],[88.1,24.9],[88.3,24.9],[88.5,25.2],[88.8,25.2],[89,25.3],[88.8,25.5],[88.5,25.5],[88.1,25.9],[88.2,26.1],[88.4,26.4],[88.3,26.5],[88.4,26.6],[88.8,26.3],[89,26.3],[88.9,26.4],[89,26.4],[89.2,26.1],[89.4,26],[89.5,26],[89.7,26.2],[89.8,25.9],[89.8,25.3],[90.4,25.2],[92,25.2],[92.5,24.9],[92.2,24.9],[92.1,24.4],[92,24.4],[91.9,24.2],[91.4,24.1],[91.2,23.7],[91.3,23.1],[91.4,23.2],[91.6,23],[91.8,23.1],[91.8,23.3],[91.9,23.5],[91.9,23.7],[92.2,23.7],[92.4,22.9],[92.5,22.7],[92.6,21.3],[92.3,21.4],[92.2,21.4],[92.3,20.8],[92.1,21.2],[91.9,22.4],[91.8,22.3],[91.5,22.9],[91.2,22.6],[90.9,22.6],[90.7,23],[90.6,23.6],[90.6,23.4],[90.3,23.5],[90.6,23.3],[90.6,23.1],[90.5,23.1],[90.6,22.9],[90.4,22.8],[90.6,22.4],[90.2,21.8],[90.1,21.9],[90.2,22.2],[90,22],[89.9,22.1],[90,22.5],[89.9,22.4],[89.8,22],[89.6,21.8],[89.5,22.3],[89.5,21.9],[89.4,21.7],[89.2,21.8],[89.1,22],[89.1,22.1]]],[[[91.2,22.2],[91,22.1],[91.1,22.5],[91.2,22.4],[91.2,22.3],[91.2,22.2]]],[[[91.6,22.4],[91.5,22.4],[91.4,22.5],[91.4,22.6],[91.5,22.6],[91.5,22.4],[91.6,22.4]]],[[[90.8,22.1],[90.6,22.1],[90.5,22.1],[90.7,22.3],[90.7,22.4],[90.6,22.5],[90.6,22.6],[90.6,22.7],[90.5,22.7],[90.5,22.8],[90.6,22.9],[90.7,22.8],[90.7,22.6],[90.9,22.5],[90.8,22.2],[90.8,22.1]]],[[[91.9,21.8],[91.8,21.8],[91.9,21.9],[91.9,21.8]]],[[[91.9,21.5],[91.9,21.6],[91.9,21.7],[92,21.6],[91.9,21.5]]],[[[90.6,23],[90.7,22.9],[90.6,23],[90.5,23],[90.6,23]]]]}},{"type":"Feature","properties":{"iso3":"BHR","iso2":"BH","name":"Bahrain","continent":"Asia","subregion":"Western Asia"},"geometry":{"type":"Polygon","coordinates":[[[50.6,25.9],[50.6,25.8],[50.5,25.8],[50.5,26],[50.5,26.1],[50.5,26.2],[50.6,26.2],[50.6,26.1],[50.6,26],[50.6,25.9]]]}},{"type":"Feature","properties":{"iso3":"BHS","iso2":"BS","name":"Bahamas","continent":"North America","subregion":"Caribbean"},"geometry":{"type":"MultiPolygon","coordinates":[[[[-77.7,24.2],[-77.8,24.2],[-77.7,24.1],[-77.6,24.2],[-77.6,24.1],[-77.5,23.9],[-77.6,23.7],[-77.8,23.8],[-77.8,23.9],[-77.9,24],[-77.9,24.1],[-78,24.2],[-78,24.3],[-77.9,24.2],[-77.7,24.3],[-77.7,24.2]]],[[[-77.2,25.9],[-77.4,26],[-77.2,26.2],[-77.2,26.5],[-77.2,26.6],[-77.5,26.8],[-77.9,26.9],[-77.5,26.9],[-77.3,26.7],[-77.3,26.6],[-77.1,26.5],[-77,26.3],[-77.2,26.2],[-77.2,26],[-77.2,25.9]]],[[[-73,21.2],[-73.1,21.1],[-73.2,21],[-73.4,20.9],[-73.7,20.9],[-73.7,21],[-73.7,21.1],[-73.6,21.1],[-73.5,21.2],[-73.4,21.2],[-73.3,21.2],[-73.2,21.2],[-73.1,21.2],[-73.1,21.3],[-73,21.3],[-73,21.2]]],[[[-77.7,24.7],[-77.7,24.5],[-77.9,24.4],[-78,24.3],[-78.1,24.4],[-78.1,24.5],[-78.2,24.5],[-78.3,24.5],[-78.4,24.5],[-78.4,24.6],[-78.3,24.6],[-78.2,24.7],[-78.3,24.8],[-78.2,24.9],[-78.2,25],[-78.2,25.2],[-78,25.1],[-78,25],[-77.9,24.9],[-77.8,24.8],[-77.7,24.7]]],[[[-78.5,26.7],[-78.4,26.7],[-77.9,26.7],[-78.7,26.5],[-79,26.7],[-78.8,26.6],[-78.7,26.6],[-78.6,26.7],[-78.6,26.8],[-78.5,26.7]]],[[[-77.3,25],[-77.5,25],[-77.6,25],[-77.5,25.1],[-77.3,25.1],[-77.3,25]]],[[[-74.1,22.7],[-74,22.7],[-74.1,22.7],[-74.2,22.7],[-74.3,22.7],[-74.3,22.8],[-74.2,22.8],[-74.1,22.7]]],[[[-74.4,24.1],[-74.5,24],[-74.6,24],[-74.5,24.1],[-74.4,24.1]]],[[[-74.2,22.2],[-74.3,22.2],[-74.1,22.3],[-74,22.4],[-73.9,22.5],[-73.9,22.6],[-74,22.6],[-74,22.7],[-73.8,22.7],[-73.9,22.7],[-73.8,22.5],[-74,22.4],[-74.1,22.3],[-74.2,22.2]]],[[[-76.6,25.5],[-76.5,25.4],[-76.3,25.3],[-76.1,25.1],[-76.1,24.9],[-76.2,24.8],[-76.2,24.6],[-76.2,24.7],[-76.2,24.8],[-76.3,24.8],[-76.2,24.8],[-76.2,24.9],[-76.2,25],[-76.2,25.1],[-76.4,25.3],[-76.5,25.3],[-76.6,25.4],[-76.7,25.4],[-76.8,25.4],[-76.7,25.6],[-76.6,25.5]]],[[[-75.7,23.5],[-75.7,23.4],[-75.8,23.5],[-76,23.6],[-76,23.7],[-75.9,23.6],[-75.8,23.5],[-75.7,23.5]]],[[[-74.8,22.9],[-75,23.1],[-75.1,23.1],[-75.2,23.2],[-75.1,23.2],[-75.1,23.3],[-75.3,23.6],[-75.3,23.7],[-75.2,23.5],[-75.2,23.4],[-75.1,23.3],[-75.1,23.2],[-74.9,23.1],[-74.8,23],[-74.8,22.9]]],[[[-75.3,24.2],[-75.3,24.1],[-75.4,24.2],[-75.5,24.1],[-75.5,24.2],[-75.4,24.2],[-75.4,24.3],[-75.5,24.3],[-75.6,24.5],[-75.7,24.6],[-75.7,24.7],[-75.5,24.4],[-75.3,24.2]]],[[[-73,22.4],[-72.8,22.4],[-72.7,22.3],[-72.8,22.3],[-72.9,22.4],[-73.2,22.4],[-73.1,22.5],[-73,22.4]]],[[[-72.9,21.5],[-73,21.5],[-73.1,21.5],[-73,21.6],[-72.9,21.5]]]]}},{"type":"Feature","properties":{"iso3":"AZE","iso2":"AZ","name":"Azerbaijan","continent":"Asia","subregion":"Western Asia"},"geometry":{"type":"MultiPolygon","coordinates":[[[[44.8,39.7],[45,39.8],[45.1,39.7],[45.2,39.6],[45.3,39.6],[45.5,39.5],[45.7,39.6],[45.8,39.5],[45.8,39.4],[46,39.2],[46.1,38.9],[45.5,39],[45.1,39.3],[44.8,39.6],[44.8,39.7]]],[[[48.9,38.4],[48.6,38.4],[48,38.9],[48.3,39],[48.1,39.2],[48.3,39.4],[48,39.7],[47.5,39.5],[46.5,38.9],[46.4,39.2],[46.6,39.2],[46.4,39.4],[46.5,39.6],[46.2,39.6],[45.6,40],[45.9,40],[46,40.2],[45.5,40.5],[45.4,40.7],[45.6,40.8],[45.1,41.1],[45.2,41.1],[45,41.3],[45.3,41.4],[45.7,41.3],[45.9,41.2],[46.5,41.1],[46.7,41.3],[46.2,41.7],[46.4,41.9],[46.7,41.8],[47.3,41.3],[47.8,41.2],[48.1,41.5],[48.4,41.6],[48.6,41.8],[48.7,41.8],[49.5,40.8],[49.8,40.6],[50.2,40.5],[50.4,40.3],[49.9,40.3],[49.6,40.2],[49.3,39.6],[49.4,39.3],[49.2,39],[49,39.1],[48.9,38.8],[48.9,38.4]]],[[[45,41],[45,41],[45,41],[45,41.1],[45,41.1],[45,41.1],[45,41.1],[45,41.1],[45,41]]]]}},{"type":"Feature","properties":{"iso3":"AUT","iso2":"AT","name":"Austria","continent":"Europe","subregion":"Western Europe"},"geometry":{"type":"Polygon","coordinates":[[[9.5,47.3],[9.6,47.5],[9.5,47.5],[9.7,47.6],[10.2,47.4],[10.2,47.3],[10.4,47.4],[10.4,47.6],[10.9,47.5],[11,47.4],[12.2,47.6],[12.2,47.7],[12.7,47.7],[13,47.5],[13.1,47.7],[12.9,47.7],[13,47.9],[12.8,48.1],[12.8,48.2],[13.4,48.4],[13.5,48.6],[13.7,48.5],[13.8,48.8],[14,48.6],[14.7,48.6],[14.8,48.7],[14.9,48.8],[15,49],[16.1,48.8],[16.5,48.8],[16.9,48.7],[17,48.6],[16.9,48.4],[17.1,48],[17,47.8],[17.1,47.7],[16.6,47.8],[16.4,47.7],[16.7,47.5],[16.4,47.4],[16.5,47],[16,46.8],[16,46.7],[14.9,46.6],[14.5,46.4],[12.5,46.7],[12.2,46.9],[12.2,47.1],[11.2,47],[10.9,46.8],[10.5,46.9],[10.3,47],[10.1,46.9],[9.6,47.1],[9.5,47.3]]]}},{"type":"Feature","properties":{"iso3":"AUS","iso2":"AU","name":"Australia","continent":"Oceania","subregion":"Australia and New Zealand"},"geometry":{"type":"MultiPolygon","coordinates":[[[[143.2,-12],[143.1,-12.3],[143.4,-12.6],[143.8,-14.3],[144,-14.5],[144.5,-14.2],[145.3,-14.9],[145.4,-16.4],[145.9,-16.9],[146.1,-17.6],[146,-18.3],[146.3,-18.6],[146.4,-19],[147.4,-19.4],[147.7,-19.8],[148.8,-20.3],[148.9,-20.5],[148.7,-20.6],[149.5,-21.6],[149.7,-22.4],[150,-22.6],[150,-22.2],[150.5,-22.6],[150.6,-22.4],[150.8,-23.5],[151.8,-24.1],[153.2,-26],[153.1,-27.2],[153.6,-28.7],[153,-30.6],[152.9,-31.4],[152.5,-32.4],[151.8,-32.9],[151.3,-33.6],[150.8,-35],[150.2,-35.8],[149.9,-37.5],[149.5,-37.8],[147.9,-37.9],[146.9,-38.7],[146.2,-38.7],[146.5,-38.8],[146.4,-39.1],[145.4,-38.5],[145.5,-38.2],[145,-38.5],[144.7,-38.3],[145.1,-38.1],[144.9,-37.9],[144.4,-38.1],[144.7,-38.2],[143.5,-38.8],[142.5,-38.4],[141.4,-38.4],[140.4,-37.9],[139.8,-37.2],[139.7,-36.4],[139,-35.6],[139.3,-35.6],[139.3,-35.4],[138.2,-35.6],[138.5,-35],[138.1,-34.2],[137.7,-35.1],[136.9,-35.2],[137,-34.9],[137.4,-34.9],[137.5,-34.2],[137.9,-33.6],[137.9,-33.2],[138,-33.1],[137.8,-32.6],[137.2,-33.6],[136.4,-34],[135.9,-34.7],[136,-35],[135.6,-34.9],[135.1,-34.6],[135.5,-34.6],[135.2,-34],[134.7,-33.3],[134.3,-33.2],[134.1,-32.7],[134.2,-32.5],[133.7,-32.2],[132.8,-32],[132.2,-32],[131.1,-31.5],[128.9,-31.7],[127.3,-32.3],[125.9,-32.3],[124.2,-33],[123.5,-33.9],[122.2,-34],[121.4,-33.8],[119.9,-34],[119.5,-34.4],[117.9,-35.1],[116.5,-35],[115,-34.3],[115,-33.5],[115.4,-33.6],[115.7,-33.2],[115.7,-31.7],[115.1,-30.6],[114.9,-29.1],[114.2,-28.1],[114,-27.3],[113.2,-26.2],[113.3,-26.2],[113.4,-26.1],[113.6,-26.6],[113.8,-26.5],[113.5,-25.6],[113.7,-25.8],[113.7,-26.1],[113.9,-26],[114,-26.3],[114.2,-26.3],[114.2,-25.9],[113.4,-24.4],[113.8,-23.4],[113.7,-22.6],[114,-21.9],[114.1,-22.5],[114.7,-21.8],[116.7,-20.7],[117.4,-20.7],[119.1,-20],[119.6,-20],[121,-19.6],[121.8,-18.5],[122.3,-18.1],[122.1,-17.5],[122.3,-17.1],[123,-16.4],[123.6,-17.5],[123.6,-17],[123.8,-17.1],[123.9,-16.9],[123.5,-16.5],[123.6,-16.2],[124.8,-16.4],[124.4,-16.3],[124.6,-15.9],[124.5,-16],[124.4,-15.8],[124.4,-15.5],[124.7,-15.3],[125.1,-15.4],[124.8,-15.2],[125,-15],[125.4,-15.1],[125.2,-14.7],[125.6,-14.5],[125.6,-14.3],[125.7,-14.5],[126,-14.5],[126.1,-14],[126.6,-14.2],[126.9,-13.7],[127.5,-14],[128.2,-14.8],[128.1,-15.3],[128.6,-14.8],[129.1,-14.9],[129.2,-15.2],[129.3,-14.9],[129.6,-15.1],[129.6,-14.9],[129.8,-14.8],[129.4,-14.4],[129.8,-13.6],[130.3,-13.3],[130.2,-13],[130.6,-12.6],[130.6,-12.4],[130.9,-12.6],[131.3,-12.1],[131.4,-12.3],[132.4,-12.3],[132.7,-12.1],[132.7,-11.6],[131.8,-11.3],[132,-11.2],[135,-12.2],[135.9,-11.8],[135.7,-12.2],[136,-12.2],[136.1,-12.4],[136.3,-12.4],[136.3,-12.1],[136.5,-12],[136.9,-12.3],[136.5,-12.8],[136.5,-13.2],[135.9,-13.3],[136,-13.9],[135.5,-14.9],[138.2,-16.7],[139,-16.9],[139.2,-17.3],[140,-17.7],[140.5,-17.6],[140.8,-17.4],[141.4,-16.1],[141.6,-15.1],[141.5,-13.8],[141.6,-12.9],[141.9,-12.7],[141.7,-12.4],[142,-12.1],[142.2,-10.9],[142.5,-10.7],[142.8,-11.1],[142.9,-11.8],[143.1,-11.9],[143.2,-12]]],[[[153.1,-25.8],[153,-25.7],[153,-25.6],[153.1,-25.3],[153,-25.2],[153.2,-25],[153.2,-24.9],[153.1,-24.8],[153.3,-24.7],[153.3,-24.9],[153.4,-25],[153.4,-25.1],[153.1,-25.7],[153.1,-25.8]]],[[[139.5,-16.6],[139.4,-16.7],[139.4,-16.6],[139.4,-16.7],[139.2,-16.7],[139.1,-16.7],[139.2,-16.6],[139.2,-16.5],[139.3,-16.5],[139.5,-16.4],[139.6,-16.4],[139.7,-16.5],[139.6,-16.5],[139.5,-16.6]]],[[[136.7,-13.8],[136.8,-13.8],[136.9,-13.8],[136.8,-13.9],[136.7,-14.1],[136.8,-14.2],[136.9,-14.2],[137,-14.2],[136.9,-14.2],[136.9,-14.3],[136.8,-14.3],[136.6,-14.3],[136.5,-14.2],[136.4,-14.2],[136.3,-14.2],[136.4,-14.2],[136.4,-14.1],[136.4,-14],[136.4,-13.9],[136.5,-13.8],[136.6,-13.7],[136.7,-13.7],[136.7,-13.8]]],[[[130.5,-11.7],[130.6,-11.7],[130.6,-11.8],[130.5,-11.8],[130.3,-11.8],[130.1,-11.8],[130,-11.8],[130.1,-11.7],[130.2,-11.7],[130.2,-11.5],[130.3,-11.4],[130.3,-11.3],[130.4,-11.4],[130.4,-11.5],[130.4,-11.6],[130.5,-11.7]]],[[[130.6,-11.4],[130.8,-11.4],[130.9,-11.3],[131,-11.3],[131.3,-11.2],[131.5,-11.4],[131.5,-11.6],[131.4,-11.6],[131.3,-11.7],[131,-11.9],[130.5,-11.6],[130.4,-11.2],[130.6,-11.3],[130.6,-11.4]]],[[[113.2,-26.1],[113,-25.8],[112.9,-25.6],[112.9,-25.5],[113,-25.5],[113.1,-25.9],[113.1,-26],[113.2,-26.1]]],[[[137.6,-35.7],[137.8,-35.8],[137.9,-35.7],[138,-35.8],[138.1,-35.9],[138,-35.9],[137.8,-35.9],[137.7,-35.9],[137.6,-36],[137.4,-36.1],[137.2,-36],[137.1,-36],[136.8,-36],[136.5,-35.9],[136.6,-35.7],[137.3,-35.6],[137.6,-35.6],[137.6,-35.7]]],[[[145.5,-38.4],[145.3,-38.4],[145.3,-38.3],[145.4,-38.3],[145.5,-38.4]]],[[[145.3,-38.5],[145.4,-38.6],[145.3,-38.5],[145.1,-38.5],[145.2,-38.5],[145.3,-38.5]]],[[[149,-20.3],[148.9,-20.3],[149,-20.2],[149,-20.3]]],[[[148.9,-20.1],[149,-20],[149,-20.1],[148.9,-20.1]]],[[[151.1,-23.5],[151.2,-23.5],[151.2,-23.6],[151.3,-23.7],[151.2,-23.8],[151.2,-23.7],[151,-23.5],[151.1,-23.5]]],[[[150.5,-22.3],[150.5,-22.3],[150.5,-22.3],[150.5,-22.3],[150.5,-22.2],[150.5,-22.2],[150.5,-22.3],[150.5,-22.3]]],[[[149.9,-22.2],[149.9,-22.1],[149.9,-22],[149.9,-22.1],[149.9,-22.2]]],[[[153.5,-27.4],[153.5,-27.7],[153.4,-27.7],[153.4,-27.5],[153.4,-27.4],[153.5,-27.4]]],[[[153.4,-27.3],[153.4,-27.2],[153.4,-27.1],[153.4,-27],[153.5,-27],[153.4,-27.2],[153.4,-27.3]]],[[[142.3,-10.7],[142.2,-10.8],[142.1,-10.7],[142.1,-10.6],[142.2,-10.6],[142.3,-10.7]]],[[[142.3,-10.2],[142.3,-10.3],[142.2,-10.2],[142.2,-10.1],[142.3,-10.1],[142.3,-10.2]]],[[[142.2,-10.2],[142.1,-10.2],[142.1,-10.1],[142.2,-10.1],[142.2,-10.2]]],[[[146.3,-18.2],[146.3,-18.3],[146.3,-18.4],[146.3,-18.5],[146.2,-18.5],[146.2,-18.4],[146.1,-18.3],[146.2,-18.3],[146.2,-18.2],[146.3,-18.2]]],[[[136.6,-11.4],[136.5,-11.4],[136.6,-11.4],[136.6,-11.2],[136.7,-11.2],[136.7,-11],[136.8,-11],[136.7,-11.2],[136.6,-11.4]]],[[[136.3,-11.6],[136.2,-11.7],[136.3,-11.6],[136.5,-11.5],[136.4,-11.6],[136.3,-11.6]]],[[[137.1,-15.8],[137,-15.8],[137,-15.7],[136.9,-15.7],[137,-15.6],[137.1,-15.7],[137.1,-15.8]]],[[[136.9,-15.6],[136.8,-15.6],[136.8,-15.5],[136.9,-15.5],[136.9,-15.6]]],[[[136.6,-15.6],[136.5,-15.6],[136.5,-15.5],[136.6,-15.5],[136.6,-15.6]]],[[[139.5,-17.1],[139.4,-17.1],[139.5,-17],[139.6,-17],[139.6,-17.1],[139.5,-17.1]]],[[[136.2,-13.8],[136.1,-13.8],[136.2,-13.7],[136.3,-13.7],[136.3,-13.8],[136.2,-13.8]]],[[[132.6,-11.3],[132.5,-11.2],[132.5,-11.1],[132.5,-11],[132.6,-11],[132.6,-11.1],[132.6,-11.2],[132.6,-11.3]]],[[[125.2,-14.6],[125.1,-14.6],[125.1,-14.5],[125.2,-14.5],[125.2,-14.6]]],[[[124.6,-15.4],[124.5,-15.4],[124.5,-15.3],[124.6,-15.3],[124.6,-15.4]]],[[[115.4,-20.8],[115.4,-20.9],[115.3,-20.9],[115.3,-20.8],[115.4,-20.7],[115.5,-20.7],[115.4,-20.8]]],[[[145,-40.8],[145.3,-40.8],[145.8,-41],[146.3,-41.2],[146.6,-41.1],[146.7,-41.1],[146.8,-41.2],[146.9,-41.1],[147,-41],[147.3,-41],[147.5,-41],[147.6,-40.8],[147.9,-40.9],[148,-40.8],[148.2,-40.9],[148.3,-40.9],[148.3,-41.8],[148.3,-42.2],[148.3,-42.3],[148.3,-42.1],[148.2,-42.1],[148.2,-42],[148,-42.3],[148,-42.4],[147.9,-42.7],[148,-43.2],[147.8,-43.2],[147.6,-43],[147.7,-43],[147.8,-43],[147.8,-42.9],[147.6,-42.8],[147.5,-43],[147.4,-42.9],[147.3,-42.8],[147.3,-42.9],[147.3,-43.1],[147.2,-43.2],[147.2,-43.3],[147,-43.2],[147.1,-43.3],[146.9,-43.6],[146.7,-43.6],[146.5,-43.5],[146,-43.5],[146,-43.4],[146.2,-43.4],[146.2,-43.3],[145.9,-43.3],[145.6,-43],[145.5,-42.9],[145.3,-42.5],[145.2,-42.2],[145.4,-42.3],[145.5,-42.5],[145.5,-42.4],[145.4,-42.2],[145.3,-42.1],[145.2,-42.2],[145.2,-42],[144.8,-41.4],[144.6,-41],[144.7,-40.7],[144.8,-40.7],[145,-40.8]]],[[[143.9,-40.1],[143.9,-40],[143.8,-39.9],[143.9,-39.8],[143.9,-39.7],[143.9,-39.6],[144,-39.6],[144.1,-39.6],[144.1,-39.8],[144.1,-39.9],[144.1,-40],[144,-40.1],[143.9,-40.1]]],[[[148,-39.8],[148.2,-39.9],[148.3,-40],[148.3,-40.1],[148.3,-40.2],[148.2,-40.2],[148.1,-40.3],[148,-40.2],[147.9,-40],[147.9,-39.9],[147.8,-39.9],[147.8,-39.8],[147.9,-39.7],[148,-39.8]]],[[[147.4,-43.4],[147.3,-43.5],[147.2,-43.5],[147.1,-43.4],[147.2,-43.4],[147.3,-43.3],[147.4,-43.4]]],[[[148.1,-42.7],[148,-42.7],[148,-42.6],[148.1,-42.6],[148.2,-42.7],[148.1,-42.7]]],[[[147.4,-43.2],[147.3,-43.2],[147.4,-43.1],[147.4,-43.2]]],[[[144.8,-40.5],[144.7,-40.6],[144.7,-40.5],[144.8,-40.4],[144.8,-40.5]]],[[[148.3,-40.3],[148.4,-40.4],[148.5,-40.4],[148.4,-40.5],[148.3,-40.4],[148.2,-40.5],[148.1,-40.5],[148,-40.4],[148.1,-40.4],[148.2,-40.4],[148.3,-40.3]]],[[[148.2,-40.5],[148.2,-40.6],[148.1,-40.5],[148.2,-40.5]]],[[[158.9,-54.7],[158.8,-54.7],[158.9,-54.5],[159,-54.5],[158.9,-54.6],[158.9,-54.7]]]]}},{"type":"Feature","properties":{"iso3":"IOA","iso2":"","name":"Indian Ocean Ter.","continent":"Asia","subregion":"Seven seas (open ocean)"},"geometry":{"type":"MultiPolygon","coordinates":[[[[105.7,-10.5],[105.7,-10.6],[105.6,-10.5],[105.7,-10.4],[105.7,-10.5]]],[[[96.8,-12.2],[96.9,-12.2],[96.8,-12.2],[96.8,-12.1],[96.8,-12.2]]],[[[96.9,-12.2],[96.9,-12.2],[96.9,-12.2],[96.9,-12.2],[96.9,-12.2],[96.9,-12.2],[96.9,-12.2],[96.9,-12.2],[96.9,-12.2],[96.9,-12.2],[96.9,-12.2],[96.9,-12.2]]]]}},{"type":"Feature","properties":{"iso3":"HMD","iso2":"HM","name":"Heard I. and McDonald Is.","continent":"Seven seas (open ocean)","subregion":"Seven seas (open ocean)"},"geometry":{"type":"Polygon","coordinates":[[[73.7,-53.1],[73.6,-53.2],[73.5,-53.2],[73.4,-53.1],[73.3,-53],[73.4,-53],[73.6,-53],[73.7,-53.1],[73.8,-53.1],[73.7,-53.1]]]}},{"type":"Feature","properties":{"iso3":"NFK","iso2":"NF","name":"Norfolk Island","continent":"Oceania","subregion":"Australia and New Zealand"},"geometry":{"type":"Polygon","coordinates":[[[167.9,-29],[168,-29],[168,-29.1],[167.9,-29.1],[167.9,-29]]]}},{"type":"Feature","properties":{"iso3":"ATC","iso2":"","name":"Ashmore and Cartier Is.","continent":"Oceania","subregion":"Australia and New Zealand"},"geometry":{"type":"Polygon","coordinates":[[[123.6,-12.4],[123.6,-12.4],[123.6,-12.4],[123.6,-12.4],[123.6,-12.4]]]}},{"type":"Feature","properties":{"iso3":"ARM","iso2":"AM","name":"Armenia","continent":"Asia","subregion":"Western Asia"},"geometry":{"type":"MultiPolygon","coordinates":[[[[44.8,39.7],[44.6,39.9],[44.3,40],[44,40],[43.7,40.1],[43.7,40.2],[43.6,40.5],[43.7,40.6],[43.7,40.7],[43.6,40.9],[43.4,41.1],[44.2,41.2],[44.8,41.2],[44.8,41.3],[45,41.3],[45.2,41.1],[45.1,41.1],[45.4,41],[45.6,40.8],[45.4,40.7],[45.5,40.5],[45.6,40.4],[46,40.2],[45.9,40],[45.6,40],[46.2,39.6],[46.3,39.6],[46.5,39.6],[46.5,39.5],[46.4,39.4],[46.6,39.2],[46.4,39.2],[46.5,39.1],[46.5,38.9],[46.1,38.9],[46,39.2],[45.8,39.4],[45.8,39.5],[45.8,39.6],[45.5,39.5],[45.3,39.6],[45.2,39.6],[45.1,39.7],[45,39.8],[44.9,39.7],[44.8,39.7]]],[[[45.6,40.6],[45.5,40.6],[45.5,40.7],[45.6,40.6]]]]}},{"type":"Feature","properties":{"iso3":"ARG","iso2":"AR","name":"Argentina","continent":"South America","subregion":"South America"},"geometry":{"type":"MultiPolygon","coordinates":[[[[-57.6,-30.2],[-57.9,-30.6],[-58,-31.6],[-58.2,-31.9],[-58.2,-33],[-58.4,-33.1],[-58.5,-33.7],[-58.4,-34.2],[-58.5,-34.3],[-58.3,-34.7],[-57.2,-35.4],[-57.4,-35.9],[-57.1,-36.3],[-56.7,-36.4],[-56.7,-37],[-57.5,-38.1],[-58.2,-38.4],[-61.1,-39],[-62.3,-38.8],[-62.3,-39.2],[-62.1,-39.4],[-62.4,-40.2],[-62.2,-40.7],[-62.4,-40.9],[-63.6,-41.2],[-65.1,-40.8],[-65,-42.1],[-64.4,-42.4],[-63.8,-42.1],[-63.6,-42.7],[-64,-42.9],[-64.5,-42.5],[-65,-42.7],[-64.3,-43],[-65.3,-43.6],[-65.3,-44.3],[-65.6,-44.7],[-65.6,-45],[-66.2,-45],[-66.9,-45.3],[-67.6,-46.1],[-67.5,-46.4],[-66.8,-47],[-65.9,-47.2],[-65.8,-47.6],[-66.2,-47.8],[-65.8,-47.9],[-67.5,-49],[-67.9,-50],[-68.3,-50.1],[-68.7,-49.8],[-68.7,-49.9],[-69,-50],[-68.4,-50.2],[-68.9,-50.4],[-69.4,-51],[-69.2,-51],[-69.1,-51.5],[-69.5,-51.6],[-69,-51.7],[-68.4,-52.3],[-70,-52],[-72,-52],[-72.4,-51.5],[-72.3,-50.7],[-73.2,-50.7],[-73.6,-49.6],[-73.5,-49.3],[-73.1,-49.3],[-73,-49],[-72.6,-48.8],[-72.6,-48.5],[-72.3,-48.2],[-72.5,-47.9],[-72.3,-47.5],[-71.9,-47.2],[-71.9,-46.8],[-71.7,-46.7],[-71.9,-46.2],[-71.6,-46],[-71.7,-45.6],[-71.4,-45.2],[-72.1,-44.8],[-71.3,-44.8],[-71.2,-44.6],[-71.8,-44.4],[-71.7,-43.9],[-71.9,-43.3],[-71.8,-43.2],[-72.1,-43],[-72.1,-42.3],[-71.7,-42],[-71.9,-40.7],[-71.7,-40.4],[-71.7,-39.6],[-71.5,-39.6],[-71.4,-38.9],[-70.9,-38.6],[-71.2,-37.8],[-71.2,-36.8],[-71.1,-36.5],[-70.4,-36.1],[-70.6,-35.2],[-70.1,-34.3],[-69.9,-34.2],[-69.8,-33.3],[-70.1,-33.2],[-70,-32.9],[-70.6,-31.3],[-70.2,-30.4],[-69.8,-30.2],[-70,-29.3],[-69.7,-28.4],[-69.2,-27.9],[-68.8,-27.2],[-68.3,-27],[-68.6,-26.5],[-68.4,-26.2],[-68.6,-25.5],[-68.4,-25.1],[-68.5,-24.6],[-67.4,-24],[-67,-23],[-67.2,-22.8],[-66.2,-21.8],[-65.8,-22.1],[-64.6,-22.2],[-64.3,-22.8],[-63.9,-22],[-62.8,-22],[-61.9,-23.1],[-61,-23.8],[-59.9,-24.1],[-57.6,-25.3],[-57.6,-25.5],[-58.1,-26.2],[-58.6,-27.3],[-56.4,-27.6],[-56.2,-27.3],[-55.7,-27.4],[-55.4,-27],[-54.8,-26.7],[-54.6,-25.6],[-53.9,-25.7],[-53.7,-26.3],[-53.8,-27.1],[-54.8,-27.6],[-55.7,-28.2],[-55.7,-28.4],[-55.9,-28.4],[-57.6,-30.1],[-57.6,-30.2]]],[[[-68.7,-54.9],[-68.6,-52.7],[-68.3,-52.9],[-68.2,-53.1],[-68.3,-53],[-68.4,-53.1],[-68.5,-53.2],[-68.5,-53.3],[-68.2,-53.3],[-68,-53.6],[-67.3,-54],[-66.2,-54.5],[-65.7,-54.7],[-65.4,-54.6],[-65.2,-54.7],[-65.3,-54.9],[-65.5,-54.9],[-66,-54.9],[-66.5,-55],[-67.1,-54.9],[-68.2,-54.8],[-68.6,-54.8],[-68.7,-54.9]]],[[[-64.5,-54.7],[-64.4,-54.7],[-64.2,-54.7],[-64.1,-54.7],[-64,-54.7],[-63.8,-54.7],[-63.8,-54.8],[-64,-54.8],[-64.3,-54.8],[-64.5,-54.8],[-64.6,-54.9],[-64.7,-54.9],[-64.8,-54.8],[-64.7,-54.8],[-64.6,-54.8],[-64.5,-54.7]]],[[[-61.9,-39.2],[-62,-39.2],[-62.1,-39.1],[-61.9,-39.1],[-61.9,-39.2]]]]}},{"type":"Feature","properties":{"iso3":"ATG","iso2":"AG","name":"Antigua and Barb.","continent":"North America","subregion":"Caribbean"},"geometry":{"type":"MultiPolygon","coordinates":[[[[-61.7,17],[-61.9,17],[-61.9,17.1],[-61.8,17.2],[-61.7,17.1],[-61.7,17]]],[[[-61.7,17.6],[-61.8,17.5],[-61.8,17.6],[-61.9,17.7],[-61.8,17.7],[-61.7,17.7],[-61.7,17.6]]]]}},{"type":"Feature","properties":{"iso3":"AGO","iso2":"AO","name":"Angola","continent":"Africa","subregion":"Middle Africa"},"geometry":{"type":"MultiPolygon","coordinates":[[[[13.1,-4.6],[12.8,-4.7],[12.5,-5.1],[12.5,-5.7],[12.2,-5.8],[12.2,-5.6],[12.2,-5.5],[12.2,-5.3],[12,-5],[12.2,-4.8],[12.3,-4.8],[12.4,-4.6],[12.8,-4.4],[12.9,-4.4],[13,-4.6],[13.1,-4.6]]],[[[24,-10.9],[24,-11.4],[24,-11.6],[24,-12.4],[23.9,-12.8],[24,-13],[22,-13],[22,-16.3],[22.2,-16.6],[23.4,-17.6],[21.4,-18],[20.7,-18],[20.4,-17.9],[19,-17.8],[18.4,-17.4],[14,-17.4],[13.5,-17],[13.1,-17],[12.5,-17.2],[12,-17.2],[11.7,-17.2],[11.8,-16.7],[11.8,-15.8],[12,-15.5],[12.6,-13.4],[12.9,-13],[13,-12.8],[13.4,-12.5],[13.6,-12.3],[13.8,-11.8],[13.8,-11.1],[13.7,-10.6],[13.3,-10],[13,-9],[13.4,-8.7],[13.4,-8.4],[12.9,-7.2],[12.8,-7],[12.5,-6.6],[12.3,-6.1],[13.2,-5.9],[16.4,-5.9],[16.7,-6.2],[16.7,-6.6],[17,-7.3],[17.6,-8.1],[18,-8.1],[18.6,-7.9],[19.3,-8],[19.5,-7.1],[19.9,-7],[20.6,-6.9],[20.5,-7.2],[20.6,-7.3],[21.8,-7.3],[21.9,-8.7],[21.8,-9.5],[22.3,-10.3],[22.3,-10.7],[22.2,-10.9],[22.2,-11.1],[22.3,-11.2],[22.6,-11.1],[23.8,-11],[23.9,-10.9],[24,-10.9]]]]}},{"type":"Feature","properties":{"iso3":"AND","iso2":"AD","name":"Andorra","continent":"Europe","subregion":"Southern Europe"},"geometry":{"type":"Polygon","coordinates":[[[1.7,42.5],[1.5,42.4],[1.4,42.4],[1.4,42.5],[1.4,42.6],[1.5,42.6],[1.7,42.6],[1.7,42.5]]]}},{"type":"Feature","properties":{"iso3":"DZA","iso2":"DZ","name":"Algeria","continent":"Africa","subregion":"Northern Africa"},"geometry":{"type":"Polygon","coordinates":[[[8.6,36.9],[8.2,36.5],[8.4,35.2],[8.2,34.7],[7.5,34.1],[7.5,33.8],[8.3,32.5],[9,32.1],[9.5,30.2],[9.3,30.1],[9.8,29.2],[9.9,26.6],[9.4,26.1],[10,25.3],[10.3,24.6],[11.5,24.3],[12,23.5],[7.5,20.9],[5.8,19.5],[3.3,19],[3.1,19.2],[3.3,19.4],[3.1,19.9],[1.8,20.3],[1.2,20.8],[1.1,21.1],[-8.7,27.3],[-8.7,28.7],[-8.3,29],[-7.1,29.6],[-6.6,29.6],[-6.5,29.8],[-5.4,30],[-5,30.5],[-3.7,31],[-3.8,31.2],[-3.8,31.7],[-3,31.8],[-2.9,32.1],[-1.2,32.1],[-1.1,32.5],[-1.4,32.8],[-1.7,33.3],[-1.8,34.8],[-2.2,35.1],[-1.7,35.2],[-0.4,35.9],[0,35.8],[0.3,36.2],[1.3,36.5],[3.8,36.9],[4.8,36.9],[5.3,36.6],[6.5,37.1],[8.1,36.9],[8.6,36.9]]]}},{"type":"Feature","properties":{"iso3":"ALB","iso2":"AL","name":"Albania","continent":"Europe","subregion":"Southern Europe"},"geometry":{"type":"Polygon","coordinates":[[[19.3,41.9],[19.4,42.1],[19.3,42.2],[19.7,42.6],[19.8,42.5],[20.1,42.5],[20.2,42.3],[20.4,42.3],[20.5,42.2],[20.6,41.9],[20.5,41.7],[20.5,41.6],[20.4,41.5],[20.5,41.3],[20.7,40.9],[20.9,40.9],[21,40.6],[21,40.5],[20.8,40.4],[20.7,40.1],[20.3,40],[20.4,39.8],[20.3,39.8],[20.2,39.7],[20,39.7],[20,39.9],[19.9,40],[19.5,40.2],[19.3,40.4],[19.5,40.4],[19.3,40.7],[19.5,40.9],[19.5,41.2],[19.4,41.4],[19.6,41.6],[19.6,41.8],[19.5,41.9],[19.3,41.9]]]}},{"type":"Feature","properties":{"iso3":"AFG","iso2":"AF","name":"Afghanistan","continent":"Asia","subregion":"Southern Asia"},"geometry":{"type":"Polygon","coordinates":[[[66.5,37.3],[67.7,37.2],[68.1,36.9],[68.9,37.3],[69.3,37.1],[69.4,37.2],[69.5,37.6],[70.2,37.6],[70.2,37.9],[70.6,38.3],[70.9,38.5],[71.3,38.3],[71.3,38.2],[71.3,37.9],[71.6,37.9],[71.4,37.1],[71.7,36.7],[72.7,37],[72.9,37.3],[73.4,37.5],[73.7,37.4],[73.7,37.2],[74.3,37.4],[74.7,37.4],[74.9,37.2],[74.7,37.3],[74.4,37.2],[74.5,37],[74,36.8],[73.1,36.9],[72.2,36.7],[71.8,36.4],[71.6,36.4],[71.2,36.1],[71.2,36],[71.4,35.9],[71.6,35.5],[71.5,35.3],[71.6,35.2],[71,34.5],[71.1,34.4],[71.1,34],[70.7,34],[69.9,34],[69.9,33.9],[70.1,33.6],[70.3,33.3],[69.5,33],[69.2,32.4],[69.3,31.9],[68.9,31.6],[68.6,31.8],[68.2,31.8],[67.6,31.5],[67.7,31.3],[67.5,31.2],[66.8,31.3],[66.3,30.8],[66.2,30.1],[66.3,30],[66.2,29.8],[65.1,29.6],[64.4,29.5],[64.1,29.4],[63.6,29.5],[62.5,29.4],[60.8,29.9],[61.8,30.9],[61.8,31.3],[61.7,31.4],[60.8,31.5],[60.8,32.2],[60.6,33.1],[60.9,33.5],[60.5,33.6],[60.5,34.1],[60.6,34.3],[60.9,34.3],[60.7,34.5],[61.1,34.9],[61.1,35.3],[61.2,35.3],[61.3,35.6],[61.6,35.4],[62,35.4],[62.3,35.2],[62.7,35.3],[63.1,35.4],[63.2,35.7],[63.1,35.8],[64,36],[64.5,36.3],[64.8,37.1],[65.1,37.2],[65.6,37.3],[65.8,37.6],[66.5,37.3]]]}},{"type":"Feature","properties":{"iso3":"KAS","iso2":"","name":"Siachen Glacier","continent":"Asia","subregion":"Southern Asia"},"geometry":{"type":"Polygon","coordinates":[[[77,35.1],[76.8,35.7],[77.4,35.5],[77.8,35.5],[77.2,35.2],[77,35.1]]]}},{"type":"Feature","properties":{"iso3":"ATA","iso2":"AQ","name":"Antarctica","continent":"Antarctica","subregion":"Antarctica"},"geometry":{"type":"MultiPolygon","coordinates":[[[[-45.7,-60.5],[-45.5,-60.5],[-45.4,-60.6],[-45.2,-60.6],[-45.2,-60.7],[-45.4,-60.6],[-45.7,-60.6],[-45.8,-60.6],[-45.9,-60.6],[-46,-60.6],[-45.9,-60.5],[-45.8,-60.5],[-45.7,-60.5]]],[[[-90.5,-68.8],[-90.6,-68.8],[-90.7,-68.8],[-90.6,-68.7],[-90.5,-68.7],[-90.5,-68.8]]],[[[-57,-63.4],[-56.8,-63.6],[-57.5,-63.5],[-59,-64.2],[-58.8,-64.5],[-59.5,-64.3],[-59.6,-64.6],[-60,-64.4],[-61.1,-65],[-61.7,-65],[-61.6,-65.2],[-62.1,-65.3],[-61.8,-65.6],[-62.3,-65.8],[-62,-66.1],[-60.6,-66],[-61,-66.1],[-61,-66.3],[-61.4,-66.1],[-61.8,-66.4],[-62.1,-66.2],[-62.7,-66.2],[-62.6,-66.7],[-63.3,-66.3],[-63.8,-66.3],[-63.7,-66.4],[-64.1,-66.7],[-63.8,-66.9],[-64.7,-66.8],[-64.8,-67.1],[-65,-67.2],[-64.8,-67.3],[-65.5,-67.4],[-65.4,-67.7],[-65.6,-67.9],[-65.5,-68],[-65.6,-68.1],[-64.8,-68.1],[-65.5,-68.3],[-65,-68.4],[-65.2,-68.6],[-64.1,-68.8],[-64.2,-68.6],[-63.9,-68.5],[-62.9,-68.4],[-63.8,-68.6],[-63.3,-68.8],[-63.5,-69],[-62.6,-69.5],[-62,-70.1],[-62.4,-70.4],[-61.5,-70.5],[-62,-70.7],[-62,-70.9],[-61.3,-70.9],[-61,-71.2],[-62,-71.7],[-61.2,-71.6],[-61,-71.7],[-61,-71.8],[-62.3,-72],[-60.7,-72.1],[-60.7,-72.4],[-61.3,-72.5],[-61.3,-72.6],[-60.5,-72.7],[-60.4,-73],[-60,-72.9],[-60.1,-73.3],[-62,-73.1],[-61.6,-73.5],[-60.8,-73.7],[-61.2,-74],[-61.7,-73.9],[-61.8,-74],[-61,-74.1],[-61.8,-74.3],[-60.7,-74.3],[-61.4,-74.5],[-62.2,-74.4],[-61.9,-74.8],[-62.1,-74.9],[-63.2,-74.7],[-63.2,-74.9],[-63.9,-75],[-63.2,-75.2],[-64.3,-75.3],[-63.4,-75.5],[-69.3,-76.4],[-70.2,-76.7],[-77.3,-76.7],[-76.2,-77.3],[-75.4,-77.5],[-72.9,-77.6],[-74,-78.1],[-75.4,-78.2],[-80.6,-77.8],[-81.6,-77.8],[-77.9,-78.4],[-77.4,-78.4],[-77.5,-78.6],[-77.9,-78.7],[-80.3,-78.8],[-82.6,-78.4],[-83.8,-78],[-83.2,-78.4],[-83.8,-78.5],[-83.3,-78.8],[-81.7,-79.1],[-80.9,-79.5],[-80.2,-79.3],[-76.2,-79.4],[-76,-79.6],[-76.6,-79.9],[-79.7,-80],[-78.2,-80.2],[-76.4,-80.1],[-75.1,-80.9],[-73,-80.9],[-70.7,-80.6],[-69.8,-81],[-68.6,-81],[-65.6,-81.5],[-62.4,-81.6],[-62.2,-81.6],[-64.7,-81.7],[-65.6,-81.7],[-64.1,-81.9],[-66.1,-82],[-65.8,-82],[-65.9,-82.2],[-65.7,-82.3],[-64.9,-82.4],[-60.5,-82.2],[-62.7,-82.5],[-61.9,-83],[-61.2,-83],[-61.6,-83.3],[-61.4,-83.4],[-59.5,-83.5],[-55.8,-82.5],[-54,-82.2],[-48.4,-81.9],[-46.3,-81.9],[-46,-82.2],[-46.5,-82.5],[-45.8,-82.5],[-43.7,-82.3],[-41.4,-81.3],[-38.8,-80.9],[-37.2,-81.1],[-35.3,-80.7],[-31.3,-80.5],[-29.5,-80.2],[-23.6,-80],[-23.4,-79.9],[-29.9,-79.6],[-30.2,-79.5],[-30.3,-79.2],[-33,-79.2],[-35.5,-78.9],[-36.2,-78.8],[-36.3,-78.6],[-35.5,-78],[-34.1,-77.4],[-32.1,-77.2],[-28.9,-76.4],[-24.3,-75.8],[-18.3,-75.4],[-18.7,-75.2],[-17.4,-74.4],[-15.7,-74.4],[-14.6,-73.9],[-16.2,-73.9],[-15.9,-73.8],[-16.5,-73.6],[-16.4,-73.4],[-15.6,-73.1],[-14,-73],[-14.3,-72.7],[-13.2,-72.8],[-11.5,-72.4],[-11,-71.9],[-11,-71.8],[-12.1,-71.6],[-12.4,-71.4],[-11.9,-71.3],[-10.8,-71.6],[-10,-71.1],[-10.3,-70.9],[-9.2,-71.2],[-8.6,-71.7],[-7.7,-71.5],[-7.6,-71.2],[-7.9,-70.9],[-7.8,-70.8],[-5.9,-70.7],[-5.6,-70.9],[-6.1,-71.3],[-2,-71.4],[-1.1,-71.3],[-0.5,-71.7],[0.5,-71.3],[1.9,-71],[7.7,-70.4],[8.5,-70.5],[9.1,-70.2],[11.7,-70.8],[12.9,-70.2],[12.6,-70.1],[13.1,-70.1],[13.8,-70.3],[15.8,-70.3],[16.4,-70.1],[16.7,-70.4],[18.1,-70.5],[18.4,-70.3],[19,-70.2],[19.2,-70.3],[19,-70.7],[19.4,-70.9],[21.1,-70.8],[21.7,-70.3],[22.4,-70.5],[22.3,-70.7],[23,-70.8],[24,-70.4],[24.8,-70.9],[26.5,-71],[30,-70.3],[32.6,-70],[33,-69.6],[32.6,-69.1],[32.6,-68.9],[33.5,-68.7],[34.2,-68.7],[33.8,-69.1],[34.6,-69.1],[35.4,-69.7],[37.8,-69.7],[38.9,-70.2],[38.9,-70],[39.7,-69.4],[39.9,-69],[40.2,-68.8],[43,-68.1],[46.4,-67.6],[46.3,-67.4],[46.6,-67.3],[47.4,-67.4],[47.1,-67.6],[47.5,-67.7],[48.2,-67.7],[48.4,-68],[48.6,-67.8],[48.6,-67.5],[49.2,-67.2],[48.5,-67],[49.2,-66.9],[50.6,-67.2],[50.5,-66.8],[50.2,-66.6],[50.3,-66.4],[51.9,-66],[53.7,-65.9],[55.3,-66],[57.2,-66.6],[56.1,-66.6],[56.5,-66.9],[55.8,-67.2],[56.2,-67.3],[57.6,-67],[59.3,-67.5],[60.5,-67.4],[62.7,-67.6],[63.7,-67.5],[68.3,-67.9],[69.6,-67.8],[70,-68.5],[69.5,-68.7],[69.6,-69.2],[68.9,-69.4],[69.2,-69.7],[69.1,-69.9],[68.2,-69.8],[67.3,-70.3],[69.3,-70.4],[68.9,-71],[68,-71.4],[67.4,-72],[66.9,-72.9],[66.5,-73.1],[67.3,-73.3],[68,-73.1],[68,-72.8],[68.4,-72.5],[69.6,-72.4],[71.3,-71.6],[71.8,-70.8],[72.8,-70.4],[72.8,-70.1],[73.3,-69.8],[75.6,-69.8],[76.1,-69.5],[77.8,-69.1],[79,-68.2],[83.3,-67.6],[84.5,-67.1],[85.7,-67.2],[88,-66.8],[89.7,-66.8],[92.1,-66.5],[94.1,-66.7],[94.8,-66.5],[95.5,-66.6],[98.3,-66.5],[99.4,-66.6],[100.9,-66.4],[101.4,-66],[102.7,-65.9],[109.5,-66.9],[110.6,-66.5],[110.6,-66.3],[110.9,-66.1],[113.1,-65.8],[115.6,-66.8],[115.3,-67],[114,-67.2],[114,-67.4],[116.7,-67],[118.7,-67.2],[120.4,-67],[118.9,-67.3],[119.1,-67.4],[124,-66.6],[124.8,-66.7],[125.9,-66.4],[126.7,-66.5],[127.5,-67.1],[128.4,-67.1],[129.2,-67],[129.7,-66.5],[130.6,-66.2],[133.4,-66.1],[134.4,-66.5],[135.4,-66.1],[136.6,-66.4],[137.3,-66.3],[142.7,-67],[143.7,-66.9],[143.9,-67.1],[144.6,-67.1],[144,-67.9],[146,-67.6],[146.8,-68],[146.8,-68.3],[147.1,-68.4],[150.9,-68.4],[151.3,-68.8],[151.6,-68.7],[153.1,-68.9],[153.7,-68.7],[153.9,-68.3],[155.5,-69],[157.5,-69.3],[157.9,-69.2],[159.8,-69.5],[160.2,-70],[161,-70.3],[161.4,-70.8],[162.2,-71],[162,-70.4],[162.7,-70.3],[163.3,-70.6],[164.4,-70.5],[167.6,-70.8],[168.2,-71.2],[170.2,-71.6],[170.4,-71.4],[170.9,-71.9],[170,-72.1],[170,-72.4],[170.3,-72.4],[170.2,-72.6],[168.4,-72.4],[169.8,-72.7],[169.5,-73.1],[169,-73.2],[167.2,-73.1],[166.5,-72.9],[166.8,-73.2],[167.7,-73.4],[165.9,-73.6],[166.1,-73.7],[165.3,-73.9],[165.1,-73.4],[164.8,-73.4],[165,-73.9],[164.8,-74],[165.4,-74.6],[163.7,-74.6],[163.4,-74.4],[162.6,-74.8],[162.4,-75.2],[160.9,-75.3],[162.2,-75.5],[162.8,-75.8],[162.4,-76.2],[162.7,-76.2],[162.8,-76.5],[162.7,-76.6],[162.8,-76.7],[162.5,-77],[163.1,-77],[163.8,-77.7],[164.5,-78],[164,-78.2],[164.6,-78.3],[165.4,-78],[165.7,-78.3],[167.1,-78.5],[167,-78.7],[164.6,-78.6],[162.6,-78.9],[161.7,-78.5],[161.5,-78.7],[162,-79],[160.9,-79],[160.5,-79.2],[160.6,-79.4],[160,-79.6],[160.3,-79.7],[159.9,-79.8],[160.6,-80],[158.6,-80.4],[160.6,-80.4],[160.5,-80.6],[160.8,-80.7],[160.3,-80.8],[160.7,-80.9],[160.7,-81.2],[160.5,-81.3],[163.7,-82.2],[161.2,-82.4],[161.3,-82.5],[164.7,-82.4],[167.1,-82.8],[167.6,-83],[168.6,-83.1],[167.7,-83.3],[168.1,-83.4],[171,-83.4],[180,-84.4],[180,-90],[-180,-90],[-180,-84.4],[-156.5,-85.2],[-157.5,-84.9],[-156.5,-84.9],[-156.6,-84.8],[-165.1,-84.4],[-163.8,-84.3],[-164.7,-84.2],[-164,-84],[-165,-83.8],[-167.8,-83.8],[-169.2,-83.4],[-174.2,-82.8],[-171.8,-82.8],[-168.4,-83.2],[-165.6,-83.2],[-164.4,-83.5],[-163.1,-83.3],[-162.2,-83.5],[-159.4,-83.5],[-157.4,-83.3],[-157,-83.2],[-157.7,-83.1],[-155.5,-83],[-153,-82.4],[-154.7,-81.9],[-154,-81.7],[-157,-81.3],[-156.5,-81.2],[-148,-80.8],[-150.6,-80.4],[-150.2,-80.1],[-148.3,-80.1],[-148.4,-79.9],[-148.1,-79.9],[-148.2,-79.8],[-151,-79.5],[-152.1,-79.1],[-154.5,-79],[-156.1,-78.7],[-156.5,-78.6],[-154.3,-78.3],[-157.3,-78.2],[-158.3,-78],[-158.5,-77.8],[-158.2,-77.5],[-158.2,-77.2],[-158,-77.1],[-157.1,-77.2],[-154.8,-77.1],[-149.7,-77.8],[-148.2,-77.5],[-148.7,-77.3],[-148.8,-77.1],[-146.1,-77.5],[-145.6,-77.5],[-145.8,-77.3],[-145.5,-77.2],[-146,-77.1],[-145.6,-77],[-145.8,-76.7],[-146.8,-76.5],[-149.7,-76.4],[-148.3,-76.1],[-145.4,-76.4],[-146.4,-76.1],[-146,-75.9],[-143.6,-75.6],[-142.3,-75.5],[-140.9,-75.7],[-141.2,-75.5],[-139.1,-75.2],[-136.6,-75.2],[-136.2,-74.8],[-135.4,-74.7],[-129.8,-74.9],[-127,-74.7],[-121.5,-74.7],[-118.3,-74.4],[-115.2,-74.5],[-114.6,-73.9],[-113.5,-74.1],[-113.8,-74.4],[-113.3,-74.5],[-113.9,-74.6],[-114.1,-75],[-111.7,-74.8],[-111.8,-74.3],[-111.6,-74.2],[-110.3,-74.4],[-110.3,-74.7],[-111.5,-75.1],[-111.4,-75.2],[-106.6,-75.3],[-103.1,-75.1],[-101.7,-75.1],[-101,-75.4],[-98.6,-75.2],[-100.5,-74.9],[-100,-74.7],[-100.2,-74.5],[-101.3,-74.5],[-101.7,-74],[-102.9,-73.8],[-102.4,-73.6],[-100.7,-73.8],[-98.9,-73.6],[-100.4,-73.4],[-102.9,-73.3],[-103.4,-72.8],[-103.1,-72.7],[-102.4,-72.8],[-102.4,-73],[-98.2,-73],[-96.4,-73.3],[-92.8,-73.2],[-90.9,-73.3],[-90.4,-73.2],[-90.3,-73],[-88.8,-72.7],[-88.2,-72.8],[-88.6,-73.1],[-88.4,-73.2],[-87.4,-73.2],[-86.8,-73.4],[-85.8,-73.2],[-85,-73.5],[-82.2,-73.9],[-81.3,-73.7],[-81.2,-73.2],[-80.3,-73.4],[-80.6,-73.1],[-80.4,-72.9],[-79.5,-73.1],[-78.8,-73.5],[-76.9,-73.5],[-76.8,-73.6],[-77,-73.8],[-75.3,-73.6],[-74,-73.7],[-72.9,-73.4],[-69.3,-73.2],[-67.7,-72.8],[-66.8,-72.1],[-67.5,-71.5],[-67.7,-70.7],[-68.4,-70],[-68.7,-69.4],[-67.4,-69.4],[-67,-69.2],[-67.4,-68.9],[-67.1,-68.8],[-66.8,-68.2],[-67.1,-68],[-66.7,-67.6],[-67.5,-67.5],[-67.5,-67.1],[-67,-66.9],[-66.9,-67.3],[-66.5,-67.3],[-66.5,-66.7],[-65.8,-66.6],[-65.8,-66.3],[-65.2,-66.1],[-65.3,-66],[-64.5,-66],[-64.6,-65.7],[-63.8,-65.5],[-64.1,-65.3],[-63.8,-65],[-63.1,-65.1],[-63.1,-64.9],[-62.5,-64.8],[-62.5,-64.7],[-61.6,-64.6],[-60.9,-64.1],[-57.1,-63.3],[-57,-63.4]]],[[[-45.2,-78.8],[-43.6,-78.8],[-43,-79.5],[-43,-79.8],[-43.3,-80],[-43.8,-80],[-43.5,-80.1],[-43.5,-80.2],[-49.2,-80.6],[-49.8,-80.8],[-54.2,-80.9],[-54.4,-80.8],[-54.3,-80.6],[-53.4,-80.1],[-53.1,-80.2],[-52.5,-80.1],[-52.3,-80.1],[-50.4,-79.5],[-50.3,-79.4],[-50.4,-79.3],[-50.7,-79.3],[-50.5,-79.1],[-50.5,-78.9],[-50.2,-78.8],[-50.4,-78.8],[-50.2,-78.6],[-49.1,-78],[-47.5,-77.8],[-46.3,-77.8],[-44.6,-78],[-43.8,-78.3],[-43.9,-78.6],[-45.1,-78.7],[-45.4,-78.8],[-45.2,-78.8]]],[[[-59.7,-80.3],[-59.8,-80.7],[-60.6,-80.9],[-62.7,-80.8],[-62.9,-80.8],[-63.1,-80.6],[-64.1,-80.7],[-64.3,-80.7],[-66.8,-80.3],[-66.4,-80.2],[-66,-80.4],[-61.6,-80.3],[-61.2,-80.3],[-61.6,-80.2],[-61.7,-80],[-61.3,-80],[-61.3,-79.9],[-60.6,-79.7],[-59.9,-79.8],[-59.7,-79.9],[-59.8,-80.1],[-59.3,-80.2],[-59.7,-80.3]]],[[[-70.1,-69.2],[-70.1,-69.3],[-69.7,-69.3],[-69.4,-69.6],[-69.1,-70.1],[-68.3,-70.9],[-68.2,-71.8],[-68.5,-72.2],[-69.1,-72.4],[-69.2,-72.5],[-70.5,-72.7],[-72.4,-72.7],[-73.1,-72.4],[-72.7,-72.3],[-70.9,-72.4],[-70.2,-72.2],[-70.5,-72.2],[-71.7,-72.2],[-71.9,-72.1],[-71,-72],[-70.8,-71.9],[-71.8,-71.8],[-72.3,-71.6],[-72.9,-71.9],[-73.8,-71.8],[-73.5,-72],[-74,-72.2],[-74.8,-72.1],[-75.4,-71.8],[-75.3,-71.6],[-75.1,-71.6],[-74.4,-71.6],[-74.4,-71.5],[-74.2,-71.4],[-73.5,-71.6],[-73.4,-71.5],[-73.6,-71.4],[-72.2,-71.3],[-73.1,-71.1],[-72.7,-71.1],[-71.7,-71.1],[-71.2,-71],[-70.4,-70.9],[-69.9,-71.1],[-69.9,-70.9],[-70.9,-70.8],[-71.2,-70.7],[-71.1,-70.5],[-70.3,-70.4],[-69.6,-70.4],[-70.3,-70.2],[-71.1,-70.2],[-71.7,-70.1],[-71.9,-69.9],[-71.7,-69.4],[-72.1,-69.3],[-72.1,-69.1],[-71.9,-68.9],[-70.4,-68.8],[-70.1,-69],[-70.1,-69.1],[-70.1,-69.2]]],[[[-98.1,-71.9],[-98.2,-72.1],[-97.9,-72.1],[-97.8,-71.9],[-97.6,-71.9],[-97.5,-72],[-97.6,-72.1],[-97.3,-72.2],[-96.9,-71.9],[-96.4,-71.8],[-96.1,-71.9],[-96.3,-72],[-97,-72.2],[-96.7,-72.3],[-95.7,-72.1],[-95.5,-72.2],[-95.6,-72.4],[-96.1,-72.5],[-96.1,-72.6],[-98.2,-72.6],[-100.2,-72.3],[-102,-72.2],[-102.3,-72.1],[-102.1,-72],[-100.2,-71.8],[-99.8,-72],[-98.6,-71.8],[-98.2,-71.8],[-98.1,-71.9]]],[[[-120.6,-73.8],[-120.4,-73.9],[-120.3,-74],[-121,-74.2],[-121.1,-74.3],[-121,-74.3],[-122.3,-74.4],[-122.9,-74.3],[-123,-74.2],[-122.8,-74.2],[-122.9,-74.1],[-122.6,-74],[-123,-73.8],[-123.3,-73.8],[-123.2,-73.7],[-123,-73.7],[-120.7,-73.8],[-120.6,-73.8]]],[[[-126.3,-73.3],[-125.7,-73.4],[-125.6,-73.5],[-125.3,-73.7],[-125.8,-73.7],[-125.9,-73.8],[-125.7,-73.8],[-125.3,-73.8],[-125,-73.8],[-124.5,-73.7],[-124,-73.9],[-124.2,-73.9],[-123.8,-74.1],[-123.8,-74.2],[-124,-74.3],[-125.1,-74.2],[-126.2,-73.9],[-126.5,-73.8],[-126.5,-73.7],[-126.6,-73.7],[-126.8,-73.7],[-127,-73.7],[-127.2,-73.7],[-127.2,-73.6],[-127.4,-73.5],[-127.4,-73.4],[-127.3,-73.3],[-126.6,-73.3],[-126.3,-73.3]]],[[[-159.1,-79.8],[-160.3,-79.8],[-161.9,-79.7],[-163.7,-79.4],[-164.3,-79.2],[-164.1,-79],[-163.3,-78.7],[-162.4,-78.8],[-159.7,-79.4],[-159,-79.8],[-159.1,-79.8]]],[[[167.1,-77.3],[167.5,-77.4],[168.5,-77.4],[169.3,-77.5],[169.4,-77.5],[168.5,-77.7],[167.4,-77.6],[166.7,-77.9],[166.2,-77.5],[166.6,-77.4],[166.4,-77.3],[166.5,-77.2],[167,-77.2],[167.1,-77.3]]],[[[-31.1,-79.8],[-31,-79.8],[-30.8,-79.8],[-30.9,-79.7],[-30.8,-79.6],[-30.7,-79.7],[-29.9,-79.8],[-29.6,-79.9],[-30.4,-80],[-31.8,-79.8],[-32,-79.7],[-31.6,-79.6],[-31.1,-79.8]]],[[[-33.9,-79.3],[-34,-79.4],[-36.6,-79.3],[-36.6,-79.2],[-36,-79.2],[-35.5,-79.1],[-33.9,-79.3]]],[[[-70.3,-79.7],[-71.5,-79.6],[-71.8,-79.4],[-71.7,-79.2],[-71.5,-79.1],[-70.5,-78.9],[-67.5,-78.4],[-66.7,-78.4],[-69.3,-79.2],[-69.7,-79.4],[-69.6,-79.5],[-69.7,-79.6],[-70.1,-79.7],[-70.3,-79.7]]],[[[-57.8,-64.1],[-57.5,-64],[-57.2,-64.1],[-57.3,-64.2],[-57.2,-64.2],[-57.4,-64.3],[-57.3,-64.4],[-57.7,-64.4],[-57.7,-64.3],[-57.8,-64.3],[-57.9,-64.4],[-58,-64.4],[-57.9,-64.3],[-58.2,-64.4],[-58.3,-64.3],[-58,-64.2],[-58.1,-64.2],[-58.1,-64.1],[-58.4,-64.1],[-58.3,-63.9],[-57.9,-63.8],[-57.8,-63.8],[-57.8,-63.9],[-57.8,-64.1]]],[[[-55.5,-63.2],[-55.2,-63.2],[-55.1,-63.3],[-55.2,-63.4],[-55.8,-63.3],[-56.4,-63.4],[-56.5,-63.4],[-56.5,-63.3],[-56.4,-63.2],[-56,-63.2],[-55.5,-63.2]]],[[[-58,-61.9],[-57.7,-61.9],[-57.6,-62],[-58.1,-62.1],[-58.2,-62.1],[-58.1,-62.1],[-58.2,-62.2],[-58.3,-62.1],[-58.5,-62.1],[-58.6,-62.2],[-58.8,-62.2],[-59,-62.2],[-58.7,-62],[-58.4,-61.9],[-58.3,-62],[-58,-61.9]]],[[[-63.2,-64.5],[-63.3,-64.6],[-62.9,-64.5],[-62.8,-64.6],[-63.3,-64.7],[-63.6,-64.7],[-63.7,-64.8],[-64.3,-64.7],[-64.2,-64.6],[-63.9,-64.5],[-63.7,-64.4],[-63.7,-64.3],[-63.5,-64.3],[-63.3,-64.3],[-63.2,-64.3],[-63.3,-64.4],[-63.2,-64.5]]],[[[-62.3,-64.4],[-62.4,-64.5],[-62.5,-64.5],[-62.6,-64.5],[-62.8,-64.5],[-62.7,-64.5],[-62.6,-64.4],[-62.5,-64.3],[-62.5,-64.2],[-62.6,-64.1],[-62.5,-64],[-62.3,-64],[-62.3,-64.1],[-62.1,-64.1],[-62.1,-64.2],[-62.2,-64.3],[-62.2,-64.4],[-62.3,-64.4]]],[[[-68,-67.5],[-68.2,-67.6],[-68.4,-67.6],[-68.4,-67.7],[-68.6,-67.7],[-68.8,-67.8],[-68.9,-67.7],[-69.1,-67.6],[-69.1,-67.5],[-69.1,-67.4],[-68.8,-67.2],[-68.3,-66.8],[-67.8,-66.6],[-67.7,-66.6],[-67.7,-66.7],[-67.9,-66.8],[-68,-67],[-67.7,-67.1],[-68.2,-67.4],[-68,-67.5]]],[[[-73.7,-70.6],[-73.6,-70.7],[-74.2,-70.9],[-74.8,-71],[-76.3,-71.1],[-76.4,-71.1],[-76.5,-71],[-76.5,-70.9],[-76.2,-70.9],[-75.1,-70.8],[-75,-70.6],[-74.8,-70.6],[-74.6,-70.8],[-74.5,-70.7],[-74.5,-70.6],[-74.1,-70.7],[-74.1,-70.6],[-73.9,-70.6],[-73.7,-70.6]]],[[[-75,-69.7],[-74.8,-69.8],[-74.4,-69.9],[-74.6,-70],[-74.7,-70.1],[-74.8,-70.2],[-75.7,-70.1],[-75.8,-70],[-75.8,-69.9],[-75.3,-69.8],[-75.3,-69.7],[-75.1,-69.7],[-75,-69.7]]],[[[-74.4,-73.1],[-74.5,-73.2],[-74.7,-73.3],[-74.4,-73.5],[-74.5,-73.6],[-74.6,-73.6],[-75.9,-73.3],[-76.1,-73.3],[-76.1,-73.2],[-75.9,-73.1],[-75.5,-73.1],[-75.4,-73.1],[-75.3,-73.1],[-75.2,-73],[-75.6,-73],[-75.7,-72.9],[-75.4,-72.8],[-74.5,-72.9],[-74.2,-73],[-74.4,-73.1]]],[[[-91.2,-73.2],[-91.3,-73.2],[-91.5,-73.2],[-91.5,-73],[-91.4,-72.9],[-91.6,-72.8],[-91.7,-72.6],[-91.6,-72.6],[-91.3,-72.5],[-90.9,-72.6],[-90.8,-72.6],[-90.8,-72.7],[-90.9,-72.8],[-90.8,-72.9],[-90.8,-73],[-90.9,-73.1],[-91,-73.1],[-91.2,-73.2]]],[[[167.6,-78.1],[167.4,-78.2],[166.9,-78.2],[166.3,-78.3],[166.1,-78.3],[166,-78.1],[166.1,-78.1],[166.9,-78.2],[167.5,-78],[167.6,-78],[167.6,-78.1]]],[[[101,-65.7],[100.5,-65.7],[100.4,-65.7],[100.3,-65.7],[100.3,-65.6],[100.3,-65.5],[100.4,-65.5],[100.5,-65.4],[100.9,-65.4],[101.1,-65.4],[101.2,-65.5],[101.3,-65.5],[101.2,-65.6],[101,-65.7]]],[[[26.9,-70.4],[26.8,-70.4],[26.6,-70.4],[26.5,-70.4],[26.4,-70.4],[26,-70.4],[26,-70.3],[26,-70.2],[26.3,-70.1],[26.4,-70.1],[26.6,-70.1],[26.7,-70.1],[26.9,-70.3],[26.9,-70.4]]],[[[-5.9,-70.6],[-6.2,-70.6],[-6.4,-70.5],[-6.2,-70.4],[-6.1,-70.4],[-5.9,-70.4],[-5.9,-70.6]]],[[[-3.3,-70.5],[-3.4,-70.5],[-3.5,-70.5],[-3.3,-70.3],[-3.2,-70.3],[-2.9,-70.3],[-2.8,-70.3],[-2.7,-70.3],[-2.7,-70.4],[-2.7,-70.5],[-3.3,-70.5]]],[[[-66.2,-80.1],[-66.4,-80.1],[-66.4,-80],[-66.9,-79.9],[-67,-79.8],[-67.7,-79.6],[-67.8,-79.5],[-66,-79.6],[-65.9,-79.7],[-65.6,-79.8],[-65.5,-79.8],[-65.5,-80],[-66,-80.1],[-66.2,-80.1]]],[[[-67.3,-79.5],[-67.4,-79.5],[-68.5,-79.4],[-68.4,-79.3],[-68,-79.2],[-67.1,-79.3],[-67.3,-79.4],[-67.3,-79.5]]],[[[-55.2,-61.2],[-55.3,-61.2],[-55.4,-61.1],[-54.7,-61.1],[-55.1,-61.2],[-55.2,-61.2]]],[[[-55.9,-63.5],[-56,-63.6],[-56.2,-63.5],[-56.2,-63.4],[-55.9,-63.4],[-55.8,-63.4],[-55.7,-63.5],[-55.9,-63.5]]],[[[-57.2,-64.6],[-57.3,-64.6],[-57.4,-64.5],[-56.9,-64.3],[-57,-64.4],[-56.9,-64.4],[-57,-64.5],[-57.2,-64.6]]],[[[-56.1,-63.1],[-56.3,-63.2],[-56.4,-63.2],[-56.5,-63.1],[-56.6,-63],[-56.5,-63],[-56.1,-63],[-56.1,-63.1]]],[[[-57.4,-63.8],[-57.2,-63.8],[-57.1,-63.8],[-57.2,-63.9],[-57.3,-63.9],[-57.6,-63.9],[-57.7,-63.8],[-57.4,-63.8]]],[[[-62,-69.7],[-62.1,-69.7],[-62.2,-69.6],[-62.2,-69.5],[-62.5,-69.3],[-62.6,-69.2],[-62.5,-69.2],[-62.4,-69.1],[-62.2,-69.2],[-62.1,-69.2],[-61.8,-69.4],[-61.8,-69.5],[-61.9,-69.5],[-61.9,-69.6],[-62,-69.7]]],[[[-60.6,-62.6],[-60.1,-62.5],[-60,-62.6],[-59.8,-62.6],[-60.2,-62.7],[-60.3,-62.7],[-60.4,-62.6],[-61,-62.7],[-61.1,-62.6],[-61.2,-62.6],[-61,-62.6],[-60.8,-62.5],[-60.7,-62.5],[-60.6,-62.6]]],[[[-72,-69.7],[-72.2,-69.7],[-72.8,-69.6],[-73,-69.5],[-72.9,-69.5],[-72.9,-69.4],[-72.7,-69.4],[-72.5,-69.5],[-72.3,-69.5],[-72,-69.7]]],[[[-95,-72.7],[-95.2,-72.7],[-95.3,-72.6],[-95.2,-72.6],[-94.8,-72.5],[-94.6,-72.5],[-94.5,-72.5],[-94.4,-72.6],[-95,-72.7]]],[[[-104.5,-73.2],[-104.7,-73.2],[-104.9,-73.2],[-105.1,-73.1],[-105.1,-73],[-105,-72.9],[-104.5,-73.2]]],[[[-119.5,-74.1],[-119.8,-74.1],[-119.9,-74.1],[-119.7,-74],[-119.8,-73.8],[-119.2,-73.8],[-119,-73.8],[-118.9,-73.9],[-119.1,-74],[-119.4,-74.1],[-119.5,-74.1]]],[[[-127.4,-74.6],[-127.5,-74.6],[-127.9,-74.5],[-128,-74.5],[-128.1,-74.5],[-128.1,-74.3],[-128,-74.3],[-127.9,-74.3],[-127.5,-74.4],[-127.2,-74.4],[-127.1,-74.5],[-127.2,-74.6],[-127.4,-74.6]]],[[[-162,-83.1],[-163,-83.1],[-163.6,-83],[-163.6,-82.9],[-163.8,-82.8],[-162.8,-82.9],[-161.6,-83],[-161.8,-83],[-162,-83.1]]],[[[-160.5,-81.6],[-163.3,-81.5],[-164,-81.4],[-163.9,-81.3],[-163.2,-81.3],[-162.5,-81.3],[-160.9,-81.5],[-160.5,-81.6]]],[[[164,-74.8],[163.8,-74.8],[163.7,-74.7],[164,-74.6],[164.2,-74.6],[164.1,-74.7],[164.1,-74.8],[164,-74.8]]],[[[163,-75.6],[162.8,-75.7],[162.7,-75.7],[162.6,-75.7],[162.7,-75.6],[162.9,-75.6],[163,-75.6]]],[[[169.8,-73.6],[169.7,-73.6],[169.5,-73.5],[169.7,-73.4],[169.6,-73.4],[169.7,-73.3],[169.8,-73.3],[169.9,-73.5],[170,-73.5],[169.9,-73.6],[169.8,-73.6]]],[[[164.8,-67.5],[164.7,-67.6],[164.6,-67.5],[164.7,-67.4],[164.7,-67.3],[164.8,-67.3],[164.9,-67.4],[164.9,-67.5],[164.8,-67.5]]],[[[163.3,-66.8],[163.3,-66.9],[163.2,-66.9],[163.2,-66.8],[163.1,-66.7],[163.2,-66.7],[163.3,-66.8]]],[[[162.6,-66.5],[162.5,-66.5],[162.3,-66.4],[162.3,-66.3],[162.6,-66.4],[162.6,-66.5]]],[[[96.6,-66],[96.7,-66.1],[96.9,-66.1],[97,-66.1],[97,-66.2],[96.9,-66.2],[96.4,-66.2],[96.3,-66.2],[96.4,-66.1],[96.5,-66],[96.6,-66]]],[[[100.3,-66.2],[100.1,-66.2],[100.2,-66.1],[100.3,-66.1],[100.3,-66.2]]],[[[98.8,-66.5],[98.7,-66.5],[98.6,-66.4],[98.7,-66.4],[98.9,-66.4],[98.8,-66.5]]],[[[103.4,-65.4],[103.3,-65.5],[103.2,-65.5],[103.1,-65.4],[103.1,-65.3],[102.8,-65.2],[102.8,-65.1],[102.9,-65.1],[103.1,-65.2],[103.2,-65.2],[103.2,-65.3],[103.4,-65.4]]],[[[92.6,-65.8],[92.5,-65.8],[92.3,-65.8],[92.2,-65.7],[92.3,-65.7],[92.5,-65.7],[92.6,-65.7],[92.7,-65.8],[92.6,-65.8]]],[[[85.8,-67],[85.7,-67],[85.6,-67],[85.4,-66.9],[85.3,-66.8],[85.3,-66.7],[85.6,-66.7],[85.8,-66.8],[85.9,-66.9],[85.8,-67]]],[[[86.5,-66.8],[86.4,-66.8],[86.3,-66.8],[86.2,-66.7],[86.3,-66.7],[86.4,-66.7],[86.7,-66.7],[86.5,-66.8]]],[[[85.3,-66.6],[85.2,-66.6],[85.1,-66.6],[85.1,-66.5],[85.2,-66.5],[85.2,-66.6],[85.3,-66.6]]],[[[69.9,-71.9],[69.8,-72],[69.7,-72],[69.7,-71.9],[69.8,-71.9],[69.9,-71.9]]],[[[68.5,-72.3],[68.4,-72.3],[68.6,-72.2],[68.7,-72.1],[68.8,-72.2],[68.7,-72.3],[68.5,-72.3]]],[[[72,-70.6],[71.8,-70.6],[71.7,-70.5],[71.6,-70.4],[71.6,-70.3],[71.7,-70.3],[71.8,-70.3],[71.9,-70.4],[72,-70.5],[72.1,-70.5],[72.1,-70.6],[72,-70.6]]],[[[48.5,-66.8],[48.4,-66.8],[48.3,-66.8],[48.3,-66.7],[48.4,-66.7],[48.6,-66.7],[48.8,-66.7],[48.8,-66.8],[48.5,-66.8]]],[[[16.2,-70],[16.2,-70.1],[15.6,-69.9],[15.7,-69.8],[15.9,-69.7],[16.2,-69.7],[16.6,-69.8],[16.3,-69.8],[16.2,-70]]],[[[3,-70.6],[2.7,-70.6],[2.6,-70.6],[2.6,-70.5],[3.1,-70.4],[3.2,-70.4],[3.3,-70.4],[3.2,-70.5],[3.2,-70.6],[3,-70.6]]],[[[-3,-71.2],[-3.1,-71.2],[-3.2,-71.2],[-3.3,-71.2],[-3.4,-71.1],[-3.3,-71.1],[-3.2,-71.1],[-3,-71.2]]],[[[1.3,-70.3],[1.2,-70.4],[1.1,-70.3],[1,-70.2],[0.9,-70.1],[1,-70],[1.3,-70],[1.4,-70],[1.5,-70.1],[1.3,-70.3]]],[[[-2.5,-70.8],[-2.1,-70.8],[-2.4,-71],[-2.8,-71.2],[-2.8,-71.1],[-2.8,-71],[-3,-70.9],[-3.6,-70.7],[-2.7,-70.7],[-2.5,-70.8]]],[[[4.5,-70.5],[4.4,-70.5],[4.2,-70.5],[4.1,-70.4],[4.1,-70.3],[4.3,-70.2],[4.5,-70.3],[4.6,-70.3],[4.6,-70.4],[4.5,-70.5]]],[[[-20.6,-73.9],[-20.6,-74.2],[-20.4,-74.3],[-20.4,-74.4],[-20.5,-74.5],[-20.8,-74.5],[-21,-74.2],[-21.2,-74.1],[-22,-74.1],[-21.9,-74.1],[-21.1,-73.9],[-21,-73.9],[-20.9,-73.7],[-20.7,-73.6],[-20.6,-73.6],[-20.5,-73.8],[-20.6,-73.9]]],[[[-16.1,-72.7],[-16.2,-72.7],[-16.3,-72.7],[-16.5,-72.7],[-16.5,-72.6],[-16.5,-72.5],[-16.4,-72.5],[-16.3,-72.5],[-16.2,-72.6],[-16.1,-72.7]]],[[[-12.5,-72.2],[-12.6,-72.2],[-12.7,-72.2],[-12.9,-72.1],[-13,-72.1],[-12.9,-72],[-12.8,-72],[-12.6,-72.1],[-12.5,-72.1],[-12.5,-72.2]]],[[[-32.3,-79.7],[-32.5,-79.7],[-32.6,-79.7],[-32.5,-79.6],[-32.4,-79.5],[-32.1,-79.5],[-31.9,-79.6],[-32,-79.6],[-32.3,-79.7]]],[[[-54.1,-61.3],[-54.2,-61.3],[-54.2,-61.2],[-54,-61.1],[-54,-61.3],[-54.1,-61.3]]],[[[-58.8,-62.3],[-59.1,-62.3],[-59.2,-62.3],[-59.1,-62.2],[-58.9,-62.3],[-58.8,-62.3]]],[[[-61.2,-70],[-61.3,-70],[-61.4,-69.9],[-61.3,-69.9],[-61.2,-69.9],[-61.1,-70],[-61.2,-70]]],[[[-60.7,-68.8],[-60.8,-68.8],[-61,-68.7],[-60.9,-68.7],[-60.8,-68.7],[-60.7,-68.7],[-60.7,-68.8]]],[[[-60.7,-70.7],[-60.8,-70.7],[-60.9,-70.7],[-61,-70.6],[-60.9,-70.5],[-60.6,-70.5],[-60.5,-70.5],[-60.4,-70.6],[-60.5,-70.6],[-60.7,-70.7]]],[[[-60.6,-71.1],[-60.7,-71.1],[-60.8,-71],[-60.9,-71],[-60.9,-70.9],[-60.8,-70.9],[-60.6,-70.9],[-60.5,-71],[-60.6,-71.1]]],[[[-59.4,-62.4],[-59.5,-62.5],[-59.7,-62.4],[-59.5,-62.4],[-59.4,-62.4]]],[[[-60.5,-63],[-60.6,-63],[-60.7,-63],[-60.7,-62.9],[-60.6,-62.9],[-60.5,-63]]],[[[-60.7,-63.9],[-60.8,-63.9],[-61,-63.8],[-60.8,-63.8],[-60.8,-63.7],[-60.7,-63.7],[-60.6,-63.7],[-60.7,-63.8],[-60.7,-63.9]]],[[[-62,-64.1],[-62,-64],[-61.9,-64],[-61.8,-64],[-61.9,-64.1],[-62,-64.1]]],[[[-63.3,-64.9],[-63.5,-64.9],[-63.6,-64.9],[-63.5,-64.8],[-63.4,-64.8],[-63.2,-64.7],[-63.3,-64.8],[-63.3,-64.9]]],[[[-62.6,-63.1],[-62.7,-63.1],[-62.6,-63],[-62.5,-62.9],[-62.3,-62.9],[-62.4,-63],[-62.6,-63.1]]],[[[-65.8,-65.8],[-66.1,-65.9],[-66.2,-65.9],[-66.2,-65.8],[-66,-65.7],[-66.1,-65.7],[-66,-65.6],[-65.8,-65.5],[-65.6,-65.5],[-65.7,-65.7],[-65.8,-65.7],[-65.8,-65.8]]],[[[-66.6,-66.2],[-66.8,-66.3],[-66.9,-66.3],[-66.8,-66.2],[-66.8,-66.1],[-66.6,-66.1],[-66.6,-66.2]]],[[[-67.4,-66.9],[-67.5,-66.9],[-67.6,-66.9],[-67.5,-66.8],[-67.4,-66.7],[-67.3,-66.8],[-67.4,-66.9]]],[[[-67.3,-67.8],[-67.5,-67.8],[-67.7,-67.8],[-67.7,-67.7],[-67.6,-67.6],[-67.4,-67.6],[-67.2,-67.6],[-67.1,-67.7],[-67.3,-67.7],[-67.3,-67.8]]],[[[-71.7,-70.3],[-71.6,-70.3],[-71.4,-70.3],[-71.3,-70.3],[-71.4,-70.4],[-71.6,-70.4],[-71.7,-70.4],[-71.8,-70.3],[-71.7,-70.3]]],[[[-73.9,-73.4],[-74,-73.4],[-74.1,-73.3],[-74,-73.2],[-73.8,-73.1],[-73.7,-73.1],[-73.5,-73.1],[-73.7,-73.2],[-73.7,-73.3],[-73.9,-73.4]]],[[[-93.8,-72.9],[-94,-72.9],[-94.1,-72.9],[-94,-72.8],[-93.8,-72.9]]],[[[-116.7,-74.2],[-117.2,-74.2],[-117.4,-74.1],[-116.4,-73.9],[-116.2,-73.9],[-116.6,-74.1],[-116.5,-74.1],[-116.6,-74.1],[-116.7,-74.2]]],[[[-132.4,-74.4],[-132.5,-74.5],[-132.9,-74.5],[-132.8,-74.4],[-132.6,-74.4],[-132.4,-74.4]]],[[[-131.1,-74.6],[-131.8,-74.5],[-132.2,-74.4],[-131.9,-74.3],[-131.6,-74.3],[-131.2,-74.4],[-131,-74.4],[-131,-74.5],[-131.1,-74.6]]],[[[-147.6,-76.6],[-147.6,-76.7],[-147.7,-76.7],[-148,-76.6],[-147.9,-76.6],[-147.6,-76.6]]],[[[-145.2,-75.7],[-145.3,-75.7],[-145.5,-75.7],[-146,-75.6],[-146.2,-75.6],[-146.1,-75.5],[-145.9,-75.5],[-145.8,-75.5],[-145.4,-75.6],[-145.3,-75.7],[-145.2,-75.7]]],[[[-146.6,-77],[-147,-77],[-147.1,-77],[-147,-76.9],[-147.1,-76.9],[-147.1,-76.8],[-146.9,-76.8],[-146.2,-76.9],[-146.6,-77]]],[[[-148.6,-77],[-149,-77],[-149.2,-77],[-149.3,-76.9],[-149.2,-76.9],[-148.7,-76.9],[-148.5,-77],[-148.4,-77],[-148.5,-77],[-148.6,-77]]],[[[-149.3,-76.7],[-148.7,-76.7],[-148.3,-76.8],[-149,-76.8],[-149.5,-76.8],[-149.3,-76.7]]],[[[-149.2,-77.3],[-148.9,-77.4],[-149.4,-77.4],[-149.7,-77.3],[-149.5,-77.3],[-149.4,-77.3],[-149.2,-77.3]]],[[[-150.2,-76.8],[-150.7,-76.8],[-150.8,-76.8],[-150.9,-76.7],[-150.8,-76.7],[-150.2,-76.7],[-150.1,-76.7],[-150.2,-76.8]]],[[[-146.7,-76.2],[-146.9,-76.3],[-147.3,-76.1],[-147.4,-76.1],[-146.9,-76.1],[-146.7,-76.2]]],[[[-146.8,-76.6],[-146.9,-76.7],[-147.2,-76.7],[-147.4,-76.6],[-147.3,-76.6],[-147.1,-76.5],[-146.9,-76.6],[-146.8,-76.6]]],[[[-150.4,-77.4],[-151.5,-77.3],[-151,-77.2],[-150.4,-77.3],[-150.4,-77.4]]],[[[-153.9,-80],[-154.9,-80],[-155,-79.9],[-155.8,-79.8],[-155.7,-79.8],[-154,-80],[-153.9,-80]]],[[[-149.2,-77.1],[-150.5,-77.1],[-150.8,-77],[-150.4,-76.9],[-149.9,-76.9],[-149.5,-77],[-149.4,-77.1],[-149.3,-77.1],[-149.2,-77.1]]],[[[-158,-82.1],[-158.1,-82.1],[-159,-81.8],[-157.8,-82],[-158,-82.1]]]]}},{"type":"Feature","properties":{"iso3":"SXM","iso2":"SX","name":"Sint Maarten","continent":"North America","subregion":"Caribbean"},"geometry":{"type":"Polygon","coordinates":[[[-63.1,18.1],[-63,18.1],[-63,18],[-63.1,18.1]]]}},{"type":"Feature","properties":{"iso3":"TUV","iso2":"TV","name":"Tuvalu","continent":"Oceania","subregion":"Polynesia"},"geometry":{"type":"Polygon","coordinates":[[[179.2,-8.5],[179.2,-8.5],[179.2,-8.5],[179.2,-8.5],[179.2,-8.5],[179.2,-8.5],[179.2,-8.5],[179.2,-8.5],[179.2,-8.5],[179.2,-8.5]]]}}]}